date,home_team,away_team,home_goals,away_goals,result,season,played,source,match_id,home_form_5,home_gf_5,home_ga_5,home_venue_form_5,home_rest_days,away_form_5,away_gf_5,away_ga_5,away_venue_form_5,away_rest_days,elo_home,elo_away,elo_diff,h2h_points,form_diff,rest_diff
2021-08-13,Brentford,Arsenal,2.0,0.0,H,2122,True,csv,0,,,,,,,,,,,1500.0,1500.0,0.0,,,
2021-08-14,Burnley,Brighton & Hove Albion,1.0,2.0,A,2122,True,csv,1,,,,,,,,,,,1500.0,1500.0,0.0,,,
2021-08-14,Chelsea,Crystal Palace,3.0,0.0,H,2122,True,csv,2,,,,,,,,,,,1500.0,1500.0,0.0,,,
2021-08-14,Everton,Southampton,3.0,1.0,H,2122,True,csv,3,,,,,,,,,,,1500.0,1500.0,0.0,,,
2021-08-14,Leicester City,Wolverhampton Wanderers,1.0,0.0,H,2122,True,csv,4,,,,,,,,,,,1500.0,1500.0,0.0,,,
2021-08-14,Manchester United,Leeds United,5.0,1.0,H,2122,True,csv,5,,,,,,,,,,,1500.0,1500.0,0.0,,,
2021-08-14,Norwich City,Liverpool,0.0,3.0,A,2122,True,csv,6,,,,,,,,,,,1500.0,1500.0,0.0,,,
2021-08-14,Watford,Aston Villa,3.0,2.0,H,2122,True,csv,7,,,,,,,,,,,1500.0,1500.0,0.0,,,
2021-08-15,Newcastle United,West Ham United,2.0,4.0,A,2122,True,csv,8,,,,,,,,,,,1500.0,1500.0,0.0,,,
2021-08-15,Tottenham Hotspur,Manchester City,1.0,0.0,H,2122,True,csv,9,,,,,,,,,,,1500.0,1500.0,0.0,,,
2021-08-21,Aston Villa,Newcastle United,2.0,0.0,H,2122,True,csv,10,,,,,7.0,,,,,6.0,1491.7099735734362,1488.2900264265638,3.419947146872346,,,1.0
2021-08-21,Brighton & Hove Albion,Watford,2.0,0.0,H,2122,True,csv,11,,,,,7.0,,,,,7.0,1511.7099735734362,1508.2900264265638,3.419947146872346,,,0.0
2021-08-21,Crystal Palace,Brentford,0.0,0.0,D,2122,True,csv,12,,,,,7.0,,,,,8.0,1491.7099735734362,1508.2900264265638,-16.580052853127654,,,-1.0
2021-08-21,Leeds United,Everton,2.0,2.0,D,2122,True,csv,13,,,,,7.0,,,,,7.0,1491.7099735734362,1508.2900264265638,-16.580052853127654,,,0.0
2021-08-21,Liverpool,Burnley,2.0,0.0,H,2122,True,csv,14,,,,,7.0,,,,,7.0,1511.7099735734362,1488.2900264265638,23.419947146872346,,,0.0
2021-08-21,Manchester City,Norwich City,5.0,0.0,H,2122,True,csv,15,,,,,6.0,,,,,7.0,1491.7099735734362,1488.2900264265638,3.419947146872346,,,-1.0
2021-08-22,Arsenal,Chelsea,0.0,2.0,A,2122,True,csv,16,,,,,9.0,,,,,8.0,1491.7099735734362,1508.2900264265638,-16.580052853127654,,,1.0
2021-08-22,Southampton,Manchester United,1.0,1.0,D,2122,True,csv,17,,,,,8.0,,,,,8.0,1491.7099735734362,1508.2900264265638,-16.580052853127654,,,0.0
2021-08-22,Wolverhampton Wanderers,Tottenham Hotspur,0.0,1.0,A,2122,True,csv,18,,,,,8.0,,,,,7.0,1491.7099735734362,1508.2900264265638,-16.580052853127654,,,1.0
2021-08-23,West Ham United,Leicester City,4.0,1.0,H,2122,True,csv,19,,,,,8.0,,,,,9.0,1511.7099735734362,1508.2900264265638,3.419947146872346,,,-1.0
2021-08-28,Aston Villa,Brentford,1.0,1.0,D,2122,True,csv,20,,,,,7.0,,,,,7.0,1499.904607872375,1509.5332872100776,-9.628679337702579,,,0.0
2021-08-28,Brighton & Hove Albion,Everton,0.0,2.0,A,2122,True,csv,21,,,,,7.0,,,,,7.0,1519.904607872375,1509.5332872100776,10.371320662297421,,,0.0
2021-08-28,Liverpool,Chelsea,1.0,1.0,D,2122,True,csv,22,,,,,7.0,,,,,6.0,1519.3540535333104,1519.5332872100776,-0.17923367676712587,,,1.0
2021-08-28,Manchester City,Arsenal,5.0,0.0,H,2122,True,csv,23,,,,,7.0,,,,,6.0,1499.904607872375,1480.4667127899224,19.437895082452542,,,1.0
2021-08-28,Newcastle United,Southampton,2.0,2.0,D,2122,True,csv,24,,,,,7.0,,,,,6.0,1480.095392127625,1490.4667127899224,-10.371320662297421,,,1.0
2021-08-28,Norwich City,Leicester City,1.0,2.0,A,2122,True,csv,25,,,,,7.0,,,,,5.0,1480.095392127625,1500.095392127625,-20.0,,,2.0
2021-08-28,West Ham United,Crystal Palace,2.0,2.0,D,2122,True,csv,26,,,,,5.0,,,,,7.0,1519.904607872375,1490.4667127899224,29.437895082452542,,,-2.0
2021-08-29,Burnley,Leeds United,1.0,1.0,D,2122,True,csv,27,,,,,8.0,,,,,8.0,1480.6459464666896,1490.4667127899224,-9.820766323232874,,,0.0
2021-08-29,Tottenham Hotspur,Watford,1.0,0.0,H,2122,True,csv,28,,,,,7.0,,,,,8.0,1519.5332872100776,1500.095392127625,19.437895082452542,,,-1.0
2021-08-29,Wolverhampton Wanderers,Manchester United,0.0,1.0,A,2122,True,csv,29,,,,,7.0,,,,,7.0,1480.4667127899224,1509.5332872100776,-29.06657442015512,,,0.0
2021-09-11,Arsenal,Norwich City,1.0,0.0,H,2122,True,csv,30,0.0,0.0,3.0,,14.0,0.0,0.3333333333333333,3.3333333333333335,,14.0,1472.7140932493583,1468.9491594523793,3.764933796978994,,0.0,0.0
2021-09-11,Brentford,Brighton & Hove Albion,0.0,1.0,A,2122,True,csv,31,1.6666666666666667,1.0,0.3333333333333333,,14.0,2.0,1.3333333333333333,1.0,,14.0,1510.973017100479,1507.9064090116804,3.0666080887986027,,-0.33333333333333326,0.0
2021-09-11,Chelsea,Aston Villa,3.0,0.0,H,2122,True,csv,32,2.3333333333333335,2.0,0.3333333333333333,,14.0,1.3333333333333333,1.6666666666666667,1.3333333333333333,,14.0,1521.238252424886,1498.4648779819736,22.773374442912427,,1.0000000000000002,0.0
2021-09-11,Crystal Palace,Tottenham Hotspur,3.0,0.0,H,2122,True,csv,33,0.6666666666666666,0.6666666666666666,1.6666666666666667,,14.0,3.0,1.0,0.0,,13.0,1492.985548390309,1527.2859067506417,-34.300358360332666,,-2.3333333333333335,1.0
2021-09-11,Leicester City,Manchester City,0.0,1.0,A,2122,True,csv,34,2.0,1.3333333333333333,1.6666666666666667,,14.0,2.0,3.3333333333333335,0.3333333333333333,,14.0,1511.2416248028708,1507.6572274129392,3.5843973899316097,,0.0,0.0
2021-09-11,Manchester United,Newcastle United,4.0,1.0,H,2122,True,csv,35,2.3333333333333335,2.3333333333333335,0.6666666666666666,,13.0,0.3333333333333333,1.3333333333333333,2.6666666666666665,,14.0,1520.4212776477502,1478.6766005200536,41.744677127696605,,2.0,-1.0
2021-09-11,Southampton,West Ham United,0.0,0.0,D,2122,True,csv,36,0.6666666666666666,1.3333333333333333,2.0,,14.0,2.3333333333333335,3.3333333333333335,1.6666666666666667,,14.0,1491.8855043974938,1517.3857722719883,-25.50026787449451,,-1.666666666666667,0.0
2021-09-11,Watford,Wolverhampton Wanderers,0.0,2.0,A,2122,True,csv,37,1.0,1.0,1.6666666666666667,,13.0,0.0,0.0,1.0,,13.0,1492.3427725870608,1469.5787223522498,22.764050234811066,,1.0,0.0
2021-09-12,Leeds United,Liverpool,0.0,3.0,A,2122,True,csv,38,0.6666666666666666,1.3333333333333333,2.6666666666666665,,14.0,2.3333333333333335,2.0,0.3333333333333333,,14.0,1491.9010281423004,1517.649088318502,-25.748060176201534,,-1.666666666666667,0.0
2021-09-13,Everton,Burnley,3.0,1.0,H,2122,True,csv,39,2.3333333333333335,2.3333333333333335,1.0,,14.0,0.3333333333333333,0.6666666666666666,1.6666666666666667,,14.0,1521.5314860707722,1479.2116311143116,42.31985495646063,,2.0,0.0
2021-09-17,Newcastle United,Leeds United,1.0,1.0,D,2122,True,csv,40,0.25,1.25,3.0,,6.0,0.5,1.0,2.75,,5.0,1471.524110390015,1480.918359525921,-9.394249135905966,,-0.25,1.0
2021-09-18,Aston Villa,Everton,3.0,0.0,H,2122,True,csv,41,1.0,1.25,1.75,,7.0,2.5,2.5,1.0,,5.0,1490.8032133883307,1528.6687707608912,-37.86555737256049,,-1.5,2.0
2021-09-18,Burnley,Arsenal,0.0,1.0,A,2122,True,csv,42,0.25,0.75,2.0,,5.0,0.75,0.25,2.25,,7.0,1472.0743464241925,1480.8991233963084,-8.824776972115842,,-0.5,-2.0
2021-09-18,Liverpool,Crystal Palace,3.0,0.0,H,2122,True,csv,43,2.5,2.25,0.25,,6.0,1.25,1.25,1.25,,7.0,1528.6317569348814,1502.24719937554,26.384557559341374,,1.25,-1.0
2021-09-18,Manchester City,Southampton,0.0,0.0,D,2122,True,csv,44,2.25,2.75,0.25,,7.0,0.75,1.0,1.5,,7.0,1519.4671717076446,1490.8957731111625,28.57139859648214,,1.5,0.0
2021-09-18,Norwich City,Watford,1.0,3.0,A,2122,True,csv,45,0.0,0.25,2.75,,7.0,0.75,0.75,1.75,,7.0,1460.7641293054292,1480.0046908804848,-19.240561575055608,,-0.75,0.0
2021-09-18,Wolverhampton Wanderers,Brentford,0.0,2.0,A,2122,True,csv,46,0.75,0.5,0.75,,7.0,1.25,0.75,0.5,,7.0,1481.9168040588258,1499.1774916456666,-17.26068758684073,,-0.5,0.0
2021-09-19,Brighton & Hove Albion,Leicester City,2.0,1.0,H,2122,True,csv,47,2.25,1.25,0.75,,8.0,1.5,1.0,1.5,,8.0,1519.7019344664927,1499.4316805081653,20.27025395832743,,0.75,0.0
2021-09-19,Tottenham Hotspur,Chelsea,0.0,3.0,A,2122,True,csv,48,2.25,0.75,0.75,,8.0,2.5,2.25,0.25,,8.0,1518.0242557654108,1528.8999170185289,-10.875661253118096,,-0.25,0.0
2021-09-19,West Ham United,Manchester United,1.0,2.0,A,2122,True,csv,49,2.0,2.5,1.25,,8.0,2.5,2.75,0.75,,8.0,1518.3755035583197,1527.5737677777888,-9.198264219469138,,-0.5,0.0
2021-09-25,Brentford,Liverpool,3.0,3.0,D,2122,True,csv,50,1.6,1.0,0.4,,7.0,2.6,2.4,0.2,,7.0,1510.4014603185833,1536.195408212903,-25.793947894319672,,-1.0,0.0
2021-09-25,Chelsea,Manchester City,0.0,1.0,A,2122,True,csv,51,2.6,2.4,0.2,,6.0,2.0,2.2,0.2,,7.0,1540.3044818214255,1516.9717082024931,23.33277361893238,,0.6000000000000001,-1.0
2021-09-25,Everton,Norwich City,2.0,0.0,H,2122,True,csv,52,2.0,2.0,1.4,,7.0,0.0,0.4,2.8,,7.0,1519.3049907189313,1449.5963308592168,69.70865985971454,,2.0,0.0
2021-09-25,Leeds United,West Ham United,1.0,2.0,A,2122,True,csv,53,0.6,1.0,2.4,,8.0,1.6,2.2,1.4,,6.0,1482.3646963545832,1506.9236442828835,-24.558947928300313,,-1.0,2.0
2021-09-25,Leicester City,Burnley,2.0,2.0,D,2122,True,csv,54,1.2,1.0,1.6,,6.0,0.2,0.6,1.8,,7.0,1491.701795886094,1460.611965562942,31.089830323152,,1.0,-1.0
2021-09-25,Manchester United,Aston Villa,0.0,1.0,A,2122,True,csv,55,2.6,2.6,0.8,,6.0,1.4,1.6,1.4,,7.0,1539.025627053225,1500.1669934302906,38.85863362293435,,1.2000000000000002,-1.0
2021-09-25,Watford,Newcastle United,1.0,1.0,D,2122,True,csv,56,1.2,1.2,1.6,,7.0,0.4,1.2,2.6,,8.0,1491.1724893266971,1470.0777735613528,21.09471576534429,,0.7999999999999999,-1.0
2021-09-26,Arsenal,Tottenham Hotspur,3.0,1.0,H,2122,True,csv,57,1.2,0.4,1.8,,8.0,1.8,0.6,1.2,,7.0,1492.3615042575589,1506.6196909625141,-14.258186704955278,,-0.6000000000000001,1.0
2021-09-26,Southampton,Wolverhampton Wanderers,0.0,1.0,A,2122,True,csv,58,0.8,0.8,1.2,,8.0,0.6,0.4,1.0,,8.0,1493.391236616314,1470.6928353859091,22.698401230404897,,0.20000000000000007,0.0
2021-09-27,Crystal Palace,Brighton & Hove Albion,1.0,1.0,D,2122,True,csv,59,1.0,1.0,1.6,,9.0,2.4,1.4,0.8,,8.0,1494.6835480975185,1527.431819088564,-32.7482709910455,,-1.4,1.0
2021-10-02,Brighton & Hove Albion,Arsenal,0.0,0.0,D,2122,True,csv,60,2.0,1.2,0.8,2.0,5.0,1.8,1.0,1.6,1.0,6.0,1528.2145822866191,1501.0525033625847,27.162078924034404,,0.19999999999999996,-1.0
2021-10-02,Burnley,Norwich City,0.0,0.0,D,2122,True,csv,61,0.4,0.8,1.8,0.3333333333333333,7.0,0.0,0.4,2.6,0.0,7.0,1463.1752774763247,1443.165354134442,20.009923341882768,,0.4,0.0
2021-10-02,Chelsea,Southampton,3.0,1.0,H,2122,True,csv,62,2.0,1.8,0.4,2.0,7.0,0.8,0.6,0.8,0.6666666666666666,6.0,1527.9509317155528,1481.0549412253179,46.89599049023491,,1.2,1.0
2021-10-02,Leeds United,Watford,1.0,0.0,H,2122,True,csv,63,0.6,1.0,1.8,0.3333333333333333,7.0,0.8,0.8,1.4,1.0,7.0,1471.3481443578921,1488.8798790938258,-17.531734735933696,,-0.20000000000000007,0.0
2021-10-02,Manchester United,Everton,1.0,1.0,D,2122,True,csv,64,2.0,1.6,0.8,2.0,7.0,2.0,1.8,1.2,1.3333333333333333,7.0,1526.2546280745837,1525.7359674437062,0.5186606308775481,,0.0,0.0
2021-10-02,Wolverhampton Wanderers,Newcastle United,2.0,1.0,H,2122,True,csv,65,1.2,0.6,0.8,0.0,6.0,0.6,1.0,2.0,0.3333333333333333,7.0,1483.0291307769053,1472.3703837942242,10.658746982681123,,0.6,-1.0
2021-10-03,Crystal Palace,Leicester City,2.0,2.0,D,2122,True,csv,66,1.2,1.2,1.2,1.6666666666666667,6.0,0.8,1.2,2.0,1.0,8.0,1493.9007848994634,1489.1384839727114,4.762300926752005,,0.3999999999999999,-2.0
2021-10-03,Liverpool,Manchester City,2.0,2.0,D,2122,True,csv,67,2.2,2.4,0.8,2.3333333333333335,8.0,2.6,2.4,0.0,2.0,8.0,1537.1767688113218,1529.3252583083658,7.851510502955989,,-0.3999999999999999,0.0
2021-10-03,Tottenham Hotspur,Aston Villa,2.0,1.0,H,2122,True,csv,68,1.2,0.6,1.8,2.0,7.0,2.0,1.4,0.8,1.0,8.0,1497.9286918574883,1512.937992408932,-15.00930055144363,,-0.8,-1.0
2021-10-03,West Ham United,Brentford,1.0,2.0,A,2122,True,csv,69,1.6,1.8,1.2,1.3333333333333333,8.0,1.2,1.2,1.0,1.6666666666666667,8.0,1517.9401962795746,1509.4200997201644,8.520096559410149,,0.40000000000000013,0.0
2021-10-16,Aston Villa,Wolverhampton Wanderers,2.0,3.0,A,2122,True,csv,70,1.4,1.2,1.2,2.3333333333333335,13.0,1.8,1.0,0.8,2.0,14.0,1504.2257389623617,1491.0229907522737,13.202748210087975,,-0.40000000000000013,-1.0
2021-10-16,Brentford,Chelsea,0.0,1.0,A,2122,True,csv,71,1.6,1.6,1.2,1.3333333333333333,13.0,2.0,2.0,0.6,2.3333333333333335,14.0,1521.3670894943225,1534.967759751104,-13.600670256781541,,-0.3999999999999999,-1.0
2021-10-16,Leicester City,Manchester United,4.0,2.0,H,2122,True,csv,72,1.0,1.4,1.6,1.3333333333333333,13.0,2.0,1.6,0.8,2.3333333333333335,14.0,1490.9812002004444,1524.5301664608508,-33.54896626040636,,-1.0,-1.0
2021-10-16,Manchester City,Burnley,2.0,0.0,H,2122,True,csv,73,2.2,1.8,0.4,2.3333333333333335,13.0,0.6,0.8,1.4,0.3333333333333333,14.0,1531.253727187518,1460.9122700817832,70.34145710573489,,1.6,-1.0
2021-10-16,Norwich City,Brighton & Hove Albion,0.0,0.0,D,2122,True,csv,74,0.2,0.4,1.6,0.0,14.0,1.6,0.8,0.8,2.3333333333333335,14.0,1445.4283615289835,1525.7571945704956,-80.3288330415121,,-1.4000000000000001,0.0
2021-10-16,Southampton,Leeds United,1.0,0.0,H,2122,True,csv,75,0.6,0.6,1.2,0.6666666666666666,14.0,1.0,0.8,1.4,0.6666666666666666,14.0,1474.0381131897666,1480.1318609091306,-6.093747719364046,,-0.4,0.0
2021-10-16,Watford,Liverpool,0.0,5.0,A,2122,True,csv,76,0.8,0.8,1.2,1.3333333333333333,14.0,1.8,2.4,1.2,2.3333333333333335,13.0,1480.0961625425873,1535.2482999321696,-55.15213738958232,,-1.0,1.0
2021-10-17,Everton,West Ham United,0.0,1.0,A,2122,True,csv,77,2.0,1.6,1.0,3.0,14.0,1.0,1.2,1.4,2.3333333333333335,14.0,1527.4604290574391,1505.9932065054165,21.467222552022577,,1.0,0.0
2021-10-17,Newcastle United,Tottenham Hotspur,2.0,3.0,A,2122,True,csv,78,0.6,1.2,2.0,0.6666666666666666,14.0,1.2,0.8,2.0,1.0,14.0,1464.3765238188557,1506.6409453040585,-42.264421485202774,,-0.6,0.0
2021-10-18,Arsenal,Crystal Palace,2.0,2.0,D,2122,True,csv,79,2.0,1.0,1.2,2.0,14.0,1.2,1.6,1.6,0.3333333333333333,14.0,1503.5098910787083,1492.0580686717303,11.451822406977954,,0.8,0.0
2021-10-22,Arsenal,Aston Villa,3.0,1.0,H,2122,True,csv,80,2.2,1.4,0.6,1.75,4.0,1.2,1.4,1.6,0.75,6.0,1501.481853250857,1492.1494279282745,9.332425322582594,,1.0000000000000002,-2.0
2021-10-23,Brighton & Hove Albion,Manchester City,1.0,4.0,A,2122,True,csv,81,1.8,0.8,0.4,1.75,7.0,2.2,1.2,0.4,1.75,7.0,1525.172750526558,1537.6688208912747,-12.496070364716616,,-0.40000000000000013,0.0
2021-10-23,Chelsea,Norwich City,7.0,0.0,H,2122,True,csv,82,2.4,2.0,0.4,2.25,7.0,0.4,0.2,1.2,0.25,7.0,1546.295356587761,1446.012805572921,100.28255101484001,,2.0,0.0
2021-10-23,Crystal Palace,Newcastle United,1.0,1.0,D,2122,True,csv,83,1.2,1.6,1.6,1.5,5.0,0.4,1.2,2.2,0.25,6.0,1494.0861064995815,1453.866495769544,40.21961073003763,,0.7999999999999999,-1.0
2021-10-23,Everton,Watford,2.0,5.0,A,2122,True,csv,84,1.4,1.2,1.2,2.25,6.0,0.8,0.8,2.0,0.75,7.0,1515.157663251857,1469.9566388950184,45.201024356838616,,0.5999999999999999,-1.0
2021-10-23,Leeds United,Wolverhampton Wanderers,1.0,1.0,D,2122,True,csv,85,0.8,0.6,1.4,1.0,7.0,2.4,1.6,1.0,2.25,7.0,1471.6710761859638,1503.099301786361,-31.428225600397127,,-1.5999999999999999,0.0
2021-10-23,Southampton,Burnley,2.0,2.0,D,2122,True,csv,86,1.0,0.4,0.8,1.25,7.0,0.4,0.6,1.6,0.25,7.0,1482.4988979129334,1454.4971763780266,28.001721534906892,,0.6,0.0
2021-10-24,Brentford,Leicester City,1.0,2.0,A,2122,True,csv,87,1.4,1.4,1.2,1.0,8.0,1.0,1.8,1.8,1.0,8.0,1510.0394926576655,1500.221345750637,9.81814690702845,,0.3999999999999999,0.0
2021-10-24,Manchester United,Liverpool,0.0,5.0,A,2122,True,csv,88,1.4,1.8,1.6,1.75,8.0,2.2,3.2,1.0,2.5,8.0,1515.290020910658,1545.3878235797386,-30.097802669080465,,-0.8000000000000003,0.0
2021-10-24,West Ham United,Tottenham Hotspur,1.0,0.0,H,2122,True,csv,89,1.4,1.0,1.0,1.0,7.0,1.2,1.2,2.4,1.5,7.0,1518.2959723109986,1517.1509733533703,1.1449989576283315,,0.19999999999999996,0.0
2021-10-30,Burnley,Brentford,3.0,1.0,H,2122,True,csv,90,0.6,0.8,1.4,0.5,7.0,1.4,1.6,1.4,2.0,6.0,1456.9772580524857,1498.0565845510152,-41.079326498529554,,-0.7999999999999999,1.0
2021-10-30,Leicester City,Arsenal,0.0,2.0,A,2122,True,csv,91,1.6,2.2,1.8,1.75,6.0,2.2,1.8,0.8,1.0,8.0,1512.2042538572873,1509.5123793600449,2.691874497242452,,-0.6000000000000001,-2.0
2021-10-30,Liverpool,Brighton & Hove Albion,2.0,2.0,D,2122,True,csv,92,2.2,3.6,1.0,2.0,6.0,1.2,0.8,1.2,2.0,7.0,1556.2463592494921,1513.8139343864568,42.432424863035294,,1.0000000000000002,-1.0
2021-10-30,Manchester City,Crystal Palace,0.0,2.0,A,2122,True,csv,93,2.2,1.8,0.6,2.5,7.0,0.8,1.2,1.8,0.5,7.0,1549.027637031376,1491.278982649812,57.74865438156394,,1.4000000000000001,0.0
2021-10-30,Newcastle United,Chelsea,0.0,3.0,A,2122,True,csv,94,0.6,1.2,1.6,0.5,7.0,2.4,2.8,0.4,2.5,7.0,1456.6736196193135,1551.9836786466187,-95.31005902730521,,-1.7999999999999998,0.0
2021-10-30,Tottenham Hotspur,Manchester United,0.0,3.0,A,2122,True,csv,95,1.2,1.2,2.0,2.25,6.0,0.8,1.0,2.4,1.75,6.0,1508.8929208833808,1504.4314852409045,4.461435642476317,,0.3999999999999999,0.0
2021-10-30,Watford,Southampton,0.0,1.0,A,2122,True,csv,96,1.4,1.8,2.0,1.0,7.0,1.0,0.8,1.2,0.5,7.0,1482.8953029263855,1480.0188162384743,2.8764866879112105,,0.3999999999999999,0.0
2021-10-31,Aston Villa,West Ham United,1.0,4.0,A,2122,True,csv,97,1.2,1.6,1.6,1.75,9.0,1.8,1.2,1.0,2.5,7.0,1484.1189018190867,1526.5540247809881,-42.43512296190147,,-0.6000000000000001,2.0
2021-10-31,Norwich City,Leeds United,1.0,2.0,A,2122,True,csv,98,0.4,0.2,2.4,0.25,8.0,1.0,0.8,1.0,0.5,8.0,1440.3244835140633,1470.8505632318715,-30.526079717808216,,-0.6,0.0
2021-11-01,Wolverhampton Wanderers,Everton,2.0,1.0,H,2122,True,csv,99,2.0,1.4,1.2,0.75,9.0,0.8,1.0,2.0,1.25,9.0,1503.9198147404531,1502.2189992204899,1.700815519963271,,1.2,0.0
2021-11-05,Southampton,Aston Villa,1.0,0.0,H,2122,True,csv,100,1.4,1.0,1.2,1.2,6.0,0.6,1.2,2.4,0.6,5.0,1491.8090454564062,1473.61377429503,18.19527116137624,,0.7999999999999999,1.0
2021-11-06,Brentford,Norwich City,1.0,2.0,A,2122,True,csv,101,0.8,1.4,2.0,0.8,7.0,0.4,0.2,2.2,0.2,6.0,1488.6006275971795,1429.4781850786887,59.12244251849074,,0.4,1.0
2021-11-06,Brighton & Hove Albion,Newcastle United,1.0,1.0,D,2122,True,csv,102,0.8,0.8,1.4,1.4,7.0,0.4,1.0,2.0,0.4,7.0,1516.6796239183927,1447.6864401515472,68.9931837668455,,0.4,0.0
2021-11-06,Chelsea,Burnley,1.0,1.0,D,2122,True,csv,103,2.4,2.8,0.4,2.4,7.0,1.2,1.4,1.4,0.4,7.0,1560.970858114385,1466.4332150063215,94.53764310806355,,1.2,0.0
2021-11-06,Crystal Palace,Wolverhampton Wanderers,2.0,0.0,H,2122,True,csv,104,1.4,1.6,1.2,1.4,7.0,2.6,1.8,1.0,2.0,5.0,1504.5440030327575,1512.162359289444,-7.6183562566866385,,-1.2000000000000002,2.0
2021-11-06,Manchester United,Manchester City,0.0,2.0,A,2122,True,csv,105,0.8,1.2,2.2,1.4,7.0,2.0,1.8,1.0,2.0,7.0,1516.2658345822385,1535.7626166484304,-19.496782066191827,,-1.2,0.0
2021-11-07,Arsenal,Watford,1.0,0.0,H,2122,True,csv,106,2.2,2.0,0.8,2.0,8.0,0.8,1.2,2.0,1.2,8.0,1521.2974648187565,1471.1050737084536,50.19239111030288,,1.4000000000000001,0.0
2021-11-07,Everton,Tottenham Hotspur,0.0,0.0,D,2122,True,csv,107,0.8,1.2,1.8,1.8,6.0,1.2,1.2,2.0,1.2,8.0,1493.976454671499,1497.0585715420468,-3.0821168705479067,,-0.3999999999999999,-2.0
2021-11-07,Leeds United,Leicester City,1.0,1.0,D,2122,True,csv,108,1.4,1.0,1.0,1.0,7.0,1.6,2.0,1.8,1.4,8.0,1481.6968616672461,1500.4191683985757,-18.72230673132958,,-0.20000000000000018,-1.0
2021-11-07,West Ham United,Liverpool,3.0,2.0,H,2122,True,csv,109,2.4,1.8,0.8,1.4,7.0,1.8,3.4,1.4,2.6,8.0,1537.0591523050448,1553.3806697175562,-16.32151741251141,,0.5999999999999999,-1.0
2021-11-20,Aston Villa,Brighton & Hove Albion,2.0,0.0,H,2122,True,csv,110,0.0,1.0,2.6,1.4,14.0,0.8,0.8,1.4,1.8,14.0,1465.827168409571,1513.1285837635046,-47.301415353933635,,-0.8,0.0
2021-11-20,Burnley,Crystal Palace,3.0,3.0,D,2122,True,csv,111,1.2,1.2,1.2,1.0,14.0,1.8,1.8,1.0,1.0,14.0,1470.609326877318,1513.0476585587962,-42.4383316814783,,-0.6000000000000001,0.0
2021-11-20,Leicester City,Chelsea,0.0,3.0,A,2122,True,csv,112,1.6,1.8,1.6,1.4,13.0,2.6,3.0,0.4,2.6,14.0,1501.601677419581,1556.7947462433885,-55.19306882380761,,-1.0,-1.0
2021-11-20,Liverpool,Arsenal,4.0,0.0,H,2122,True,csv,113,1.6,3.2,1.4,1.8,13.0,2.2,1.6,0.6,1.4,13.0,1544.6312560509684,1528.228104843562,16.40315120740638,,-0.6000000000000001,0.0
2021-11-20,Newcastle United,Brentford,3.0,3.0,D,2122,True,csv,114,0.4,1.0,2.0,0.4,14.0,0.6,1.0,1.8,1.6,14.0,1451.2374803064354,1475.3003273348854,-24.06284702845005,,-0.19999999999999996,0.0
2021-11-20,Norwich City,Southampton,2.0,1.0,H,2122,True,csv,115,1.0,0.6,2.0,0.2,14.0,2.0,1.2,1.0,1.0,14.0,1442.7784853409828,1499.5956513418653,-56.81716600088248,,-1.0,0.0
2021-11-20,Watford,Manchester United,4.0,1.0,H,2122,True,csv,116,0.6,1.0,2.0,0.8,13.0,0.8,1.2,2.4,2.0,14.0,1464.174433683648,1505.1053108081526,-40.930877124504605,,-0.20000000000000007,-1.0
2021-11-20,Wolverhampton Wanderers,West Ham United,1.0,0.0,H,2122,True,csv,117,2.0,1.6,1.4,1.2,14.0,2.4,2.0,1.0,2.6,13.0,1503.6587037634054,1545.8085659716326,-42.149862208227205,,-0.3999999999999999,1.0
2021-11-21,Manchester City,Everton,3.0,0.0,H,2122,True,csv,118,2.0,2.0,1.0,2.0,14.0,0.4,0.8,1.8,1.0,14.0,1546.9231404225163,1492.3527262153984,54.57041420711789,,1.6,0.0
2021-11-21,Tottenham Hotspur,Leeds United,2.0,1.0,H,2122,True,csv,119,1.4,1.0,1.4,1.8,14.0,1.6,1.0,0.8,1.0,14.0,1498.6822999981473,1480.514352646241,18.167947351906378,,-0.20000000000000018,0.0
2021-11-27,Arsenal,Newcastle United,2.0,0.0,H,2122,True,csv,120,2.0,1.6,1.4,2.6,7.0,0.6,1.4,2.2,0.6,7.0,1520.3923889955367,1450.2067989938819,70.18559000165487,,1.4,0.0
2021-11-27,Brighton & Hove Albion,Leeds United,0.0,0.0,D,2122,True,csv,121,0.6,0.8,1.8,1.0,7.0,1.0,1.0,1.2,1.0,6.0,1503.4939157464717,1472.726998834018,30.766916912453553,,-0.4,1.0
2021-11-27,Crystal Palace,Aston Villa,1.0,2.0,A,2122,True,csv,122,1.8,2.0,1.2,1.8,7.0,0.6,1.2,2.2,0.6,7.0,1513.5526939640822,1475.461836426604,38.090857537478314,,1.2000000000000002,0.0
2021-11-27,Liverpool,Southampton,4.0,0.0,H,2122,True,csv,123,2.0,3.6,1.0,1.8,7.0,2.0,1.2,0.8,1.0,7.0,1552.4669718989937,1489.6872581057492,62.77971379324458,,0.0,0.0
2021-11-27,Norwich City,Wolverhampton Wanderers,0.0,0.0,D,2122,True,csv,124,1.4,1.0,2.2,0.8,7.0,2.0,1.4,1.2,2.0,7.0,1452.686878577099,1513.1453870656467,-60.45850848854775,,-0.6000000000000001,0.0
2021-11-28,Brentford,Everton,1.0,0.0,H,2122,True,csv,125,0.2,1.2,2.2,0.2,8.0,0.2,0.6,2.2,0.8,7.0,1476.331008647439,1485.535778748988,-9.204770101549002,,0.0,1.0
2021-11-28,Chelsea,Manchester United,1.0,1.0,D,2122,True,csv,126,2.6,3.0,0.2,2.0,8.0,0.6,1.2,3.0,1.8,8.0,1566.9330920169875,1495.6536138249717,71.27947819201586,,2.0,0.0
2021-11-28,Leicester City,Watford,4.0,2.0,H,2122,True,csv,127,1.4,1.4,1.8,0.8,8.0,1.2,1.8,2.0,1.2,8.0,1491.463331645982,1473.6261306668289,17.837200979153067,,0.19999999999999996,0.0
2021-11-28,Manchester City,West Ham United,2.0,1.0,H,2122,True,csv,128,2.4,2.2,0.6,2.0,7.0,2.4,1.8,0.8,2.0,8.0,1553.7400878889268,1536.3218826693912,17.418205219535594,,0.0,-1.0
2021-11-30,Leeds United,Crystal Palace,1.0,0.0,H,2122,True,csv,129,1.2,1.0,1.0,1.0,3.0,1.6,1.8,1.2,1.2,3.0,1475.2816251669874,1500.8021090155542,-25.520483848566755,,-0.40000000000000013,0.0
2021-11-30,Newcastle United,Norwich City,1.0,1.0,D,2122,True,csv,130,0.6,1.0,2.0,0.6,3.0,1.4,1.0,2.2,0.8,3.0,1443.7877949940466,1452.700075504572,-8.912280510525306,,-0.7999999999999999,0.0
2021-12-01,Aston Villa,Manchester City,1.0,2.0,A,2122,True,csv,131,1.2,1.2,1.8,1.4,4.0,2.4,2.2,0.8,2.6,3.0,1488.212421375132,1561.5479743055832,-73.33555293045129,,-1.2,1.0
2021-12-01,Everton,Liverpool,1.0,4.0,A,2122,True,csv,132,0.2,0.6,2.2,1.4,3.0,2.0,3.4,1.0,2.0,4.0,1476.9874547167126,1559.0732004988527,-82.08574578214007,,-1.8,-1.0
2021-12-01,Southampton,Leicester City,2.0,2.0,D,2122,True,csv,133,1.4,1.0,1.6,1.6,4.0,1.4,1.4,1.8,1.6,3.0,1483.0810295058902,1499.2597409456037,-16.178711439713425,,0.0,1.0
2021-12-01,Watford,Chelsea,1.0,2.0,A,2122,True,csv,134,1.2,2.2,1.8,0.8,3.0,2.2,3.0,0.4,2.6,3.0,1465.8297213672072,1563.3246798272583,-97.49495846005107,,-1.0000000000000002,0.0
2021-12-01,West Ham United,Brighton & Hove Albion,1.0,1.0,D,2122,True,csv,135,1.8,1.8,1.2,1.4,3.0,0.6,0.8,1.8,1.2,4.0,1528.5139962527348,1500.9392894135024,27.574706839232476,,1.2000000000000002,-1.0
2021-12-01,Wolverhampton Wanderers,Burnley,0.0,0.0,D,2122,True,csv,136,1.6,0.8,0.8,1.8,4.0,1.2,1.8,1.8,0.6,11.0,1513.1321901381737,1470.104291472032,43.02789866614171,,0.40000000000000013,-7.0
2021-12-02,Manchester United,Arsenal,3.0,2.0,H,2122,True,csv,137,0.8,1.0,2.4,0.8,4.0,2.4,1.6,1.0,1.4,5.0,1499.262026014701,1526.811392995372,-27.54936698067104,,-1.5999999999999999,-1.0
2021-12-02,Tottenham Hotspur,Brentford,2.0,0.0,H,2122,True,csv,138,1.4,1.0,1.4,1.8,11.0,0.8,1.4,2.0,1.6,4.0,1506.4696538103701,1484.8793326797143,21.590321130655866,,0.5999999999999999,7.0
2021-12-04,Newcastle United,Burnley,1.0,0.0,H,2122,True,csv,139,0.6,1.0,2.0,0.6,4.0,1.4,1.8,1.4,0.8,3.0,1442.3278789170745,1472.9857048852334,-30.65782596815893,,-0.7999999999999999,1.0
2021-12-04,Southampton,Brighton & Hove Albion,1.0,1.0,D,2122,True,csv,140,1.4,1.0,1.6,1.6,3.0,0.8,0.8,1.2,0.8,3.0,1481.8263973778562,1503.4078330688283,-21.581435690972057,,0.5999999999999999,0.0
2021-12-04,Watford,Manchester City,1.0,3.0,A,2122,True,csv,141,0.6,1.4,1.8,0.8,3.0,2.4,1.8,0.8,2.6,3.0,1456.904742830101,1571.1643346175351,-114.25959178743415,,-1.7999999999999998,0.0
2021-12-04,West Ham United,Chelsea,3.0,2.0,H,2122,True,csv,142,1.4,1.8,1.4,1.4,3.0,2.2,2.0,0.6,3.0,3.0,1526.045452597409,1572.2496583643644,-46.20420576695551,,-0.8000000000000003,0.0
2021-12-04,Wolverhampton Wanderers,Liverpool,0.0,1.0,A,2122,True,csv,143,1.6,0.6,0.6,2.0,3.0,2.0,3.2,1.2,2.0,3.0,1510.2507767249722,1568.4383764877573,-58.18759976278511,,-0.3999999999999999,0.0
2021-12-05,Aston Villa,Leicester City,2.0,1.0,H,2122,True,csv,144,1.2,1.2,1.6,1.2,4.0,1.0,1.4,2.0,1.2,4.0,1478.59606106318,1500.5143730736377,-21.918312010457612,,0.19999999999999996,0.0
2021-12-05,Leeds United,Brentford,2.0,2.0,D,2122,True,csv,145,1.6,1.0,0.8,1.6,5.0,0.8,1.2,2.0,1.4,3.0,1484.2924700467413,1477.185453394317,7.107016652424363,,0.8,2.0
2021-12-05,Manchester United,Crystal Palace,1.0,0.0,H,2122,True,csv,146,1.4,1.6,1.8,0.8,3.0,1.4,1.6,1.2,1.0,5.0,1508.3307282451822,1491.7912641358002,16.539464109381925,,0.0,-2.0
2021-12-05,Tottenham Hotspur,Norwich City,3.0,0.0,H,2122,True,csv,147,1.4,0.8,1.0,1.8,3.0,1.6,1.2,1.0,1.0,5.0,1514.1635330957674,1454.159991581544,60.00354151422334,,-0.20000000000000018,-2.0
2021-12-06,Everton,Arsenal,2.0,1.0,H,2122,True,csv,148,0.2,0.4,2.0,0.8,5.0,1.8,1.4,1.4,1.4,4.0,1467.622278727808,1517.7426907648908,-50.120412037082815,,-1.6,1.0
2021-12-10,Brentford,Watford,2.0,1.0,H,2122,True,csv,149,1.0,1.4,1.8,0.8,5.0,0.6,1.6,2.2,1.2,6.0,1479.0932824355398,1448.4538855337296,30.639396901810187,,0.4,-1.0
2021-12-11,Arsenal,Southampton,3.0,0.0,H,2122,True,csv,150,1.2,1.2,1.8,2.6,5.0,1.0,1.0,1.8,0.8,7.0,1508.026971546302,1480.7251071886242,27.301864357677914,,0.19999999999999996,-2.0
2021-12-11,Chelsea,Leeds United,3.0,2.0,H,2122,True,csv,151,1.6,1.8,1.2,1.6,7.0,1.2,1.0,1.0,1.0,6.0,1562.6465246854536,1482.3846410055185,80.26188367993518,,0.40000000000000013,1.0
2021-12-11,Liverpool,Aston Villa,1.0,0.0,H,2122,True,csv,152,2.4,3.0,0.8,2.2,7.0,1.8,1.4,1.0,1.2,6.0,1578.4905410867007,1487.5043503758136,90.98619071088706,,0.5999999999999999,1.0
2021-12-11,Manchester City,Wolverhampton Wanderers,1.0,0.0,H,2122,True,csv,153,3.0,2.4,0.6,2.0,7.0,1.0,0.2,0.6,1.6,7.0,1579.6151919139065,1500.1986121260288,79.41657978787771,,2.0,0.0
2021-12-11,Norwich City,Manchester United,0.0,1.0,A,2122,True,csv,154,1.6,1.0,1.2,1.0,6.0,1.4,1.2,1.8,1.4,6.0,1447.4828707515312,1516.1627047872441,-68.67983403571293,,0.20000000000000018,0.0
2021-12-12,Burnley,West Ham United,0.0,0.0,D,2122,True,csv,155,1.2,1.4,1.2,1.2,8.0,1.4,1.6,1.6,1.8,8.0,1463.8282383968947,1535.6485862763197,-71.82034787942507,,-0.19999999999999996,0.0
2021-12-12,Crystal Palace,Everton,3.0,1.0,H,2122,True,csv,156,0.8,1.2,1.4,1.2,7.0,0.8,0.6,1.8,0.2,6.0,1483.9592875937383,1477.3379979463966,6.621289647341655,,0.0,1.0
2021-12-12,Leicester City,Newcastle United,4.0,0.0,H,2122,True,csv,157,1.0,1.6,2.0,1.4,7.0,1.2,1.2,1.4,0.6,8.0,1491.6060837610041,1451.4853454054132,40.1207383555909,,-0.19999999999999996,-1.0
2021-12-14,Manchester City,Leeds United,7.0,0.0,H,2122,True,csv,158,3.0,2.2,0.6,2.4,3.0,1.0,1.2,1.4,0.8,3.0,1585.8048138031277,1476.215797175227,109.58901662790072,,2.0,0.0
2021-12-14,Norwich City,Aston Villa,0.0,2.0,A,2122,True,csv,159,1.0,0.6,1.2,1.0,3.0,1.8,1.4,1.0,0.6,3.0,1437.7326444957819,1481.5957113034701,-43.863066807688256,,-0.8,0.0
2021-12-15,Arsenal,West Ham United,2.0,0.0,H,2122,True,csv,160,1.2,1.6,1.8,2.6,4.0,1.0,1.0,1.2,1.4,3.0,1515.565803816029,1535.308500519609,-19.742696703579895,,0.19999999999999996,1.0
2021-12-15,Brighton & Hove Albion,Wolverhampton Wanderers,0.0,1.0,A,2122,True,csv,161,0.8,0.6,1.0,1.2,11.0,1.0,0.2,0.4,1.0,4.0,1504.5091232580603,1494.0089902368077,10.500133021252623,,-0.19999999999999996,7.0
2021-12-15,Crystal Palace,Southampton,2.0,2.0,D,2122,True,csv,162,0.8,1.4,1.6,1.6,3.0,0.4,0.8,2.4,0.6,4.0,1492.0649336265385,1473.1862749188972,18.878658707641307,,0.4,-1.0
2021-12-16,Chelsea,Everton,1.0,1.0,D,2122,True,csv,163,2.0,2.2,1.4,2.2,5.0,0.6,0.8,2.4,0.2,4.0,1568.8153685157451,1469.2323519135964,99.58301660214875,,1.4,1.0
2021-12-16,Liverpool,Newcastle United,3.0,1.0,H,2122,True,csv,164,3.0,2.8,0.2,2.2,5.0,1.0,1.0,2.0,0.4,4.0,1584.3991801590441,1444.2898475156635,140.10933264338064,,2.0,1.0
2021-12-18,Leeds United,Arsenal,1.0,4.0,A,2122,True,csv,165,1.0,1.0,2.4,1.8,4.0,1.8,2.0,1.0,0.8,3.0,1470.7429990366588,1524.4122632791286,-53.66926424246981,,-0.8,1.0
2021-12-19,Newcastle United,Manchester City,0.0,4.0,A,2122,True,csv,166,0.8,0.6,2.0,1.0,3.0,3.0,3.0,0.6,2.6,5.0,1439.4870832678346,1591.2776119416958,-151.79052867386122,,-2.2,-2.0
2021-12-19,Tottenham Hotspur,Liverpool,2.0,2.0,D,2122,True,csv,167,2.0,1.4,0.8,2.4,14.0,3.0,2.6,0.4,2.4,3.0,1520.8406539257803,1589.201944406873,-68.36129048109274,,-1.0,11.0
2021-12-19,Wolverhampton Wanderers,Chelsea,0.0,0.0,D,2122,True,csv,168,1.0,0.2,0.4,2.0,4.0,1.6,1.8,1.6,2.4,3.0,1506.0107483176598,1564.52009594781,-58.50934763015016,,-0.6000000000000001,1.0
2021-12-26,Aston Villa,Chelsea,1.0,3.0,A,2122,True,csv,169,1.8,1.4,1.0,1.2,12.0,1.6,1.6,1.4,2.0,7.0,1492.0598358853308,1564.5630001086224,-72.5031642232916,0.0,0.19999999999999996,5.0
2021-12-26,Brighton & Hove Albion,Brentford,2.0,0.0,H,2122,True,csv,170,0.6,0.4,1.0,0.6,11.0,1.6,1.6,1.6,1.0,14.0,1492.5073651772082,1486.5420872156808,5.965277961527363,3.0,-1.0,-3.0
2021-12-26,Manchester City,Leicester City,6.0,3.0,H,2122,True,csv,171,3.0,3.4,0.4,2.4,7.0,1.4,2.2,1.8,1.2,14.0,1598.6954672037107,1498.8015816507539,99.89388555295682,3.0,1.6,-7.0
2021-12-26,Norwich City,Arsenal,0.0,5.0,A,2122,True,csv,172,0.4,0.2,1.4,0.8,12.0,1.8,2.4,1.2,1.2,8.0,1427.2685199139212,1534.5944563381565,-107.32593642423535,0.0,-1.4,4.0
2021-12-26,Tottenham Hotspur,Crystal Palace,3.0,0.0,H,2122,True,csv,173,2.2,1.8,0.6,2.0,7.0,0.8,1.2,1.4,1.0,11.0,1521.0812647621563,1489.8328418315712,31.248422930585093,0.0,1.4000000000000001,-4.0
2021-12-26,West Ham United,Southampton,2.0,3.0,A,2122,True,csv,174,1.0,1.0,1.4,2.0,11.0,0.6,1.0,2.4,0.8,11.0,1526.4620410565094,1475.4183667138645,51.04367434264486,1.0,0.4,0.0
2021-12-27,Newcastle United,Manchester United,1.0,1.0,D,2122,True,csv,175,0.8,0.6,2.4,1.0,8.0,2.0,1.4,1.4,1.4,14.0,1432.0692280058197,1525.9129310429935,-93.84370303717378,0.0,-1.2,-6.0
2021-12-28,Crystal Palace,Norwich City,3.0,0.0,H,2122,True,csv,176,0.8,1.0,1.6,1.6,2.0,0.2,0.2,2.4,1.0,2.0,1482.4004179836552,1418.6223072391178,63.778110744537344,,0.6000000000000001,0.0
2021-12-28,Leicester City,Liverpool,1.0,0.0,H,2122,True,csv,177,1.4,2.8,2.4,1.8,2.0,2.6,2.2,0.8,2.0,9.0,1493.1041481790098,1588.9613335704971,-95.85718539148729,,-1.2000000000000002,-7.0
2021-12-28,Southampton,Tottenham Hotspur,1.0,1.0,D,2122,True,csv,178,1.2,1.6,2.0,1.8,2.0,2.6,2.4,0.6,0.8,2.0,1488.5099035506412,1528.5136886100722,-40.00378505943104,,-1.4000000000000001,0.0
2021-12-28,Watford,West Ham United,1.0,4.0,A,2122,True,csv,179,0.6,1.8,2.4,0.6,14.0,1.0,1.2,1.6,0.8,2.0,1441.0050807535886,1513.3705042197328,-72.3654234661442,,-0.4,12.0
2021-12-29,Brentford,Manchester City,0.0,1.0,A,2122,True,csv,180,1.4,1.0,1.4,1.2,3.0,3.0,4.2,0.8,3.0,3.0,1478.4182307352264,1604.3929006754547,-125.9746699402283,,-1.6,0.0
2021-12-29,Chelsea,Brighton & Hove Albion,1.0,1.0,D,2122,True,csv,181,1.6,1.8,1.4,1.8,3.0,1.2,0.8,0.6,0.8,3.0,1574.2032853853145,1500.6312216576625,73.572063727652,,0.40000000000000013,0.0
2021-12-30,Manchester United,Burnley,3.0,1.0,H,2122,True,csv,182,2.2,1.4,0.8,1.4,3.0,0.8,0.8,1.0,0.6,14.0,1524.941900301838,1464.1683241536055,60.77357614823245,,1.4000000000000001,-11.0
2022-01-01,Arsenal,Manchester City,1.0,2.0,A,2122,True,csv,183,2.4,3.0,0.6,3.0,6.0,3.0,3.8,0.6,3.0,3.0,1543.2406690129599,1612.5164963494892,-69.27582733652935,0.0,-0.6000000000000001,3.0
2022-01-01,Crystal Palace,West Ham United,2.0,3.0,A,2122,True,csv,184,1.4,1.6,1.4,2.0,4.0,1.4,1.8,1.6,0.8,4.0,1488.9812449937,1523.0147489205094,-34.03350392680932,1.0,0.0,0.0
2022-01-01,Watford,Tottenham Hotspur,0.0,1.0,A,2122,True,csv,185,0.0,1.2,3.0,0.6,4.0,2.2,2.2,0.6,1.0,4.0,1431.360836052812,1529.088591305288,-97.72775525247607,0.0,-2.2,0.0
2022-01-02,Brentford,Aston Villa,2.0,1.0,H,2122,True,csv,186,0.8,0.8,1.6,1.2,4.0,1.2,1.2,1.4,1.2,7.0,1470.294635061192,1482.4195506086387,-12.12491554744679,1.0,-0.3999999999999999,-3.0
2022-01-02,Chelsea,Liverpool,2.0,2.0,D,2122,True,csv,187,1.8,1.6,1.0,1.4,4.0,2.0,1.4,0.8,1.4,5.0,1570.5376162295622,1577.9329295133582,-7.395313283795986,1.0,-0.19999999999999996,-1.0
2022-01-02,Everton,Brighton & Hove Albion,2.0,3.0,A,2122,True,csv,188,0.8,1.0,2.0,0.8,14.0,1.2,1.0,0.8,0.8,4.0,1473.5276244815316,1504.2968908134148,-30.769266331883273,3.0,-0.3999999999999999,10.0
2022-01-02,Leeds United,Burnley,3.0,1.0,H,2122,True,csv,189,0.8,1.2,3.2,1.2,14.0,0.6,0.8,1.4,0.6,3.0,1460.560805977631,1457.5109049849898,3.049900992641142,1.0,0.20000000000000007,11.0
2022-01-03,Manchester United,Wolverhampton Wanderers,0.0,1.0,A,2122,True,csv,190,2.6,1.8,0.8,1.8,4.0,1.0,0.2,0.4,1.0,14.0,1531.5993194704536,1505.9678441568474,25.631475313606188,3.0,1.6,-10.0
2022-01-11,Southampton,Brentford,4.0,1.0,H,2122,True,csv,191,1.2,1.4,1.8,1.4,14.0,1.4,1.2,1.4,0.4,9.0,1487.9350008554254,1478.9253349958096,9.00966585961578,,-0.19999999999999996,5.0
2022-01-12,West Ham United,Norwich City,2.0,0.0,H,2122,True,csv,192,1.4,1.8,1.6,2.0,11.0,0.0,0.0,2.8,0.8,14.0,1533.760736316627,1412.041480229073,121.71925608755396,,1.4,-3.0
2022-01-14,Brighton & Hove Albion,Crystal Palace,1.0,1.0,D,2122,True,csv,193,1.6,1.4,1.0,1.0,12.0,1.4,2.0,1.8,0.8,13.0,1515.1362394965424,1478.2352575975826,36.9009818989598,1.0,0.20000000000000018,-1.0
2022-01-15,Aston Villa,Manchester United,2.0,2.0,D,2122,True,csv,194,1.2,1.2,1.4,1.2,13.0,2.0,1.2,0.6,1.6,12.0,1473.788850674021,1519.18337032848,-45.39451965445892,3.0,-0.8,1.0
2022-01-15,Manchester City,Chelsea,1.0,0.0,H,2122,True,csv,195,3.0,4.0,0.8,3.0,14.0,1.4,1.4,1.0,2.0,13.0,1622.249579992321,1569.034996406397,53.21458358592395,3.0,1.6,1.0
2022-01-15,Newcastle United,Watford,1.0,1.0,D,2122,True,csv,196,0.8,0.6,2.4,1.2,14.0,0.0,0.8,2.4,0.6,14.0,1433.0402587469753,1422.4424800330473,10.597778713927937,1.0,0.8,0.0
2022-01-15,Norwich City,Everton,2.0,1.0,H,2122,True,csv,197,0.0,0.0,2.6,0.8,3.0,0.8,1.4,2.4,0.2,13.0,1406.8418325836903,1462.688275798404,-55.846443214713645,0.0,-0.8,-10.0
2022-01-15,Wolverhampton Wanderers,Southampton,3.0,1.0,H,2122,True,csv,198,1.4,0.4,0.4,1.6,12.0,1.6,2.0,1.8,0.8,4.0,1518.383793298821,1495.974458026251,22.409335272569933,3.0,-0.20000000000000018,8.0
2022-01-16,Liverpool,Brentford,3.0,0.0,H,2122,True,csv,199,1.6,1.6,1.2,2.6,14.0,1.2,1.0,1.8,0.4,5.0,1579.4355493365233,1470.885877824984,108.54967151153937,1.0,0.40000000000000013,9.0
2022-01-16,West Ham United,Leeds United,2.0,3.0,A,2122,True,csv,200,1.8,2.2,1.6,2.0,4.0,0.8,1.6,3.4,0.8,14.0,1538.9603839620095,1468.7657458929305,70.19463806907902,3.0,1.0,-10.0
2022-01-18,Brighton & Hove Albion,Chelsea,1.0,1.0,D,2122,True,csv,201,1.6,1.4,1.0,1.2,4.0,1.2,1.2,1.0,1.4,3.0,1512.417340586752,1562.1829353965607,-49.76559480980859,1.0,0.40000000000000013,1.0
2022-01-19,Brentford,Manchester United,1.0,3.0,A,2122,True,csv,202,0.6,0.6,2.2,1.8,3.0,1.6,1.4,1.0,1.2,4.0,1465.3892639426288,1519.603502389822,-54.21423844719334,,-1.0,-1.0
2022-01-19,Leicester City,Tottenham Hotspur,2.0,3.0,A,2122,True,csv,203,1.4,2.2,2.0,1.8,14.0,2.2,2.0,0.6,1.6,14.0,1504.1325522361487,1538.0069473250526,-33.87439508890384,,-0.8000000000000003,0.0
2022-01-21,Watford,Norwich City,0.0,3.0,A,2122,True,csv,204,0.2,0.8,2.2,0.6,6.0,0.6,0.4,2.6,0.8,6.0,1424.446935814527,1416.722289304452,7.72464651007499,3.0,-0.39999999999999997,0.0
2022-01-22,Brentford,Wolverhampton Wanderers,1.0,2.0,A,2122,True,csv,205,0.6,0.8,2.4,1.8,3.0,2.0,1.0,0.4,1.4,7.0,1455.2227517306349,1526.0553652944654,-70.83261356383059,3.0,-1.4,-4.0
2022-01-22,Everton,Aston Villa,0.0,1.0,A,2122,True,csv,206,0.8,1.4,2.0,0.8,7.0,0.8,1.2,1.6,1.2,7.0,1452.8078190776423,1473.3687186126788,-20.56089953503647,0.0,0.0,0.0
2022-01-22,Leeds United,Newcastle United,0.0,1.0,A,2122,True,csv,207,1.2,1.8,3.4,1.6,6.0,0.4,0.6,2.6,0.4,7.0,1482.3469689196963,1431.0358029654956,51.31116595420076,1.0,0.7999999999999999,-1.0
2022-01-22,Manchester United,West Ham United,1.0,0.0,H,2122,True,csv,208,1.6,1.8,1.2,1.8,3.0,1.8,2.6,1.8,1.4,6.0,1529.770014601816,1525.3791609352436,4.390853666572411,3.0,-0.19999999999999996,-3.0
2022-01-22,Southampton,Manchester City,1.0,1.0,D,2122,True,csv,209,1.6,2.2,1.8,1.8,7.0,3.0,2.8,0.8,3.0,7.0,1488.3028860306067,1629.1016410021575,-140.7987549715508,1.0,-1.4,0.0
2022-01-23,Arsenal,Burnley,0.0,0.0,D,2122,True,csv,210,2.4,3.0,0.6,2.4,14.0,0.4,0.4,1.4,0.4,14.0,1533.507585370128,1449.3059650696903,84.20162030043775,3.0,2.0,0.0
2022-01-23,Chelsea,Tottenham Hotspur,2.0,0.0,H,2122,True,csv,211,1.2,1.4,1.2,1.4,5.0,2.2,2.0,1.0,1.6,4.0,1562.4774200856548,1548.7574886008554,13.719931484799417,3.0,-1.0000000000000002,1.0
2022-01-23,Crystal Palace,Liverpool,1.0,3.0,A,2122,True,csv,212,1.0,1.6,1.8,1.4,9.0,1.6,2.0,1.2,1.6,7.0,1480.954156507373,1584.9321632188785,-103.97800671150549,0.0,-0.6000000000000001,2.0
2022-01-23,Leicester City,Brighton & Hove Albion,1.0,1.0,D,2122,True,csv,213,1.2,2.2,2.2,1.8,4.0,1.8,1.6,1.0,1.2,5.0,1493.382010960346,1512.122855897658,-18.740844937311977,0.0,-0.6000000000000001,-1.0
2022-02-05,Burnley,Watford,0.0,0.0,D,2122,True,csv,214,0.4,0.4,1.4,1.2,13.0,0.2,0.6,2.2,0.8,14.0,1453.2334495595371,1412.5219828252912,40.71146673424596,,0.2,-1.0
2022-02-08,Burnley,Manchester United,1.0,1.0,D,2122,True,csv,215,0.6,0.4,1.2,1.4,3.0,2.0,1.8,1.0,1.8,14.0,1450.413289689484,1537.9376284890873,-87.52433879960336,0.0,-1.4,-11.0
2022-02-08,Newcastle United,Everton,3.0,1.0,H,2122,True,csv,216,1.0,0.8,1.8,1.2,14.0,0.2,1.0,2.0,0.2,14.0,1444.1343013291419,1441.6775212159441,2.4567801131977376,,0.8,0.0
2022-02-08,West Ham United,Watford,1.0,0.0,H,2122,True,csv,217,1.8,2.2,1.4,1.4,14.0,0.4,0.4,1.8,0.4,3.0,1517.2115470479723,1415.3421426953444,101.86940435262795,3.0,1.4,11.0
2022-02-09,Aston Villa,Leeds United,3.0,3.0,D,2122,True,csv,218,1.4,1.4,1.4,1.4,14.0,1.2,1.4,3.0,0.8,14.0,1484.499016474377,1469.24847055605,15.250545918326907,,0.19999999999999996,0.0
2022-02-09,Manchester City,Brentford,2.0,0.0,H,2122,True,csv,219,2.6,2.2,1.0,3.0,14.0,0.6,1.0,2.6,0.2,14.0,1626.8171030459328,1445.5344384200619,181.2826646258709,3.0,2.0,0.0
2022-02-09,Norwich City,Crystal Palace,1.0,1.0,D,2122,True,csv,220,1.2,1.0,2.2,0.8,14.0,0.8,1.4,2.0,0.4,14.0,1428.647242293688,1472.2132280916678,-43.56598579797992,0.0,0.3999999999999999,0.0
2022-02-09,Tottenham Hotspur,Southampton,2.0,3.0,A,2122,True,csv,221,2.0,1.6,1.0,2.6,14.0,1.6,2.0,1.6,0.8,14.0,1540.8480392206488,1490.5874239868315,50.26061523381736,1.0,0.3999999999999999,0.0
2022-02-10,Liverpool,Leicester City,2.0,0.0,H,2122,True,csv,222,1.6,2.0,1.2,3.0,14.0,1.4,2.2,2.0,1.0,14.0,1593.6730916345837,1492.2000280540283,101.47306358055539,0.0,0.20000000000000018,0.0
2022-02-10,Wolverhampton Wanderers,Arsenal,0.0,1.0,A,2122,True,csv,223,2.6,1.4,0.4,1.6,14.0,2.0,2.4,0.6,1.2,14.0,1535.7436786050384,1529.5801008802812,6.1635777247572605,,0.6000000000000001,0.0
2022-02-12,Brentford,Crystal Palace,0.0,0.0,D,2122,True,csv,224,0.0,0.6,2.8,1.2,3.0,1.0,1.6,1.6,0.4,3.0,1441.5428807066316,1472.6858845925012,-31.143003885869575,1.0,-1.0,0.0
2022-02-12,Everton,Leeds United,3.0,0.0,H,2122,True,csv,225,0.2,1.0,2.0,0.8,4.0,1.4,2.0,2.2,1.0,3.0,1433.4560549424577,1471.3811113996833,-37.92505645722554,1.0,-1.2,1.0
2022-02-12,Manchester United,Southampton,1.0,1.0,D,2122,True,csv,226,1.6,1.4,1.0,2.4,4.0,1.6,2.0,1.6,1.4,3.0,1537.147067507015,1503.6585625082164,33.48850499879859,1.0,0.0,1.0
2022-02-12,Norwich City,Manchester City,0.0,4.0,A,2122,True,csv,227,1.4,1.2,1.4,0.8,3.0,2.6,1.4,0.4,2.6,3.0,1428.1745857928545,1630.808660759363,-202.63407496650848,0.0,-1.2000000000000002,0.0
2022-02-12,Watford,Brighton & Hove Albion,0.0,2.0,A,2122,True,csv,228,0.4,0.2,1.2,0.0,4.0,1.4,1.4,1.2,1.4,14.0,1409.6909296833862,1513.3048388039756,-103.61390912058937,0.0,-0.9999999999999999,-10.0
2022-02-13,Burnley,Liverpool,0.0,1.0,A,2122,True,csv,229,0.6,0.6,1.4,1.4,5.0,2.0,2.0,0.8,1.6,3.0,1451.2038506715562,1599.3335594379319,-148.12970876637564,0.0,-1.4,2.0
2022-02-13,Leicester City,West Ham United,2.0,2.0,D,2122,True,csv,230,0.8,1.4,2.4,2.0,3.0,1.8,1.6,1.2,1.4,5.0,1486.53956025068,1522.8627600599305,-36.323199809250355,0.0,-1.0,-2.0
2022-02-13,Newcastle United,Aston Villa,1.0,0.0,H,2122,True,csv,231,1.6,1.2,1.4,1.6,5.0,1.0,1.6,2.0,1.8,4.0,1452.3557676026282,1482.3663756307437,-30.010608028115485,0.0,0.6000000000000001,1.0
2022-02-13,Tottenham Hotspur,Wolverhampton Wanderers,0.0,2.0,A,2122,True,csv,232,1.4,1.4,1.6,2.0,4.0,2.0,1.2,0.6,2.0,3.0,1527.776900699264,1523.8620290497354,3.91487164952855,3.0,-0.6000000000000001,1.0
2022-02-15,Manchester United,Brighton & Hove Albion,2.0,0.0,H,2122,True,csv,233,1.8,1.6,1.0,2.0,3.0,1.8,1.6,1.0,1.8,3.0,1534.519367438319,1522.05608201938,12.463285418938995,,0.0,0.0
2022-02-19,Arsenal,Brentford,2.0,1.0,H,2122,True,csv,234,2.0,2.2,0.6,2.0,9.0,0.2,0.4,2.0,0.2,7.0,1541.4617504355842,1440.7142142314208,100.74753620416345,0.0,1.8,2.0
2022-02-19,Aston Villa,Watford,0.0,1.0,A,2122,True,csv,235,1.0,1.4,1.6,1.0,6.0,0.4,0.2,1.4,0.4,7.0,1473.2274024119608,1400.9396864679818,72.28771594397904,0.0,0.6,-1.0
2022-02-19,Brighton & Hove Albion,Burnley,0.0,3.0,A,2122,True,csv,236,1.2,1.0,1.0,1.2,4.0,0.6,0.4,1.0,0.4,6.0,1514.112018174258,1443.6873892172487,70.42462895700942,3.0,0.6,-2.0
2022-02-19,Crystal Palace,Chelsea,0.0,1.0,A,2122,True,csv,237,0.6,1.0,1.6,1.4,7.0,1.2,1.2,1.0,1.0,14.0,1473.514551067712,1570.3868694658613,-96.87231839814922,0.0,-0.6,-7.0
2022-02-19,Liverpool,Norwich City,3.0,1.0,H,2122,True,csv,238,2.6,2.2,0.6,3.0,6.0,1.4,1.2,1.6,0.8,7.0,1606.8500208922394,1422.0638446729365,184.7861762193029,3.0,1.2000000000000002,-1.0
2022-02-19,Manchester City,Tottenham Hotspur,2.0,3.0,A,2122,True,csv,239,2.6,2.0,0.4,3.0,7.0,1.2,1.2,1.8,1.6,6.0,1636.919401879281,1515.9577577745092,120.96164410477172,0.0,1.4000000000000001,1.0
2022-02-19,Southampton,Everton,2.0,0.0,H,2122,True,csv,240,1.6,2.0,1.6,1.4,7.0,0.6,1.4,1.8,0.2,7.0,1506.2862625769123,1442.8215405924293,63.46472198448305,0.0,1.0,0.0
2022-02-19,West Ham United,Newcastle United,1.0,1.0,D,2122,True,csv,241,1.4,1.4,1.2,1.8,6.0,2.2,1.4,0.6,0.8,6.0,1523.5431801725338,1461.4947408214111,62.048439351122624,3.0,-0.8000000000000003,0.0
2022-02-20,Leeds United,Manchester United,2.0,4.0,A,2122,True,csv,242,1.4,1.8,2.0,1.4,8.0,2.2,1.6,0.6,1.8,5.0,1462.0156257497117,1542.463431283441,-80.44780553372925,0.0,-0.8000000000000003,3.0
2022-02-20,Wolverhampton Wanderers,Leicester City,2.0,1.0,H,2122,True,csv,243,2.4,1.6,0.6,1.0,7.0,1.0,1.2,1.6,0.4,7.0,1535.68117197449,1485.8591401380768,49.822031836413316,0.0,1.4,0.0
2022-02-23,Burnley,Tottenham Hotspur,1.0,0.0,H,2122,True,csv,244,1.2,0.8,0.4,0.8,4.0,1.2,1.6,2.2,2.0,4.0,1457.2743815621986,1530.7413115458821,-73.46692998368349,,0.0,0.0
2022-02-23,Liverpool,Leeds United,6.0,0.0,H,2122,True,csv,245,3.0,2.4,0.4,3.0,4.0,0.8,1.6,2.6,0.8,3.0,1610.7775339750235,1452.6034823322489,158.17405164277466,3.0,2.2,1.0
2022-02-23,Watford,Crystal Palace,1.0,4.0,A,2122,True,csv,246,0.8,0.2,1.2,0.0,4.0,0.6,0.6,1.2,0.6,4.0,1414.573313085956,1464.571855222763,-49.99854213680692,,0.20000000000000007,0.0
2022-02-24,Arsenal,Wolverhampton Wanderers,2.0,1.0,H,2122,True,csv,247,2.0,1.8,0.6,2.0,5.0,2.4,1.8,0.8,2.4,4.0,1547.1391834753745,1542.6214706963037,4.5177127790707345,3.0,-0.3999999999999999,1.0
2022-02-25,Southampton,Norwich City,2.0,0.0,H,2122,True,csv,248,1.6,1.6,1.4,1.8,6.0,1.4,1.4,1.8,0.6,6.0,1512.8750575844383,1418.1363315901524,94.73872599428591,0.0,0.20000000000000018,0.0
2022-02-26,Brentford,Newcastle United,0.0,2.0,A,2122,True,csv,249,0.2,0.6,1.8,0.8,7.0,2.2,1.4,0.6,0.8,7.0,1435.0367811916306,1464.8698753819124,-29.833094190281827,1.0,-2.0,0.0
2022-02-26,Brighton & Hove Albion,Aston Villa,0.0,2.0,A,2122,True,csv,250,1.0,0.8,1.4,1.0,7.0,1.0,1.2,1.4,1.2,7.0,1500.525025829308,1459.5937757939867,40.931250035321455,0.0,0.0,0.0
2022-02-26,Crystal Palace,Burnley,1.0,1.0,D,2122,True,csv,251,1.0,1.2,1.2,0.8,3.0,1.6,1.0,0.4,0.8,3.0,1474.8596408320116,1467.6617969655003,7.197843866511221,1.0,-0.6000000000000001,0.0
2022-02-26,Everton,Manchester City,0.0,1.0,A,2122,True,csv,252,0.6,1.0,1.6,1.2,7.0,2.0,2.0,0.8,2.6,7.0,1436.2327455849033,1622.135848107908,-185.9031025230047,0.0,-1.4,0.0
2022-02-26,Leeds United,Tottenham Hotspur,0.0,4.0,A,2122,True,csv,253,0.2,1.0,3.4,0.8,3.0,0.6,1.0,2.0,1.8,3.0,1448.169909756632,1520.3538961425804,-72.1839863859484,0.0,-0.39999999999999997,0.0
2022-02-26,Manchester United,Watford,0.0,0.0,D,2122,True,csv,254,2.2,1.8,0.8,2.0,6.0,0.8,0.4,1.4,1.0,3.0,1551.8755747009038,1404.2855274767073,147.5900472241965,0.0,1.4000000000000001,3.0
2022-02-27,West Ham United,Wolverhampton Wanderers,1.0,0.0,H,2122,True,csv,255,1.0,1.2,1.4,1.4,8.0,1.8,1.4,1.0,2.4,3.0,1520.1680456120325,1534.457385274141,-14.289339662108432,0.0,-0.8,5.0
2022-03-01,Burnley,Leicester City,0.0,2.0,A,2122,True,csv,256,1.6,1.2,0.6,1.2,3.0,0.4,1.2,2.0,0.2,9.0,1469.572144945811,1478.9188414162631,-9.346696470452116,1.0,1.2000000000000002,-6.0
2022-03-05,Aston Villa,Southampton,4.0,0.0,H,2122,True,csv,257,1.4,1.2,1.0,1.0,7.0,2.2,1.8,0.8,1.6,8.0,1472.4197573809024,1518.694168595498,-46.2744112145956,0.0,-0.8000000000000003,-1.0
2022-03-05,Burnley,Chelsea,0.0,4.0,A,2122,True,csv,258,1.4,1.0,0.8,1.0,4.0,1.6,1.2,0.8,1.6,14.0,1458.1244680991451,1579.3295653108105,-121.20509721166536,1.0,-0.20000000000000018,-10.0
2022-03-05,Leicester City,Leeds United,1.0,0.0,H,2122,True,csv,259,1.0,1.2,1.4,1.6,4.0,0.2,1.0,4.0,0.8,7.0,1490.366518262929,1438.5204493897652,51.84606887316386,1.0,0.8,-3.0
2022-03-05,Liverpool,West Ham United,1.0,0.0,H,2122,True,csv,260,3.0,3.0,0.4,3.0,10.0,1.6,1.0,0.8,1.4,6.0,1615.2111065506404,1528.8599260175642,86.3511805330761,0.0,1.4,4.0
2022-03-05,Newcastle United,Brighton & Hove Albion,2.0,1.0,H,2122,True,csv,261,2.6,1.6,0.4,1.6,7.0,0.8,0.6,1.6,1.6,7.0,1475.7359733201915,1487.6990442423923,-11.963070922200814,1.0,1.8,0.0
2022-03-05,Norwich City,Brentford,1.0,3.0,A,2122,True,csv,262,0.8,1.0,2.0,0.8,8.0,0.2,0.4,1.6,0.0,7.0,1412.3172205790927,1424.1706832533514,-11.853462674258708,3.0,0.6000000000000001,1.0
2022-03-05,Wolverhampton Wanderers,Crystal Palace,0.0,2.0,A,2122,True,csv,263,1.2,1.0,1.0,1.4,6.0,1.2,1.2,0.8,1.2,7.0,1525.7655048686092,1472.9492928517009,52.816212016908366,0.0,0.0,-1.0
2022-03-06,Manchester City,Manchester United,4.0,1.0,H,2122,True,csv,264,2.0,2.0,0.8,2.4,8.0,1.8,1.6,0.8,1.8,8.0,1628.6627766386662,1546.5229481120696,82.1398285265966,3.0,0.19999999999999996,0.0
2022-03-06,Watford,Arsenal,2.0,3.0,A,2122,True,csv,265,0.8,0.4,1.4,0.0,8.0,2.0,1.2,0.8,1.8,10.0,1409.6381540655416,1555.3032688975372,-145.66511483199565,0.0,-1.2,-2.0
2022-03-07,Tottenham Hotspur,Everton,5.0,0.0,H,2122,True,csv,266,1.2,1.8,1.6,1.4,9.0,0.6,0.8,1.4,0.2,9.0,1530.0033565094473,1429.7058170541452,100.29753945530206,1.0,0.6,0.0
2022-03-10,Leeds United,Aston Villa,0.0,3.0,A,2122,True,csv,267,0.0,0.4,3.6,0.6,5.0,1.4,1.8,1.0,1.8,5.0,1431.6328587520136,1482.0249085685582,-50.39204981654461,1.0,-1.4,0.0
2022-03-10,Norwich City,Chelsea,1.0,3.0,A,2122,True,csv,268,0.2,0.6,2.6,0.8,5.0,2.0,1.6,0.4,2.0,5.0,1400.9402547868183,1587.5859405522745,-186.64568576545616,0.0,-1.8,0.0
2022-03-10,Southampton,Newcastle United,1.0,2.0,A,2122,True,csv,269,2.0,1.6,1.4,2.2,5.0,2.6,1.8,0.6,1.4,5.0,1509.0890174078422,1484.3621026255314,24.726914782310814,1.0,-0.6000000000000001,0.0
2022-03-10,Wolverhampton Wanderers,Watford,4.0,0.0,H,2122,True,csv,270,1.2,1.0,1.2,1.4,5.0,0.8,0.8,1.8,1.2,4.0,1512.6278994281627,1402.055014896007,110.57288453215574,3.0,0.3999999999999999,1.0
2022-03-12,Brentford,Burnley,2.0,0.0,H,2122,True,csv,271,0.8,0.8,1.4,0.8,7.0,1.4,1.0,1.4,1.0,7.0,1435.5476490456258,1449.8680928576812,-14.320443812055373,0.0,-0.5999999999999999,0.0
2022-03-12,Brighton & Hove Albion,Liverpool,0.0,2.0,A,2122,True,csv,272,0.6,0.6,1.8,1.0,7.0,3.0,2.6,0.2,1.6,7.0,1479.0729149370525,1621.2314236725185,-142.15850873546606,1.0,-2.4,0.0
2022-03-12,Manchester United,Tottenham Hotspur,3.0,2.0,H,2122,True,csv,273,1.6,1.6,1.4,1.6,6.0,1.8,2.4,1.0,1.8,5.0,1540.400126565732,1535.6913273729183,4.708799192813785,3.0,-0.19999999999999996,1.0
2022-03-13,Arsenal,Leicester City,2.0,0.0,H,2122,True,csv,274,2.6,1.6,0.8,2.0,7.0,1.4,1.2,1.2,0.6,8.0,1562.886408067072,1497.2541089006806,65.63229916639125,3.0,1.2000000000000002,-1.0
2022-03-13,Chelsea,Newcastle United,1.0,0.0,H,2122,True,csv,275,2.6,2.2,0.4,1.8,3.0,2.6,1.6,0.6,2.0,3.0,1594.094087880539,1496.7535206816074,97.3405671989317,3.0,0.0,0.0
2022-03-13,Everton,Wolverhampton Wanderers,0.0,1.0,A,2122,True,csv,276,0.6,0.8,2.2,1.2,6.0,1.2,1.4,1.2,1.8,3.0,1424.0178461906742,1518.0782123891393,-94.06036619846509,0.0,-0.6,3.0
2022-03-13,Leeds United,Norwich City,2.0,1.0,H,2122,True,csv,277,0.0,0.4,3.6,0.6,3.0,0.0,0.6,3.0,0.6,3.0,1421.356390187962,1394.4321074585537,26.924282729408333,3.0,0.0,0.0
2022-03-13,Southampton,Watford,1.0,2.0,A,2122,True,csv,278,1.4,1.2,1.4,2.0,3.0,0.8,0.8,2.2,1.0,3.0,1496.6975993517663,1396.6047019350303,100.09289741673592,3.0,0.5999999999999999,0.0
2022-03-13,West Ham United,Aston Villa,2.0,1.0,H,2122,True,csv,279,1.6,1.0,0.8,2.0,8.0,1.8,1.8,0.4,1.8,3.0,1522.839608895686,1492.3013771326098,30.538231763076283,3.0,-0.19999999999999996,5.0
2022-03-14,Crystal Palace,Manchester City,0.0,0.0,D,2122,True,csv,280,1.6,1.4,0.6,0.8,9.0,2.4,2.6,0.8,2.6,8.0,1486.0868982921475,1634.7855981850037,-148.6986998928562,3.0,-0.7999999999999998,1.0
2022-03-16,Arsenal,Liverpool,0.0,2.0,A,2122,True,csv,281,3.0,2.0,0.8,2.0,3.0,3.0,2.6,0.2,2.0,4.0,1569.420192627818,1628.9098247794043,-59.48963215158619,0.0,0.0,-1.0
2022-03-16,Brighton & Hove Albion,Tottenham Hotspur,0.0,2.0,A,2122,True,csv,282,0.0,0.2,2.2,0.4,4.0,1.8,2.8,1.2,1.2,4.0,1471.3945138301667,1527.532555943779,-56.1380421136123,,-1.8,0.0
2022-03-17,Everton,Newcastle United,1.0,0.0,H,2122,True,csv,283,0.6,0.6,1.8,0.6,4.0,2.0,1.4,0.8,2.0,4.0,1414.99505382414,1490.9960125295743,-76.00095870543419,0.0,-1.4,0.0
2022-03-18,Wolverhampton Wanderers,Leeds United,2.0,3.0,A,2122,True,csv,284,1.2,1.2,1.0,1.8,5.0,0.6,0.4,3.0,0.8,5.0,1527.1010047556733,1428.905434565364,98.19557019030935,1.0,0.6,0.0
2022-03-19,Aston Villa,Arsenal,0.0,1.0,A,2122,True,csv,285,1.8,2.0,0.6,1.0,6.0,2.4,1.8,1.2,2.4,3.0,1484.849849898719,1559.4055030708878,-74.55565317216883,0.0,-0.5999999999999999,3.0
2022-03-20,Leicester City,Brentford,2.0,1.0,H,2122,True,csv,286,1.4,1.2,1.2,1.6,7.0,1.4,1.2,1.0,0.6,8.0,1490.7203243399345,1444.2404093915593,46.47991494837515,3.0,0.0,-1.0
2022-03-20,Tottenham Hotspur,West Ham United,3.0,1.0,H,2122,True,csv,287,1.8,2.6,0.8,1.4,4.0,1.6,1.2,1.0,1.4,7.0,1537.6437074492144,1530.291136129577,7.352571319637491,0.0,0.19999999999999996,-3.0
2022-04-02,Brighton & Hove Albion,Norwich City,0.0,0.0,D,2122,True,csv,288,0.0,0.2,2.2,0.2,14.0,0.0,0.8,2.6,0.6,14.0,1461.2833623247313,1386.8830630811517,74.40029924357964,1.0,0.0,0.0
2022-04-02,Burnley,Manchester City,0.0,2.0,A,2122,True,csv,289,0.8,0.4,1.8,0.8,14.0,2.0,2.2,0.8,2.2,14.0,1441.1753325117477,1632.2866991395683,-191.11136662782064,0.0,-1.2,0.0
2022-04-02,Chelsea,Brentford,1.0,4.0,A,2122,True,csv,290,3.0,2.2,0.2,1.8,14.0,1.2,1.4,1.4,0.6,13.0,1599.8515960325722,1437.2126675933496,162.63892843922258,3.0,1.8,1.0
2022-04-02,Leeds United,Southampton,1.0,1.0,D,2122,True,csv,291,1.2,1.0,2.2,0.6,14.0,1.2,1.2,1.6,1.4,14.0,1443.1680849879153,1482.3903663281228,-39.22228134020747,0.0,0.0,0.0
2022-04-02,Liverpool,Watford,2.0,0.0,H,2122,True,csv,292,3.0,2.8,0.2,3.0,14.0,0.8,1.0,2.4,1.4,14.0,1638.9245143363346,1410.9119349586738,228.0125793776608,3.0,2.2,0.0
2022-04-02,Manchester United,Leicester City,1.0,1.0,D,2122,True,csv,293,2.0,2.0,1.6,2.2,14.0,1.8,1.2,1.0,0.6,13.0,1548.5588979948714,1497.7480661381442,50.81083185672719,0.0,0.19999999999999996,1.0
2022-04-02,Wolverhampton Wanderers,Aston Villa,2.0,1.0,H,2122,True,csv,294,1.2,1.4,1.2,1.2,14.0,1.8,2.0,0.6,1.8,14.0,1512.838354333122,1475.2685503415285,37.56980399159352,3.0,-0.6000000000000001,0.0
2022-04-03,Tottenham Hotspur,Newcastle United,5.0,1.0,H,2122,True,csv,295,2.4,3.2,0.8,1.8,14.0,1.8,1.2,0.8,1.4,14.0,1545.729068944322,1480.535793248303,65.1932756960191,3.0,0.5999999999999999,0.0
2022-04-03,West Ham United,Everton,2.0,1.0,H,2122,True,csv,296,1.4,1.0,1.2,2.0,14.0,0.6,0.2,1.8,0.2,14.0,1522.2057746344692,1425.4552731054114,96.75050152905783,3.0,0.7999999999999999,0.0
2022-04-04,Crystal Palace,Arsenal,3.0,0.0,H,2122,True,csv,297,1.6,1.4,0.6,0.4,14.0,2.4,1.6,1.0,3.0,14.0,1488.5857973375828,1568.9868026280783,-80.4010052904955,1.0,-0.7999999999999998,0.0
2022-04-06,Burnley,Everton,3.0,2.0,H,2122,True,csv,298,0.2,0.2,2.2,0.6,4.0,0.6,0.4,1.8,0.0,3.0,1434.779535348884,1419.6838282773556,15.095707071528523,0.0,-0.39999999999999997,1.0
2022-04-08,Newcastle United,Wolverhampton Wanderers,1.0,0.0,H,2122,True,csv,299,1.2,1.0,1.8,2.2,5.0,1.8,1.8,1.2,1.8,6.0,1473.9908858949927,1520.1016375813012,-46.110751686308504,0.0,-0.6000000000000001,-1.0
2022-04-09,Arsenal,Brighton & Hove Albion,1.0,2.0,A,2122,True,csv,300,1.8,1.2,1.4,2.0,5.0,0.2,0.2,1.6,1.4,7.0,1558.400288420476,1457.5970759047987,100.80321251567739,1.0,1.6,-2.0
2022-04-09,Aston Villa,Tottenham Hotspur,0.0,4.0,A,2122,True,csv,301,1.2,1.8,1.0,1.0,7.0,2.4,3.4,1.0,1.8,6.0,1468.0052670933492,1552.2739762976323,-84.26870920428314,0.0,-1.2,1.0
2022-04-09,Everton,Manchester United,1.0,0.0,H,2122,True,csv,302,0.6,0.8,2.2,1.2,3.0,1.6,1.8,1.8,1.6,7.0,1411.8122147907523,1545.4734236326908,-133.66120884193856,1.0,-1.0,-4.0
2022-04-09,Southampton,Chelsea,0.0,6.0,A,2122,True,csv,303,0.8,1.0,1.8,1.4,7.0,2.4,2.0,1.0,2.0,7.0,1482.987685228025,1584.197112679849,-101.20942745182401,0.0,-1.5999999999999999,0.0
2022-04-09,Watford,Leeds United,0.0,3.0,A,2122,True,csv,304,0.8,0.8,2.0,0.0,7.0,1.4,1.2,1.6,0.8,7.0,1407.711143540517,1442.5707660880132,-34.8596225474962,0.0,-0.5999999999999999,0.0
2022-04-10,Brentford,West Ham United,2.0,0.0,H,2122,True,csv,305,1.8,2.0,1.2,0.8,8.0,1.8,1.2,1.2,0.8,7.0,1452.8671509460728,1527.977219462525,-75.1100685164522,3.0,0.0,1.0
2022-04-10,Leicester City,Crystal Palace,2.0,1.0,H,2122,True,csv,306,2.0,1.2,0.8,1.6,8.0,2.2,2.0,0.4,1.8,6.0,1500.8335405003247,1499.172311545185,1.661228955139677,1.0,-0.20000000000000018,2.0
2022-04-10,Manchester City,Liverpool,2.0,2.0,D,2122,True,csv,307,2.0,1.8,0.8,2.4,8.0,3.0,2.6,0.0,2.6,8.0,1638.682496302432,1642.1253057544914,-3.442809452059464,1.0,-1.0,0.0
2022-04-10,Norwich City,Burnley,2.0,0.0,H,2122,True,csv,308,0.2,0.6,2.0,0.8,8.0,0.6,0.6,2.4,1.0,4.0,1390.5693495010844,1442.6511488354874,-52.08179933440306,1.0,-0.39999999999999997,4.0
2022-04-16,Manchester United,Norwich City,3.0,2.0,H,2122,True,csv,309,1.0,1.0,1.6,1.8,7.0,0.8,1.0,1.6,0.8,6.0,1533.3844893761445,1400.3414848157156,133.04300456042893,3.0,0.19999999999999996,1.0
2022-04-16,Southampton,Arsenal,1.0,0.0,H,2122,True,csv,310,0.2,0.6,3.0,1.2,7.0,1.2,0.8,1.4,2.4,7.0,1474.1682568309009,1544.0764184766522,-69.9081616457513,0.0,-1.0,0.0
2022-04-16,Tottenham Hotspur,Brighton & Hove Albion,0.0,1.0,A,2122,True,csv,311,2.4,3.2,1.0,1.8,7.0,0.8,0.6,1.4,1.4,7.0,1561.576600530238,1471.9209458486225,89.65565468161549,3.0,1.5999999999999999,0.0
2022-04-16,Watford,Brentford,1.0,2.0,A,2122,True,csv,312,0.6,0.8,2.6,0.0,7.0,2.4,2.4,0.8,1.2,6.0,1396.9888055782747,1463.3017796926238,-66.31297411434912,0.0,-1.7999999999999998,1.0
2022-04-17,Newcastle United,Leicester City,2.0,1.0,H,2122,True,csv,313,1.2,0.8,1.6,2.6,9.0,2.0,1.2,1.0,0.8,7.0,1483.5913340145257,1509.0771892724922,-25.485855257966477,0.0,-0.8,2.0
2022-04-17,West Ham United,Burnley,1.0,1.0,D,2122,True,csv,314,1.2,1.0,1.6,2.6,7.0,0.6,0.6,2.4,1.0,7.0,1517.542590715974,1432.8790135208562,84.6635771951178,1.0,0.6,0.0
2022-04-19,Liverpool,Manchester United,4.0,0.0,H,2122,True,csv,315,2.6,1.8,0.4,3.0,9.0,1.4,1.6,2.0,1.4,3.0,1643.7389246524563,1538.3372669909934,105.40165766146288,3.0,1.2000000000000002,6.0
2022-04-20,Chelsea,Arsenal,2.0,4.0,A,2122,True,csv,316,2.4,3.0,1.0,1.6,11.0,0.6,0.4,1.6,1.8,4.0,1593.016541076973,1533.7913159451027,59.225225131870275,3.0,1.7999999999999998,7.0
2022-04-20,Everton,Leicester City,1.0,1.0,D,2122,True,csv,317,1.2,1.0,1.2,1.8,11.0,1.4,1.2,1.4,0.8,3.0,1423.9011490472985,1500.0673313220595,-76.16618227476101,,-0.19999999999999996,8.0
2022-04-20,Manchester City,Brighton & Hove Albion,3.0,0.0,H,2122,True,csv,318,2.2,1.8,0.6,2.0,10.0,1.4,0.6,1.0,1.8,4.0,1637.068877404467,1485.9803714313066,151.0885059731604,3.0,0.8000000000000003,6.0
2022-04-20,Newcastle United,Crystal Palace,1.0,0.0,H,2122,True,csv,319,1.2,0.8,1.6,3.0,3.0,1.6,1.4,0.6,1.6,10.0,1492.6011919649584,1490.9286627730175,1.6725291919408392,1.0,-0.40000000000000013,-7.0
2022-04-21,Burnley,Southampton,2.0,0.0,H,2122,True,csv,320,0.8,0.8,1.8,1.2,4.0,0.8,0.8,2.2,1.0,5.0,1436.8177373681553,1484.4533593624503,-47.63562199429498,1.0,0.0,-1.0
2022-04-23,Arsenal,Manchester United,3.0,1.0,H,2122,True,csv,321,1.2,1.2,1.6,1.8,3.0,1.4,1.4,2.0,0.8,4.0,1547.0942520515596,1532.7681276042163,14.326124447343318,0.0,-0.19999999999999996,-1.0
2022-04-23,Brentford,Tottenham Hotspur,0.0,0.0,D,2122,True,csv,322,2.4,2.2,0.8,1.4,7.0,2.4,2.8,0.6,1.8,7.0,1473.1200976855605,1547.517174947554,-74.39707726199345,0.0,0.0,0.0
2022-04-23,Leicester City,Aston Villa,0.0,0.0,D,2122,True,csv,323,1.6,1.4,1.2,2.2,3.0,0.6,1.0,1.8,1.2,14.0,1499.602366700674,1458.7026428607435,40.89972383993063,0.0,1.0,-11.0
2022-04-23,Manchester City,Watford,5.0,1.0,H,2122,True,csv,324,2.2,2.2,0.6,2.0,3.0,0.6,0.6,2.4,1.4,7.0,1641.644793999999,1387.170487585338,254.474306414661,3.0,1.6,-4.0
2022-04-23,Norwich City,Newcastle United,0.0,3.0,A,2122,True,csv,325,0.8,1.2,1.6,0.8,7.0,1.8,1.0,1.4,1.2,3.0,1395.3887072008667,1500.8445255250858,-105.45581832421908,1.0,-1.0,4.0
2022-04-24,Brighton & Hove Albion,Southampton,2.0,2.0,D,2122,True,csv,326,1.4,0.6,1.2,0.2,4.0,0.8,0.6,2.2,1.0,3.0,1481.4044548357747,1474.8090846089835,6.595370226791147,1.0,0.5999999999999999,1.0
2022-04-24,Burnley,Wolverhampton Wanderers,1.0,0.0,H,2122,True,csv,327,1.4,1.2,1.4,1.2,3.0,1.8,1.8,1.0,1.2,14.0,1446.4620121216221,1510.5011894617683,-64.03917734014613,1.0,-0.40000000000000013,-11.0
2022-04-24,Chelsea,West Ham United,1.0,0.0,H,2122,True,csv,328,1.8,2.6,1.8,1.4,4.0,1.4,1.2,1.6,0.2,7.0,1579.7136049705161,1513.603866868675,66.10973810184123,0.0,0.40000000000000013,-3.0
2022-04-24,Liverpool,Everton,2.0,0.0,H,2122,True,csv,329,2.6,2.4,0.4,3.0,5.0,1.4,1.2,1.2,0.0,4.0,1649.3080640392334,1424.366113668684,224.94195037054942,3.0,1.2000000000000002,1.0
2022-04-25,Crystal Palace,Leeds United,0.0,0.0,D,2122,True,csv,330,1.4,1.2,0.6,1.0,5.0,2.0,1.8,1.4,1.2,14.0,1482.68532921289,1453.2931040502556,29.39222516263453,0.0,-0.6000000000000001,-9.0
2022-04-28,Manchester United,Chelsea,1.0,1.0,D,2122,True,csv,331,0.8,1.0,2.2,2.2,5.0,1.8,2.2,1.6,2.6,4.0,1524.875357227565,1586.2353045267714,-61.3599472992064,1.0,-1.0,1.0
2022-04-30,Aston Villa,Norwich City,2.0,0.0,H,2122,True,csv,332,0.2,0.4,1.8,0.8,7.0,0.8,1.0,1.6,0.2,7.0,1461.5277894956787,1386.6896166758909,74.83817281978781,3.0,-0.6000000000000001,0.0
2022-04-30,Leeds United,Manchester City,0.0,4.0,A,2122,True,csv,333,2.2,1.8,0.8,0.8,5.0,2.2,2.4,0.6,2.2,7.0,1455.8107085219222,1644.4569290121647,-188.6462204902425,0.0,0.0,-2.0
2022-04-30,Newcastle United,Liverpool,0.0,1.0,A,2122,True,csv,334,2.4,1.6,1.2,3.0,7.0,2.6,2.4,0.4,2.6,6.0,1509.5436160500617,1652.55666399661,-143.01304794654834,0.0,-0.20000000000000018,1.0
2022-04-30,Southampton,Crystal Palace,1.0,2.0,A,2122,True,csv,335,1.0,0.8,2.2,1.2,6.0,1.0,0.8,0.6,1.4,5.0,1476.7027193166616,1480.1677247412235,-3.465005424561923,1.0,0.0,1.0
2022-04-30,Watford,Burnley,1.0,2.0,A,2122,True,csv,336,0.6,0.8,2.6,0.0,7.0,2.0,1.4,1.0,1.0,6.0,1384.3583525731722,1456.57826375342,-72.21991118024789,1.0,-1.4,1.0
2022-04-30,Wolverhampton Wanderers,Brighton & Hove Albion,0.0,3.0,A,2122,True,csv,337,1.2,1.0,1.2,1.8,6.0,1.6,1.0,1.2,1.2,6.0,1500.3849378299703,1479.5108201280966,20.87411770187373,3.0,-0.40000000000000013,0.0
2022-05-01,Everton,Chelsea,1.0,0.0,H,2122,True,csv,338,0.8,1.0,1.6,1.4,7.0,1.4,2.2,1.8,2.6,3.0,1421.1175137113073,1586.1961622969443,-165.07864858563698,1.0,-0.5999999999999999,4.0
2022-05-01,Tottenham Hotspur,Leicester City,3.0,1.0,H,2122,True,csv,339,2.0,2.4,0.6,1.8,8.0,1.2,1.0,1.0,1.0,8.0,1547.1030307716157,1496.777220065739,50.32581070587685,3.0,0.8,0.0
2022-05-01,West Ham United,Arsenal,1.0,2.0,A,2122,True,csv,340,0.8,0.8,1.6,2.2,7.0,1.2,1.6,1.8,1.8,8.0,1507.0821673124196,1554.9870224282108,-47.90485511579118,0.0,-0.3999999999999999,-1.0
2022-05-02,Manchester United,Brentford,3.0,0.0,H,2122,True,csv,341,0.8,1.0,2.2,1.8,4.0,2.0,1.8,0.8,1.8,9.0,1524.9144994573921,1473.5342418614987,51.380257595893454,3.0,-1.2,-5.0
2022-05-07,Brentford,Southampton,3.0,0.0,H,2122,True,csv,342,2.0,1.6,1.0,1.6,5.0,0.8,0.8,2.4,0.6,7.0,1466.6345378106373,1465.0897226423565,1.5448151682808202,0.0,1.2,-2.0
2022-05-07,Brighton & Hove Albion,Manchester United,4.0,0.0,H,2122,True,csv,343,2.0,1.6,1.2,0.4,7.0,1.4,1.6,2.0,0.6,5.0,1491.7974138876461,1531.8142035082535,-40.01678962060737,0.0,0.6000000000000001,2.0
2022-05-07,Burnley,Aston Villa,1.0,3.0,A,2122,True,csv,344,2.0,1.2,0.8,1.8,7.0,0.8,0.6,1.4,1.4,7.0,1466.2266913958933,1467.8306177108532,-1.6039263149598355,,1.2,0.0
2022-05-07,Chelsea,Wolverhampton Wanderers,2.0,2.0,D,2122,True,csv,345,1.4,2.0,1.2,1.8,6.0,0.6,0.8,1.8,0.6,7.0,1573.2607166831554,1488.0983440704208,85.16237261273454,1.0,0.7999999999999999,-1.0
2022-05-07,Crystal Palace,Watford,1.0,0.0,H,2122,True,csv,346,1.4,1.2,0.8,1.2,7.0,0.0,0.6,2.8,0.8,7.0,1491.7807214155287,1374.709924930699,117.07079648482977,3.0,1.4,0.0
2022-05-07,Liverpool,Tottenham Hotspur,1.0,1.0,D,2122,True,csv,347,2.6,2.2,0.4,3.0,7.0,2.0,2.4,0.6,2.0,6.0,1660.2118084743445,1554.0301928588951,106.18161561544935,1.0,0.6000000000000001,1.0
2022-05-08,Arsenal,Leeds United,2.0,1.0,H,2122,True,csv,348,1.8,2.0,1.4,1.8,7.0,1.6,1.4,1.4,1.4,8.0,1565.335008116608,1449.3530184523447,115.98198966426321,3.0,0.19999999999999996,-1.0
2022-05-08,Leicester City,Everton,1.0,2.0,A,2122,True,csv,349,1.0,1.0,1.4,2.2,7.0,1.4,1.0,1.2,0.0,7.0,1489.8500579784595,1434.0529593250963,55.797098653363264,1.0,-0.3999999999999999,0.0
2022-05-08,Manchester City,Newcastle United,5.0,0.0,H,2122,True,csv,350,2.6,3.2,0.6,2.0,8.0,2.4,1.4,0.4,1.2,8.0,1650.914619081742,1501.8884715723273,149.02614750941484,3.0,0.20000000000000018,0.0
2022-05-08,Norwich City,West Ham United,0.0,4.0,A,2122,True,csv,351,0.8,0.8,1.6,0.6,8.0,0.8,0.8,1.4,0.2,7.0,1380.3867884607164,1496.7341816240225,-116.34739316330615,0.0,0.0,1.0
2022-05-10,Aston Villa,Liverpool,1.0,2.0,A,2122,True,csv,352,1.4,1.2,1.4,1.2,3.0,2.2,2.0,0.6,2.6,3.0,1479.4957413484478,1655.7629241294612,-176.2671827810134,0.0,-0.8000000000000003,0.0
2022-05-11,Leeds United,Chelsea,0.0,3.0,A,2122,True,csv,353,1.0,1.0,1.4,0.8,3.0,1.0,1.2,1.6,2.0,4.0,1444.025287293966,1569.3098704128147,-125.28458311884879,0.0,0.0,-1.0
2022-05-11,Leicester City,Norwich City,3.0,0.0,H,2122,True,csv,354,0.4,0.8,1.6,2.0,3.0,0.6,0.8,2.4,0.2,3.0,1476.6353116030089,1371.9945255593698,104.64078604363908,3.0,-0.19999999999999996,0.0
2022-05-11,Watford,Everton,0.0,0.0,D,2122,True,csv,355,0.0,0.6,2.6,0.0,4.0,2.0,1.0,0.8,0.6,3.0,1369.4066550567768,1447.267705700547,-77.86105064377011,3.0,-2.0,1.0
2022-05-11,Wolverhampton Wanderers,Manchester City,1.0,5.0,A,2122,True,csv,356,0.8,0.8,1.6,1.2,4.0,2.6,3.8,0.6,2.6,3.0,1492.0491903407615,1655.5325660033393,-163.48337566257783,0.0,-1.8,1.0
2022-05-12,Tottenham Hotspur,Arsenal,3.0,0.0,H,2122,True,csv,357,1.6,1.6,0.6,2.4,5.0,2.4,2.2,1.2,1.8,4.0,1558.4790772037784,1570.6627392749867,-12.183662071208346,0.0,-0.7999999999999998,1.0
2022-05-15,Aston Villa,Crystal Palace,1.0,1.0,D,2122,True,csv,358,1.4,1.2,1.4,1.2,5.0,1.4,0.8,0.8,1.8,8.0,1472.7226142689142,1497.0839912894508,-24.361377020536565,3.0,0.0,-3.0
2022-05-15,Everton,Brentford,2.0,3.0,A,2122,True,csv,359,1.6,0.8,0.8,2.0,4.0,2.0,1.4,0.8,1.8,8.0,1446.7540757337915,1474.8814340718393,-28.12735833804777,0.0,-0.3999999999999999,-4.0
2022-05-15,Leeds United,Brighton & Hove Albion,1.0,1.0,D,2122,True,csv,360,0.8,0.8,1.8,0.8,4.0,2.0,2.0,1.0,1.8,8.0,1435.8825215353663,1501.2228842574768,-65.34036272211051,1.0,-1.2,-4.0
2022-05-15,Tottenham Hotspur,Burnley,1.0,0.0,H,2122,True,csv,361,1.6,1.4,0.6,2.4,3.0,2.0,1.4,1.0,1.0,8.0,1567.1114363343208,1454.5615677582987,112.54986857602216,0.0,-0.3999999999999999,-5.0
2022-05-15,Watford,Leicester City,1.0,5.0,A,2122,True,csv,362,0.2,0.6,2.0,0.2,4.0,1.0,1.2,1.2,0.4,4.0,1369.9202850235322,1482.2220682484035,-112.30178322487131,0.0,-0.8,0.0
2022-05-15,West Ham United,Manchester City,2.0,2.0,D,2122,True,csv,363,0.8,1.2,1.2,2.0,7.0,3.0,4.4,0.4,2.6,4.0,1505.1264445253692,1662.6391358914823,-157.51269136611313,0.0,-2.2,3.0
2022-05-15,Wolverhampton Wanderers,Norwich City,1.0,1.0,D,2122,True,csv,364,0.2,0.6,2.4,1.2,4.0,0.0,0.4,3.0,0.2,4.0,1484.9426204526185,1366.4077689139751,118.53485153864335,1.0,0.2,0.0
2022-05-16,Newcastle United,Arsenal,2.0,0.0,H,2122,True,csv,365,1.8,1.2,1.4,2.4,8.0,2.4,2.2,1.6,1.2,4.0,1497.27052465073,1562.0303801444443,-64.75985549371421,0.0,-0.5999999999999999,4.0
2022-05-17,Southampton,Liverpool,1.0,2.0,A,2122,True,csv,366,0.8,0.8,1.8,0.6,10.0,2.6,2.0,0.4,2.6,7.0,1456.8428263811545,1662.5360512089949,-205.69322482784037,0.0,-1.8,3.0
2022-05-19,Aston Villa,Burnley,1.0,1.0,D,2122,True,csv,367,1.6,1.4,0.8,0.8,4.0,1.8,1.2,1.0,0.8,4.0,1471.700434813829,1449.1562614178374,22.544173395991493,3.0,-0.19999999999999996,0.0
2022-05-19,Chelsea,Leicester City,1.0,1.0,D,2122,True,csv,368,1.6,1.4,0.8,1.4,8.0,1.4,2.0,1.2,1.0,4.0,1577.4526361714143,1490.727970956116,86.72466521529827,3.0,0.20000000000000018,4.0
2022-05-19,Everton,Crystal Palace,3.0,2.0,H,2122,True,csv,369,1.4,1.0,1.2,2.0,4.0,1.6,0.8,0.6,1.4,4.0,1435.8392721470502,1498.106170744536,-62.266898597485806,0.0,-0.20000000000000018,0.0
2022-05-22,Arsenal,Everton,5.0,1.0,H,2122,True,csv,370,1.8,1.4,1.6,1.8,6.0,2.0,1.6,1.2,0.8,3.0,1551.8933890611047,1445.9045178076651,105.98887125343958,0.0,-0.19999999999999996,3.0
2022-05-22,Brentford,Leeds United,1.0,2.0,A,2122,True,csv,371,2.0,1.6,1.2,2.0,7.0,0.4,0.4,2.0,1.4,7.0,1485.7962376585806,1436.0362174263564,49.76002023222418,1.0,1.6,0.0
2022-05-22,Brighton & Hove Albion,West Ham United,3.0,1.0,H,2122,True,csv,372,1.6,2.0,1.2,1.0,7.0,1.0,1.6,1.2,0.6,7.0,1501.0691883664867,1507.8616404921465,-6.792452125659793,1.0,0.6000000000000001,0.0
2022-05-22,Burnley,Newcastle United,1.0,2.0,A,2122,True,csv,373,1.4,1.0,1.2,1.8,3.0,1.8,1.2,1.2,0.6,6.0,1451.4883596346483,1507.4075157340696,-55.91915609942134,0.0,-0.40000000000000013,-3.0
2022-05-22,Chelsea,Watford,2.0,1.0,H,2122,True,csv,374,1.2,1.4,1.0,1.0,3.0,0.2,0.6,2.6,0.6,7.0,1573.4639099448766,1361.4143823158197,212.0495276290569,3.0,1.0,-4.0
2022-05-22,Crystal Palace,Manchester United,1.0,0.0,H,2122,True,csv,375,1.6,1.2,1.0,1.8,3.0,0.8,1.0,2.4,0.0,14.0,1488.0409250839211,1522.3887331384228,-34.347808054501684,0.0,0.8,-11.0
2022-05-22,Leicester City,Southampton,4.0,1.0,H,2122,True,csv,376,1.4,2.2,1.4,2.0,3.0,0.2,0.8,2.2,0.4,5.0,1494.7166971826537,1450.8065590657145,43.91013811693915,1.0,1.2,-2.0
2022-05-22,Liverpool,Wolverhampton Wanderers,3.0,1.0,H,2122,True,csv,377,2.6,1.6,0.6,2.6,5.0,0.4,0.8,2.4,0.8,7.0,1668.5723185244349,1480.2131120354773,188.35920648895762,3.0,2.2,-2.0
2022-05-22,Manchester City,Aston Villa,3.0,2.0,H,2122,True,csv,378,2.6,4.2,0.8,2.6,7.0,1.6,1.6,1.0,1.4,3.0,1659.903939924705,1469.368336597018,190.53560332768689,3.0,1.0,4.0
2022-05-22,Norwich City,Tottenham Hotspur,0.0,5.0,A,2122,True,csv,379,0.2,0.2,2.6,0.6,7.0,2.2,1.6,0.4,1.6,7.0,1371.1372773311164,1572.516742674782,-201.37946534366574,0.0,-2.0,0.0
2022-08-05,Crystal Palace,Arsenal,0.0,2.0,A,2223,True,csv,380,2.0,1.4,1.0,2.2,14.0,1.8,1.8,1.6,1.2,14.0,1497.3039343495157,1557.4489554245206,-60.145021075004934,2.0,0.19999999999999996,0.0
2022-08-06,Bournemouth,Aston Villa,2.0,0.0,H,2223,True,csv,381,,,,,,1.0,1.6,1.6,0.8,14.0,1500.0,1465.5442351400404,34.45576485995957,,,
2022-08-06,Everton,Chelsea,0.0,1.0,A,2223,True,csv,382,1.4,1.6,2.2,2.0,14.0,1.6,1.6,1.0,2.0,14.0,1440.3489514442492,1576.9195345435353,-136.57058309928607,2.0,-0.20000000000000018,0.0
2022-08-06,Fulham,Liverpool,2.0,2.0,D,2223,True,csv,383,,,,,,2.6,1.8,0.8,2.6,14.0,1500.0,1672.4353190600732,-172.4353190600732,,,
2022-08-06,Leeds United,Wolverhampton Wanderers,2.0,1.0,H,2223,True,csv,384,0.8,0.8,2.2,1.0,14.0,0.4,1.0,2.8,0.8,14.0,1449.0943008711768,1476.350111499839,-27.255810628662175,2.0,0.4,0.0
2022-08-06,Newcastle United,Nottingham Forest,2.0,0.0,H,2223,True,csv,385,1.8,1.4,1.4,2.4,14.0,,,,,,1517.5249664621283,1500.0,17.524966462128305,,,
2022-08-06,Tottenham Hotspur,Southampton,4.0,1.0,H,2223,True,csv,386,2.6,2.6,0.4,2.4,14.0,0.2,1.0,2.6,0.4,14.0,1578.6581751276137,1443.7112400413369,134.94693508627688,0.5,2.4,0.0
2022-08-07,Leicester City,Brentford,2.0,2.0,D,2223,True,csv,387,2.0,2.8,1.0,2.0,14.0,1.4,1.4,1.4,1.8,14.0,1501.8120162070313,1472.7381542137603,29.073861993271066,3.0,0.6000000000000001,0.0
2022-08-07,Manchester United,Brighton & Hove Albion,1.0,2.0,A,2223,True,csv,388,0.8,1.0,1.8,2.2,14.0,2.2,2.6,0.8,2.0,14.0,1513.1257238728285,1509.5496130212864,3.5761108515421256,1.5,-1.4000000000000001,0.0
2022-08-07,West Ham United,Manchester City,0.0,2.0,A,2223,True,csv,389,0.8,1.6,1.6,1.6,14.0,2.6,3.8,1.0,2.2,14.0,1499.3812158373469,1663.7280413816825,-164.34682554433562,0.5,-1.8,0.0
2022-08-13,Arsenal,Leicester City,4.0,2.0,H,2223,True,csv,390,1.8,1.8,1.4,1.8,8.0,2.2,3.0,1.0,1.0,6.0,1567.4447813826946,1499.302996146056,68.1417852366385,3.0,-0.40000000000000013,2.0
2022-08-13,Aston Villa,Everton,2.0,1.0,H,2223,True,csv,391,0.4,1.0,1.8,1.0,7.0,0.8,1.2,2.2,0.8,7.0,1458.197833875503,1432.5178284624242,25.68000541307879,3.0,-0.4,0.0
2022-08-13,Brentford,Manchester United,4.0,0.0,H,2223,True,csv,392,1.4,1.8,1.8,2.0,6.0,0.8,1.0,1.6,0.0,6.0,1475.2471742747355,1501.31601027166,-26.068835996924463,0.0,0.5999999999999999,0.0
2022-08-13,Brighton & Hove Albion,Newcastle United,0.0,0.0,D,2223,True,csv,393,2.6,2.6,0.6,1.6,6.0,1.8,1.2,1.4,1.2,7.0,1521.359326622455,1525.3299279012037,-3.9706012787487452,0.5,0.8,-1.0
2022-08-13,Manchester City,Bournemouth,4.0,0.0,H,2223,True,csv,394,2.6,3.4,1.0,2.6,6.0,,,,,7.0,1670.81185619514,1507.3464012645375,163.46545493060262,,,-1.0
2022-08-13,Southampton,Leeds United,2.0,2.0,D,2223,True,csv,395,0.0,0.8,3.0,0.6,7.0,1.4,1.2,1.6,2.0,7.0,1438.7991890207622,1458.1546278131734,-19.355438792411178,2.0,-1.4,0.0
2022-08-13,Wolverhampton Wanderers,Fulham,0.0,0.0,D,2223,True,csv,396,0.4,1.2,2.6,0.8,7.0,,,,,7.0,1467.2897845578423,1503.1277183209943,-35.83793376315202,,,0.0
2022-08-14,Chelsea,Tottenham Hotspur,2.0,2.0,D,2223,True,csv,397,2.2,1.8,0.8,1.6,8.0,2.6,2.8,0.4,2.2,8.0,1584.7506575253603,1583.5702261481883,1.180431377171999,3.0,-0.3999999999999999,0.0
2022-08-14,Nottingham Forest,West Ham United,1.0,0.0,H,2223,True,csv,398,,,,,8.0,0.8,1.6,1.8,0.6,7.0,1492.1950385609246,1492.2974010238893,-0.10236246296472018,,,1.0
2022-08-15,Liverpool,Crystal Palace,1.0,1.0,D,2223,True,csv,399,2.2,2.0,1.2,2.6,9.0,1.4,1.0,1.2,0.8,10.0,1669.307600739079,1487.3081083913416,181.99949234773726,3.0,0.8000000000000003,-1.0
2022-08-20,Bournemouth,Arsenal,0.0,3.0,A,2223,True,csv,400,,,,,7.0,1.8,2.2,1.6,1.8,7.0,1503.0170459813223,1573.9151749755943,-70.89812899427193,,,0.0
2022-08-20,Crystal Palace,Aston Villa,3.0,1.0,H,2223,True,csv,401,1.0,1.0,1.4,2.0,5.0,1.0,1.2,1.6,0.8,7.0,1493.329717874586,1465.7805694984413,27.549148376144785,0.5,0.0,-2.0
2022-08-20,Everton,Nottingham Forest,1.0,1.0,D,2223,True,csv,402,0.6,1.4,2.6,1.4,7.0,,,,,6.0,1424.9350928394858,1500.487925212014,-75.5528323725282,,,1.0
2022-08-20,Fulham,Brentford,3.0,2.0,H,2223,True,csv,403,,,,,7.0,2.0,2.6,1.2,2.0,7.0,1503.8220395194178,1484.273650001543,19.54838951787474,,,0.0
2022-08-20,Leicester City,Southampton,1.0,2.0,A,2223,True,csv,404,1.6,2.8,1.8,1.6,7.0,0.2,1.0,3.0,0.2,7.0,1492.8326025531564,1437.634652040893,55.19795051226356,2.0,1.4000000000000001,0.0
2022-08-20,Tottenham Hotspur,Wolverhampton Wanderers,1.0,0.0,H,2223,True,csv,405,2.6,3.0,0.6,2.4,6.0,0.4,0.8,2.2,0.2,7.0,1585.3131625422025,1466.5954633594188,118.71769918278369,1.5,2.2,-1.0
2022-08-21,Leeds United,Chelsea,3.0,0.0,H,2223,True,csv,406,1.6,1.4,1.6,1.0,8.0,2.2,1.8,0.8,2.0,7.0,1459.3191647930428,1583.0077211313462,-123.68855633830344,0.0,-0.6000000000000001,1.0
2022-08-21,Newcastle United,Manchester City,3.0,3.0,D,2223,True,csv,407,2.0,1.2,1.2,2.4,8.0,2.6,3.2,1.0,2.6,8.0,1526.9287476528984,1675.1412114783552,-148.21246382545678,0.0,-0.6000000000000001,0.0
2022-08-21,West Ham United,Brighton & Hove Albion,0.0,2.0,A,2223,True,csv,408,0.8,1.4,1.6,1.0,7.0,2.2,2.0,0.6,2.0,8.0,1484.0045143727998,1519.7605068707603,-35.755992497960506,0.5,-1.4000000000000001,-1.0
2022-08-22,Manchester United,Liverpool,2.0,1.0,H,2223,True,csv,409,0.6,0.8,2.2,1.6,9.0,2.2,2.0,1.2,2.2,7.0,1492.2895345448524,1663.2859912558345,-170.9964567109821,0.0,-1.6,2.0
2022-08-27,Arsenal,Fulham,2.0,1.0,H,2223,True,csv,410,2.4,2.8,1.0,2.4,7.0,1.6666666666666667,1.6666666666666667,1.3333333333333333,,7.0,1583.60160444351,1511.571639617676,72.02996482583399,,0.7333333333333332,0.0
2022-08-27,Brentford,Everton,1.0,1.0,D,2223,True,csv,411,1.4,2.4,1.8,2.0,7.0,0.8,1.2,2.2,0.8,7.0,1476.5240499032848,1425.3824405696037,51.14160933368112,3.0,0.5999999999999999,0.0
2022-08-27,Brighton & Hove Albion,Leeds United,1.0,0.0,H,2223,True,csv,412,2.2,1.6,0.6,1.8,6.0,2.2,2.0,1.0,1.6,6.0,1530.457175120198,1471.1320086565306,59.3251664636673,1.0,0.0,0.0
2022-08-27,Chelsea,Leicester City,2.0,1.0,H,2223,True,csv,413,1.6,1.2,1.4,1.8,6.0,1.0,2.0,2.0,1.0,7.0,1571.1948772678584,1479.6333274217102,91.56154984614818,2.0,0.6000000000000001,-1.0
2022-08-27,Liverpool,Bournemouth,9.0,0.0,H,2223,True,csv,414,1.6,1.8,1.4,2.2,5.0,1.0,0.6666666666666666,2.3333333333333335,,7.0,1650.1956836124716,1493.3306165134065,156.86506709906507,,0.6000000000000001,-2.0
2022-08-27,Manchester City,Crystal Palace,4.0,2.0,H,2223,True,csv,415,2.2,2.8,1.4,3.0,6.0,1.4,1.4,1.4,1.0,7.0,1672.6554380964606,1500.861865036259,171.79357306020165,0.5,0.8000000000000003,-1.0
2022-08-27,Southampton,Manchester United,0.0,1.0,A,2223,True,csv,416,0.8,1.4,2.6,0.8,7.0,0.6,0.6,2.4,0.0,5.0,1450.8339271723391,1505.3798421882152,-54.54591501587606,1.0,0.20000000000000007,2.0
2022-08-28,Aston Villa,West Ham United,0.0,1.0,A,2223,True,csv,417,0.8,1.2,2.0,1.6,8.0,0.2,0.6,2.0,0.6,7.0,1458.2484223367685,1473.3078461233622,-15.059423786593698,0.0,0.6000000000000001,1.0
2022-08-28,Nottingham Forest,Tottenham Hotspur,0.0,2.0,A,2223,True,csv,418,1.3333333333333333,0.6666666666666666,1.0,,8.0,2.6,2.6,0.6,1.8,8.0,1500.0405774818962,1590.5795695552442,-90.53899207334803,,-1.2666666666666668,0.0
2022-08-28,Wolverhampton Wanderers,Newcastle United,1.0,1.0,D,2223,True,csv,419,0.4,0.6,1.4,1.0,8.0,2.2,1.8,0.8,1.4,7.0,1461.329056346377,1529.414521034793,-68.0854646884161,1.5,-1.8000000000000003,1.0
2022-08-30,Crystal Palace,Brentford,1.0,1.0,D,2223,True,csv,420,1.4,1.4,1.6,2.0,3.0,1.0,2.0,1.6,1.4,3.0,1496.6929218639907,1473.4299639023013,23.26295796168938,1.0,0.3999999999999999,0.0
2022-08-30,Fulham,Brighton & Hove Albion,2.0,1.0,H,2223,True,csv,421,1.25,1.5,1.5,,3.0,2.6,1.6,0.4,2.0,3.0,1505.198825332497,1537.1516765276945,-31.952851195197354,,-1.35,0.0
2022-08-30,Leeds United,Everton,1.0,1.0,D,2223,True,csv,422,2.0,1.8,1.0,1.4,3.0,0.4,0.8,2.0,1.0,3.0,1464.437507249034,1428.476526570587,35.96098067844696,0.5,1.6,0.0
2022-08-30,Southampton,Chelsea,2.0,1.0,H,2223,True,csv,423,0.8,1.2,2.4,0.8,3.0,2.0,1.4,1.4,1.4,3.0,1440.6769588813197,1577.0897375664772,-136.4127786851575,0.0,-1.2,0.0
2022-08-31,Arsenal,Aston Villa,2.0,1.0,H,2223,True,csv,424,3.0,3.2,0.8,3.0,4.0,0.6,1.0,2.0,0.8,3.0,1589.974418728689,1446.9620945488143,143.01232417987467,3.0,2.4,1.0
2022-08-31,Bournemouth,Wolverhampton Wanderers,0.0,0.0,D,2223,True,csv,425,0.75,0.5,4.0,,4.0,0.4,0.6,1.4,0.2,3.0,1488.870987641345,1461.5617327244913,27.30925491685366,,0.35,1.0
2022-08-31,Liverpool,Newcastle United,2.0,1.0,H,2223,True,csv,426,1.6,3.2,1.2,2.2,4.0,1.8,1.6,1.0,1.6,3.0,1654.6553124845332,1529.1818446566788,125.47346782785439,3.0,-0.19999999999999996,1.0
2022-08-31,Manchester City,Nottingham Forest,6.0,0.0,H,2223,True,csv,427,2.6,3.2,1.4,3.0,4.0,1.0,0.5,1.25,,3.0,1676.8243812687288,1490.917303599115,185.90707766961373,,1.6,1.0
2022-08-31,West Ham United,Tottenham Hotspur,1.0,1.0,D,2223,True,csv,428,0.6,0.4,1.6,0.4,3.0,2.6,2.8,0.6,1.8,3.0,1484.5941739113164,1599.7028434380254,-115.10866952670904,1.5,-2.0,0.0
2022-09-01,Leicester City,Manchester United,0.0,1.0,A,2223,True,csv,429,0.8,2.0,2.2,1.4,5.0,1.2,0.8,1.6,0.6,5.0,1473.7384671230914,1515.5368104792346,-41.79834335614328,2.0,-0.3999999999999999,0.0
2022-09-03,Aston Villa,Manchester City,1.0,1.0,D,2223,True,csv,430,0.6,0.8,1.8,1.0,3.0,2.6,3.8,1.0,2.2,3.0,1442.220050812296,1680.7315687994553,-238.51151798715932,0.0,-2.0,0.0
2022-09-03,Brentford,Leeds United,5.0,2.0,H,2223,True,csv,431,1.2,2.0,1.4,1.6,4.0,1.6,1.6,1.0,1.0,4.0,1475.7816157700365,1461.7436820853363,14.037933684700192,0.5,-0.40000000000000013,0.0
2022-09-03,Chelsea,West Ham United,2.0,1.0,H,2223,True,csv,432,1.4,1.2,1.6,1.8,4.0,0.8,0.4,1.2,1.2,3.0,1564.9251892947657,1486.1671594789357,78.75802981583001,1.5,0.5999999999999999,1.0
2022-09-03,Everton,Liverpool,0.0,0.0,D,2223,True,csv,433,0.6,0.8,1.2,1.4,4.0,1.6,3.0,1.2,2.0,3.0,1431.1703517342848,1659.77223703969,-228.60188530540518,0.0,-1.0,1.0
2022-09-03,Newcastle United,Crystal Palace,0.0,0.0,D,2223,True,csv,434,1.2,1.4,1.2,2.0,3.0,1.0,1.4,1.8,1.0,4.0,1524.064920101522,1494.3412699962555,29.723650105266415,2.0,0.19999999999999996,-1.0
2022-09-03,Nottingham Forest,Bournemouth,2.0,3.0,A,2223,True,csv,435,0.8,0.4,2.2,,3.0,0.8,0.4,3.2,,3.0,1487.0101160683885,1486.4096200797555,0.6004959886329289,,0.0,0.0
2022-09-03,Tottenham Hotspur,Fulham,2.0,1.0,H,2223,True,csv,436,2.2,2.0,0.8,3.0,3.0,1.6,1.6,1.4,,4.0,1598.129857870406,1514.3933125048459,83.73654536556023,,0.6000000000000001,-1.0
2022-09-03,Wolverhampton Wanderers,Southampton,1.0,0.0,H,2223,True,csv,437,0.6,0.4,0.8,0.6,3.0,1.4,1.4,1.8,0.8,4.0,1464.0231002860808,1452.8415071530312,11.181593133049546,3.0,-0.7999999999999999,-1.0
2022-09-04,Brighton & Hove Albion,Leicester City,5.0,2.0,H,2223,True,csv,438,2.0,1.2,0.6,2.2,5.0,0.2,1.2,2.2,0.8,3.0,1527.9571893553457,1463.2150600860348,64.74212926931091,2.0,1.8,2.0
2022-09-04,Manchester United,Arsenal,3.0,1.0,H,2223,True,csv,439,1.8,1.0,1.4,2.0,3.0,3.0,2.6,0.8,1.8,4.0,1526.0602175162912,1594.7164624652073,-68.65624494891608,1.5,-1.2,-1.0
2022-09-16,Aston Villa,Southampton,1.0,0.0,H,2223,True,csv,440,0.8,1.0,1.6,1.2,13.0,1.4,1.2,1.2,0.6,13.0,1446.9490378430135,1444.862085879109,2.0869519639045393,1.5,-0.5999999999999999,0.0
2022-09-16,Nottingham Forest,Fulham,2.0,3.0,A,2223,True,csv,441,0.8,0.8,2.4,1.0,13.0,1.4,1.4,1.4,0.3333333333333333,13.0,1475.283369181039,1508.3094699119185,-33.026100730879534,,-0.5999999999999999,0.0
2022-09-17,Newcastle United,Bournemouth,1.0,1.0,D,2223,True,csv,442,0.8,1.0,1.2,1.6,14.0,0.8,0.6,3.6,1.0,14.0,1521.5383832258178,1498.136366967105,23.40201625871282,,0.0,0.0
2022-09-17,Tottenham Hotspur,Leicester City,6.0,2.0,H,2223,True,csv,443,2.2,1.6,0.8,3.0,14.0,0.0,1.2,2.8,0.8,13.0,1604.2137004633335,1456.6587126790266,147.55498778430683,3.0,2.2,1.0
2022-09-17,Wolverhampton Wanderers,Manchester City,0.0,3.0,A,2223,True,csv,444,1.2,0.4,0.4,1.2,14.0,2.2,3.6,1.2,1.8,14.0,1472.002521560003,1676.0025817687379,-204.0000602087348,0.0,-1.0000000000000002,0.0
2022-09-18,Brentford,Arsenal,0.0,3.0,A,2223,True,csv,445,1.6,2.6,1.4,2.0,14.0,2.4,2.4,1.4,1.2,14.0,1483.6823140039614,1584.4673672470265,-100.78505324306502,1.5,-0.7999999999999998,0.0
2022-09-18,Everton,West Ham United,1.0,0.0,H,2223,True,csv,446,0.8,0.8,1.0,1.0,14.0,0.8,0.6,1.2,1.2,14.0,1435.6749358226316,1479.9613233203106,-44.286387497679016,0.0,0.0,0.0
2022-10-01,Arsenal,Tottenham Hotspur,3.0,1.0,H,2223,True,csv,447,2.4,2.2,1.0,3.0,13.0,2.6,2.4,0.8,1.8,14.0,1593.2988416076682,1608.8617938942139,-15.562952286545624,1.5,-0.20000000000000018,-1.0
2022-10-01,Bournemouth,Brentford,0.0,0.0,D,2223,True,csv,448,1.0,0.8,3.0,1.3333333333333333,14.0,1.0,1.8,2.0,1.0,13.0,1500.491799553842,1474.8508396433197,25.64095991052227,,0.0,1.0
2022-10-01,Crystal Palace,Chelsea,1.0,2.0,A,2223,True,csv,449,1.2,1.4,1.4,2.0,14.0,1.4,1.4,1.8,1.2,14.0,1496.8678068719596,1571.1310254533907,-74.26321858143115,0.0,-0.19999999999999996,0.0
2022-10-01,Fulham,Newcastle United,1.0,4.0,A,2223,True,csv,450,1.8,2.0,1.8,2.3333333333333335,14.0,0.8,1.2,1.4,1.0,14.0,1519.084285027966,1519.182950639081,-0.09866561111493866,,1.0,0.0
2022-10-01,Liverpool,Brighton & Hove Albion,3.0,3.0,D,2223,True,csv,451,1.6,2.6,0.8,2.2,14.0,2.0,1.8,0.8,2.0,14.0,1655.2676529513433,1534.5135367623539,120.75411618898943,2.0,-0.3999999999999999,0.0
2022-10-01,Southampton,Everton,1.0,2.0,A,2223,True,csv,452,1.2,0.8,1.0,0.8,14.0,1.4,0.8,0.6,0.6,13.0,1436.63030985316,1445.2229698251235,-8.592659971963485,1.5,-0.19999999999999996,1.0
2022-10-01,West Ham United,Wolverhampton Wanderers,2.0,0.0,H,2223,True,csv,453,0.8,0.6,1.2,0.4,13.0,1.0,0.4,1.0,0.4,14.0,1470.4132893178187,1465.9250984349,4.488190882918616,1.5,-0.19999999999999996,-1.0
2022-10-02,Leeds United,Aston Villa,0.0,0.0,D,2223,True,csv,454,1.0,1.6,1.8,1.6,14.0,0.8,0.8,1.4,0.6,14.0,1453.8429838514114,1455.1808138689623,-1.337830017550914,0.5,0.19999999999999996,0.0
2022-10-02,Manchester City,Manchester United,6.0,3.0,H,2223,True,csv,455,2.2,3.4,1.2,3.0,14.0,2.4,1.4,1.2,1.2,14.0,1682.0800048938409,1536.309312734472,145.77069215936876,3.0,-0.19999999999999973,0.0
2022-10-03,Leicester City,Nottingham Forest,4.0,0.0,H,2223,True,csv,456,0.0,1.2,3.2,1.4,14.0,0.2,1.0,3.0,0.3333333333333333,14.0,1452.0106192481462,1464.5085540649916,-12.497934816845373,,-0.2,0.0
2022-10-08,Bournemouth,Leicester City,2.0,1.0,H,2223,True,csv,457,1.2,0.8,2.4,1.25,7.0,0.6,1.8,2.8,0.2,5.0,1498.0755933587493,1460.6518557805011,37.423737578248165,,0.6,2.0
2022-10-08,Brighton & Hove Albion,Tottenham Hotspur,0.0,1.0,A,2223,True,csv,458,2.0,2.4,1.4,2.6,7.0,2.0,2.4,1.4,1.6,7.0,1539.2924828796924,1600.1338661214932,-60.84138324180071,1.5,0.0,0.0
2022-10-08,Chelsea,Wolverhampton Wanderers,3.0,0.0,H,2223,True,csv,459,1.8,1.4,1.6,2.2,7.0,1.0,0.4,1.2,0.2,7.0,1580.720727493082,1457.7601919315794,122.96053556150264,1.0,0.8,0.0
2022-10-08,Manchester City,Southampton,4.0,0.0,H,2223,True,csv,460,2.6,4.0,1.2,3.0,6.0,0.6,0.6,1.2,0.6,7.0,1686.764845263676,1425.161391641418,261.60345362225803,1.0,2.0,-1.0
2022-10-08,Newcastle United,Brentford,5.0,1.0,H,2223,True,csv,461,1.2,1.4,1.0,1.8,7.0,1.2,1.4,1.4,1.2,7.0,1530.8901672908912,1477.2670458384123,53.62312145247893,2.0,0.0,0.0
2022-10-09,Arsenal,Liverpool,3.0,2.0,H,2223,True,csv,462,2.4,2.2,1.2,3.0,8.0,1.6,3.0,1.2,1.6,8.0,1602.026769380389,1650.4887068340047,-48.46193745361575,0.0,0.7999999999999998,0.0
2022-10-09,Crystal Palace,Leeds United,2.0,1.0,H,2223,True,csv,463,1.0,1.4,1.6,1.4,8.0,1.0,1.2,1.4,0.8,7.0,1487.2781048322684,1452.170414650268,35.1076901820004,0.5,0.0,1.0
2022-10-09,Everton,Manchester United,1.0,2.0,A,2223,True,csv,464,1.8,1.0,0.6,1.6,8.0,2.4,2.0,1.6,1.2,7.0,1456.6918880368655,1531.6244723646369,-74.93258432777134,2.0,-0.5999999999999999,1.0
2022-10-09,West Ham United,Fulham,3.0,1.0,H,2223,True,csv,465,1.4,1.0,0.8,1.0,8.0,1.2,1.6,2.2,1.0,8.0,1478.5781958211394,1507.3770683761556,-28.79887255501626,,0.19999999999999996,0.0
2022-10-10,Nottingham Forest,Aston Villa,1.0,1.0,D,2223,True,csv,466,0.0,0.8,3.6,0.75,7.0,1.0,0.6,0.8,0.2,8.0,1455.8673175326367,1456.8533830701058,-0.9860655374691305,,-1.0,-1.0
2022-10-14,Brentford,Brighton & Hove Albion,2.0,0.0,H,2223,True,csv,467,1.0,1.4,2.2,1.4,6.0,1.4,2.0,1.6,1.6,6.0,1470.4255743416977,1529.3166997887274,-58.89112544702971,0.0,-0.3999999999999999,0.0
2022-10-15,Fulham,Bournemouth,2.0,2.0,D,2223,True,csv,468,1.2,1.6,2.4,1.75,6.0,1.8,1.2,0.8,1.0,7.0,1498.2727026117445,1505.3427663103032,-7.07006369855867,,-0.6000000000000001,-1.0
2022-10-15,Leicester City,Crystal Palace,0.0,0.0,D,2223,True,csv,469,0.6,1.8,2.8,1.4,7.0,1.0,1.2,1.6,0.6,6.0,1453.3846828289472,1494.6070721564029,-41.22238932745563,2.0,-0.4,1.0
2022-10-15,Tottenham Hotspur,Everton,2.0,0.0,H,2223,True,csv,470,2.0,2.2,1.4,3.0,7.0,1.6,1.0,0.8,1.0,6.0,1610.1096492124582,1447.121417914951,162.98823129750713,2.0,0.3999999999999999,1.0
2022-10-15,Wolverhampton Wanderers,Nottingham Forest,1.0,0.0,H,2223,True,csv,471,0.8,0.2,1.6,1.2,7.0,0.2,1.0,3.4,0.25,5.0,1452.587991307287,1454.1849086398363,-1.5969173325493102,,0.6000000000000001,2.0
2022-10-16,Aston Villa,Chelsea,0.0,2.0,A,2223,True,csv,472,1.2,0.8,0.8,1.6,6.0,2.4,2.0,1.0,1.8,8.0,1458.5357919629062,1585.8929281173744,-127.35713615446821,0.0,-1.2,-2.0
2022-10-16,Leeds United,Arsenal,0.0,1.0,A,2223,True,csv,473,0.4,0.8,1.8,1.8,7.0,2.4,2.4,1.4,1.8,7.0,1444.8414473261334,1611.6947992741007,-166.8533519479672,0.0,-2.0,0.0
2022-10-16,Liverpool,Manchester City,1.0,0.0,H,2223,True,csv,474,1.6,3.2,1.4,2.2,7.0,2.6,4.0,0.8,1.8,8.0,1640.820676940293,1689.47925594984,-48.65857900954711,1.0,-1.0,-1.0
2022-10-16,Manchester United,Newcastle United,0.0,0.0,D,2223,True,csv,475,2.4,2.0,1.6,2.0,7.0,1.6,2.2,1.0,1.6,8.0,1541.1949424865513,1537.7316387876058,3.4633036989455377,2.0,0.7999999999999998,-1.0
2022-10-16,Southampton,West Ham United,1.0,1.0,D,2223,True,csv,476,0.6,0.6,1.8,0.8,8.0,1.4,1.4,1.0,0.6,7.0,1422.446980955254,1487.6825615855505,-65.23558063029645,2.0,-0.7999999999999999,1.0
2022-10-18,Brighton & Hove Albion,Nottingham Forest,0.0,0.0,D,2223,True,csv,477,0.8,1.8,2.0,2.0,4.0,0.2,1.0,2.4,0.2,3.0,1519.3486156555552,1445.850228418131,73.49838723742414,,0.6000000000000001,1.0
2022-10-18,Crystal Palace,Wolverhampton Wanderers,2.0,1.0,H,2223,True,csv,478,1.2,0.8,0.8,1.4,3.0,1.2,0.4,1.6,0.2,3.0,1495.1470096192343,1460.9226715289922,34.2243380902421,3.0,0.0,0.0
2022-10-19,Bournemouth,Southampton,0.0,1.0,A,2223,True,csv,479,1.8,1.6,1.2,1.6,4.0,0.2,0.4,1.8,0.6,3.0,1506.8545349107453,1422.5976616737487,84.25687323699663,,1.6,1.0
2022-10-19,Brentford,Chelsea,0.0,0.0,D,2223,True,csv,480,1.4,1.6,2.0,2.0,5.0,2.4,2.0,0.8,1.8,3.0,1480.3936584748699,1593.9781630427124,-113.58450456784249,1.5,-1.0,2.0
2022-10-19,Liverpool,West Ham United,1.0,0.0,H,2223,True,csv,481,1.6,1.6,1.4,2.2,3.0,1.4,1.4,1.0,0.8,3.0,1650.4943605012352,1487.5318808670559,162.96247963417932,1.5,0.20000000000000018,0.0
2022-10-19,Manchester United,Tottenham Hotspur,2.0,0.0,H,2223,True,csv,482,2.0,1.8,1.6,2.0,3.0,2.4,2.4,1.2,1.6,4.0,1539.3883695842442,1614.448330505423,-75.0599609211788,3.0,-0.3999999999999999,-1.0
2022-10-19,Newcastle United,Everton,1.0,0.0,H,2223,True,csv,483,1.8,2.0,0.6,1.8,3.0,1.4,0.8,1.0,1.0,4.0,1539.538211689913,1442.7827366219863,96.75547506792668,1.5,0.40000000000000013,-1.0
2022-10-20,Fulham,Aston Villa,3.0,0.0,H,2223,True,csv,484,0.8,1.6,2.6,1.6,5.0,1.2,0.6,0.8,0.4,4.0,1496.7609340113024,1450.4505570375682,46.310376973734265,,-0.3999999999999999,1.0
2022-10-20,Leicester City,Leeds United,2.0,0.0,H,2223,True,csv,485,0.8,1.8,2.6,1.0,5.0,0.4,0.8,1.8,0.8,4.0,1452.8447453661158,1437.823501229345,15.021244136770747,2.0,0.4,1.0
2022-10-22,Chelsea,Manchester United,1.0,1.0,D,2223,True,csv,486,2.6,1.8,0.4,2.6,3.0,2.0,2.0,1.6,1.8,3.0,1592.4479902941616,1549.8215588336284,42.62643146053324,1.0,0.6000000000000001,0.0
2022-10-22,Everton,Crystal Palace,3.0,0.0,H,2223,True,csv,487,1.2,0.8,1.2,1.0,3.0,1.6,1.0,0.8,0.6,4.0,1437.0114093469908,1502.4996039354814,-65.48819458849061,1.5,-0.40000000000000013,-1.0
2022-10-22,Manchester City,Brighton & Hove Albion,3.0,1.0,H,2223,True,csv,488,2.0,2.8,1.0,3.0,6.0,1.0,1.6,1.6,1.4,4.0,1679.8055723888979,1515.684782277249,164.12079011164883,3.0,1.0,2.0
2022-10-22,Nottingham Forest,Liverpool,1.0,0.0,H,2223,True,csv,489,0.4,0.6,1.8,0.8,4.0,1.6,1.4,1.2,1.0,3.0,1449.5140617964373,1654.8335454516791,-205.3194836552418,,-1.2000000000000002,1.0
2022-10-23,Aston Villa,Brentford,4.0,0.0,H,2223,True,csv,490,1.0,0.4,1.2,1.4,3.0,1.0,0.6,1.6,0.6,4.0,1443.4183659870691,1481.9238312234206,-38.50546523635148,0.5,0.0,-1.0
2022-10-23,Leeds United,Fulham,2.0,3.0,A,2223,True,csv,491,0.2,0.6,2.0,1.6,3.0,1.4,2.0,2.2,0.8,3.0,1429.9498415221772,1503.7931250618014,-73.84328353962428,,-1.2,0.0
2022-10-23,Southampton,Arsenal,1.0,1.0,D,2223,True,csv,492,0.8,0.6,1.6,1.0,4.0,2.4,2.2,1.2,2.4,7.0,1436.5264910798862,1618.712745370889,-182.1862542910028,1.5,-1.5999999999999999,-3.0
2022-10-23,Tottenham Hotspur,Newcastle United,1.0,2.0,A,2223,True,csv,493,1.8,2.0,1.4,3.0,4.0,2.2,2.2,0.6,1.2,4.0,1604.0151412560388,1545.3095389649084,58.70560229113039,3.0,-0.40000000000000013,0.0
2022-10-23,Wolverhampton Wanderers,Leicester City,0.0,4.0,A,2223,True,csv,494,0.6,0.4,2.0,1.6,5.0,1.4,1.8,1.6,0.0,3.0,1453.570077212745,1460.7184050732837,-7.148327860538757,1.5,-0.7999999999999999,2.0
2022-10-24,West Ham United,Bournemouth,2.0,0.0,H,2223,True,csv,495,1.4,1.2,0.8,1.4,5.0,1.2,1.0,1.0,1.0,5.0,1483.192695916612,1492.9257055046078,-9.733009587995866,,0.19999999999999996,0.0
2022-10-29,Bournemouth,Tottenham Hotspur,2.0,3.0,A,2223,True,csv,496,1.0,0.8,1.2,1.0,5.0,1.2,1.0,1.4,1.4,6.0,1484.362494646043,1590.7255360703205,-106.36304142427753,,-0.19999999999999996,-1.0
2022-10-29,Brentford,Wolverhampton Wanderers,1.0,1.0,D,2223,True,csv,497,1.0,0.6,1.8,1.6,6.0,0.6,0.4,2.2,0.2,6.0,1472.5417055753614,1442.0605098284266,30.481195746934873,1.5,0.4,0.0
2022-10-29,Brighton & Hove Albion,Chelsea,4.0,1.0,H,2223,True,csv,498,0.4,0.8,1.8,1.6,7.0,2.2,1.6,0.4,1.4,7.0,1511.3682100440644,1589.5771761885926,-78.20896614452818,1.0,-1.8000000000000003,0.0
2022-10-29,Crystal Palace,Southampton,1.0,0.0,H,2223,True,csv,499,1.4,1.0,1.4,2.0,7.0,1.0,0.8,1.6,1.2,6.0,1492.3416541345405,1439.9051399422387,52.43651419230173,2.0,0.3999999999999999,1.0
2022-10-29,Fulham,Everton,0.0,0.0,D,2223,True,csv,500,1.4,2.0,2.2,2.0,6.0,1.2,1.2,1.2,1.0,7.0,1513.3948940488374,1447.1693591479318,66.22553490090559,,0.19999999999999996,-1.0
2022-10-29,Leicester City,Manchester City,0.0,1.0,A,2223,True,csv,501,2.0,2.2,0.4,1.4,6.0,2.4,3.2,1.0,1.6,7.0,1472.2279724576022,1684.1221446220825,-211.89417216448032,0.0,-0.3999999999999999,-1.0
2022-10-29,Liverpool,Leeds United,1.0,2.0,A,2223,True,csv,502,1.4,1.4,1.4,2.6,7.0,0.2,0.6,1.6,0.2,6.0,1640.8788836943763,1420.3480725351412,220.5308111592351,3.0,1.2,1.0
2022-10-29,Newcastle United,Aston Villa,4.0,0.0,H,2223,True,csv,503,2.6,2.4,0.6,1.8,6.0,1.0,1.0,1.2,0.4,6.0,1558.5991441506267,1452.8004916351283,105.79865251549836,1.5,1.6,0.0
2022-10-30,Arsenal,Nottingham Forest,5.0,0.0,H,2223,True,csv,504,2.6,2.2,0.8,3.0,7.0,1.0,0.4,1.2,0.4,8.0,1615.3340965085365,1463.4687235537401,151.86537295479638,,1.6,-1.0
2022-10-30,Manchester United,West Ham United,1.0,0.0,H,2223,True,csv,505,1.6,1.6,1.6,2.0,8.0,2.0,1.6,0.6,0.8,6.0,1552.6923729391974,1491.7559067751768,60.93646616402066,3.0,-0.3999999999999999,2.0
2022-11-05,Everton,Leicester City,0.0,2.0,A,2223,True,csv,506,0.8,0.8,1.0,1.6,7.0,1.4,1.4,0.6,0.6,7.0,1450.6505889184211,1466.341069302943,-15.690480384521834,2.0,-0.5999999999999999,0.0
2022-11-05,Leeds United,Bournemouth,4.0,3.0,H,2223,True,csv,507,0.6,1.0,1.8,1.0,7.0,0.8,1.2,1.8,1.0,7.0,1437.0297876280208,1475.6890654154763,-38.659277787455494,,-0.20000000000000007,0.0
2022-11-05,Manchester City,Fulham,2.0,1.0,H,2223,True,csv,508,2.4,2.8,1.0,3.0,7.0,1.6,1.8,1.4,1.2,7.0,1690.0090477767417,1509.913664278348,180.09538349839363,,0.7999999999999998,0.0
2022-11-05,Nottingham Forest,Brentford,2.0,2.0,D,2223,True,csv,509,1.0,0.4,1.4,0.8,6.0,1.0,0.8,2.0,0.4,7.0,1458.9085693712093,1469.9947678828999,-11.086198511690554,,0.0,-1.0
2022-11-05,Wolverhampton Wanderers,Brighton & Hove Albion,2.0,3.0,A,2223,True,csv,510,0.8,0.6,2.0,1.4,7.0,0.8,1.0,1.4,0.8,7.0,1444.6074475208882,1521.8918268888726,-77.28437936798446,1.5,0.0,0.0
2022-11-06,Aston Villa,Manchester United,3.0,1.0,H,2223,True,csv,511,0.8,1.0,2.0,1.4,8.0,2.2,1.2,0.4,2.0,7.0,1447.240530730906,1559.3456282314453,-112.10509750053939,2.0,-1.4000000000000001,1.0
2022-11-06,Chelsea,Arsenal,0.0,1.0,A,2223,True,csv,512,1.6,1.4,1.0,2.2,8.0,2.6,2.6,0.8,2.0,7.0,1579.0535593437844,1619.8942506910673,-40.84069134728293,1.5,-1.0,1.0
2022-11-06,Southampton,Newcastle United,1.0,4.0,A,2223,True,csv,513,1.0,0.6,1.4,1.0,8.0,2.6,2.4,0.4,1.6,8.0,1433.0328892967784,1564.159105054849,-131.12621575807066,0.5,-1.6,0.0
2022-11-06,Tottenham Hotspur,Liverpool,1.0,2.0,A,2223,True,csv,514,1.8,1.4,1.2,2.4,8.0,1.2,1.0,1.2,0.4,8.0,1599.398965300887,1624.1971686014967,-24.798203300609657,1.0,0.6000000000000001,0.0
2022-11-06,West Ham United,Crystal Palace,1.0,2.0,A,2223,True,csv,515,1.4,1.2,0.8,2.0,7.0,2.0,1.0,1.0,0.6,8.0,1485.1026514829289,1499.2139047800008,-14.111253297071926,2.0,-0.6000000000000001,-1.0
2022-11-12,Bournemouth,Everton,3.0,0.0,H,2223,True,csv,516,0.2,1.4,2.4,1.0,7.0,0.8,0.6,1.0,1.0,7.0,1466.3025294671863,1439.3821280176003,26.920401449586052,,-0.6000000000000001,0.0
2022-11-12,Liverpool,Southampton,3.0,1.0,H,2223,True,csv,517,1.8,1.0,0.8,2.0,6.0,1.0,0.8,1.4,0.6,6.0,1635.2069049607246,1425.0519391589714,210.15496580175318,3.0,0.8,0.0
2022-11-12,Manchester City,Brentford,1.0,2.0,A,2223,True,csv,518,2.4,2.0,0.6,3.0,7.0,1.2,1.0,1.4,0.6,7.0,1694.0224862142888,1471.3933919783526,222.62909423593624,3.0,1.2,0.0
2022-11-12,Newcastle United,Chelsea,1.0,0.0,H,2223,True,csv,519,2.6,2.2,0.4,2.2,6.0,1.0,0.8,1.2,1.4,6.0,1572.140055192656,1568.5026684123084,3.637386780347697,0.0,1.6,0.0
2022-11-12,Nottingham Forest,Crystal Palace,1.0,0.0,H,2223,True,csv,520,1.0,0.6,1.6,1.0,7.0,2.0,1.0,1.0,1.0,6.0,1457.5099452757565,1510.5270620634278,-53.017116787671284,,-1.0,1.0
2022-11-12,Tottenham Hotspur,Leeds United,4.0,3.0,H,2223,True,csv,521,1.2,1.4,1.6,1.8,6.0,1.2,1.6,2.0,0.6,7.0,1588.3892289416592,1446.4163235763108,141.97290536534842,3.0,0.0,-1.0
2022-11-12,West Ham United,Leicester City,0.0,2.0,A,2223,True,csv,522,0.8,0.8,1.0,2.0,6.0,2.0,1.6,0.2,1.2,7.0,1473.7894941995019,1477.6095302037638,-3.820036004261965,2.0,-1.2,-1.0
2022-11-12,Wolverhampton Wanderers,Arsenal,0.0,2.0,A,2223,True,csv,523,0.8,1.0,2.0,1.2,7.0,2.6,2.2,0.6,2.0,6.0,1435.104521945876,1630.4451416225434,-195.3406196766673,0.0,-1.8,1.0
2022-11-13,Brighton & Hove Albion,Aston Villa,1.0,2.0,A,2223,True,csv,524,1.4,1.6,1.6,2.0,8.0,1.2,1.4,2.0,0.4,7.0,1531.3947524638847,1458.7290928589823,72.66565960490243,0.0,0.19999999999999996,1.0
2022-11-13,Fulham,Manchester United,1.0,2.0,A,2223,True,csv,525,1.6,1.8,1.2,1.6,8.0,1.6,1.0,0.8,1.4,7.0,1505.9002258408009,1547.8570661033689,-41.956840262567994,,0.0,1.0
2022-12-26,Arsenal,West Ham United,3.0,1.0,H,2223,True,csv,526,2.6,2.0,0.2,3.0,14.0,0.6,0.6,1.2,0.2,14.0,1636.735491700303,1462.1864519006638,174.54903979963933,3.0,2.0,0.0
2022-12-26,Aston Villa,Liverpool,1.0,3.0,A,2223,True,csv,527,1.8,1.8,1.8,2.0,14.0,1.8,1.4,1.0,0.8,14.0,1472.3721575746524,1638.6938162559081,-166.3216586812557,0.0,0.0,0.0
2022-12-26,Brentford,Tottenham Hotspur,2.0,2.0,D,2223,True,csv,528,1.2,1.0,1.6,1.6,14.0,1.2,1.8,2.2,1.4,14.0,1488.1084029055953,1593.1529527436198,-105.04454983802452,0.5,0.0,0.0
2022-12-26,Crystal Palace,Fulham,0.0,3.0,A,2223,True,csv,529,1.8,1.0,1.2,2.0,14.0,1.4,1.6,1.2,1.2,14.0,1500.7280185406667,1495.3813683221636,5.3466502185031,,0.40000000000000013,0.0
2022-12-26,Everton,Wolverhampton Wanderers,1.0,2.0,A,2223,True,csv,530,0.8,0.6,1.2,1.4,14.0,0.2,0.8,2.4,0.4,14.0,1431.8329786384552,1428.8141718681163,3.0188067703388697,0.0,0.6000000000000001,0.0
2022-12-26,Leicester City,Newcastle United,0.0,3.0,A,2223,True,csv,531,2.4,2.0,0.2,1.4,14.0,3.0,2.4,0.4,2.0,14.0,1489.212572502602,1580.3286357440284,-91.11606324142645,1.5,-0.6000000000000001,0.0
2022-12-26,Southampton,Brighton & Hove Albion,1.0,3.0,A,2223,True,csv,532,0.8,0.8,1.8,1.0,14.0,1.4,1.8,1.6,0.8,14.0,1421.565027863788,1517.7516877482146,-96.18665988442672,1.0,-0.5999999999999999,0.0
2022-12-27,Chelsea,Bournemouth,2.0,0.0,H,2223,True,csv,533,0.4,0.4,1.4,2.0,14.0,0.6,1.6,2.0,1.0,14.0,1560.314087860936,1473.8516788463314,86.46240901460465,,-0.19999999999999996,0.0
2022-12-27,Manchester United,Nottingham Forest,3.0,0.0,H,2223,True,csv,534,2.0,1.4,1.0,2.6,14.0,1.6,0.8,1.4,0.2,14.0,1558.3759236220062,1467.3089887985177,91.06693482348851,,0.3999999999999999,0.0
2022-12-28,Leeds United,Manchester City,1.0,3.0,A,2223,True,csv,535,1.2,2.2,2.6,1.0,14.0,1.8,1.4,1.0,1.6,14.0,1441.6525997743502,1677.3074752870461,-235.65487551269598,0.0,-0.6000000000000001,0.0
2022-12-30,Liverpool,Leicester City,2.0,1.0,H,2223,True,csv,536,1.8,1.8,1.2,2.0,4.0,1.8,1.6,0.8,1.8,4.0,1645.7257111960369,1480.1057779800506,165.6199332159863,1.5,0.0,0.0
2022-12-30,West Ham United,Brentford,0.0,2.0,A,2223,True,csv,537,0.6,0.8,1.6,1.8,4.0,1.2,1.4,2.0,1.0,4.0,1458.0696094710368,1489.3976736648929,-31.328064193856108,0.0,-0.6,0.0
2022-12-31,Bournemouth,Crystal Palace,0.0,2.0,A,2223,True,csv,538,0.6,1.6,2.2,1.4,4.0,1.2,0.6,1.6,1.0,5.0,1467.8340557583465,1488.869059541612,-21.035003783265438,,-0.6,-1.0
2022-12-31,Brighton & Hove Albion,Arsenal,2.0,4.0,A,2223,True,csv,539,1.8,2.4,1.8,1.4,5.0,2.6,2.4,0.4,2.6,5.0,1526.7139018646665,1640.8523341299301,-114.13843226526365,2.0,-0.8,0.0
2022-12-31,Fulham,Southampton,2.0,1.0,H,2223,True,csv,540,1.4,1.6,1.2,1.0,5.0,0.2,0.8,2.4,0.6,5.0,1507.2403273212183,1412.602813747336,94.63751357388219,,1.2,0.0
2022-12-31,Manchester City,Everton,1.0,1.0,D,2223,True,csv,541,2.4,2.0,1.0,2.4,3.0,0.8,0.8,1.4,0.8,5.0,1682.6425694585023,1420.038784693443,262.60378476505934,3.0,1.5999999999999999,-2.0
2022-12-31,Newcastle United,Leeds United,0.0,0.0,D,2223,True,csv,542,3.0,2.8,0.4,2.6,5.0,1.2,2.4,2.8,0.6,3.0,1589.4354302665797,1436.317505602894,153.1179246636857,2.0,1.8,2.0
2022-12-31,Wolverhampton Wanderers,Manchester United,0.0,1.0,A,2223,True,csv,543,0.8,1.0,2.2,0.6,5.0,2.0,1.6,1.0,1.4,4.0,1440.6083658131286,1564.2826278961777,-123.67426208304914,1.5,-1.2,1.0
2023-01-01,Nottingham Forest,Chelsea,1.0,1.0,D,2223,True,csv,544,1.4,0.8,2.0,1.6,5.0,0.8,0.8,1.4,1.4,5.0,1461.4022845243462,1566.331710948921,-104.92942642457479,,0.5999999999999999,0.0
2023-01-01,Tottenham Hotspur,Aston Villa,0.0,2.0,A,2223,True,csv,545,1.4,2.2,2.2,1.8,6.0,1.8,2.0,1.8,1.0,6.0,1591.8636819843223,1465.3402626345237,126.52341934979859,3.0,-0.40000000000000013,0.0
2023-01-02,Brentford,Liverpool,3.0,1.0,H,2223,True,csv,546,1.8,1.8,1.2,1.2,3.0,2.4,2.2,1.2,1.4,3.0,1500.221050019469,1650.0131439104591,-149.79209389099015,0.5,-0.5999999999999999,0.0
2023-01-03,Arsenal,Newcastle United,0.0,0.0,D,2223,True,csv,547,3.0,3.0,0.6,3.0,3.0,2.6,2.4,0.2,2.6,3.0,1649.3065951728508,1583.970251188161,65.33634398468985,1.5,0.3999999999999999,0.0
2023-01-03,Everton,Brighton & Hove Albion,1.0,4.0,A,2223,True,csv,548,0.4,0.4,1.6,1.2,3.0,1.8,2.6,2.0,1.4,3.0,1427.3378548795727,1518.2596408217457,-90.92178594217307,1.5,-1.4,0.0
2023-01-03,Leicester City,Fulham,0.0,1.0,A,2223,True,csv,549,1.2,1.0,1.2,1.4,4.0,1.4,1.4,1.0,1.8,3.0,1475.8183452656283,1513.0618425428231,-37.24349727719482,,-0.19999999999999996,1.0
2023-01-03,Manchester United,Bournemouth,3.0,0.0,H,2223,True,csv,550,2.4,1.6,0.8,2.6,3.0,0.6,1.6,2.2,0.4,3.0,1572.47018193642,1456.7172314482946,115.7529504881254,,1.7999999999999998,0.0
2023-01-04,Aston Villa,Wolverhampton Wanderers,1.0,1.0,D,2223,True,csv,551,1.8,1.6,1.8,1.8,3.0,0.8,1.0,1.6,0.8,4.0,1480.2463183386421,1432.4208117728863,47.82550656575586,0.0,1.0,-1.0
2023-01-04,Crystal Palace,Tottenham Hotspur,0.0,4.0,A,2223,True,csv,552,1.8,1.0,1.0,1.8,4.0,1.4,2.0,2.2,1.4,3.0,1499.9858838516639,1576.9576262802038,-76.97174242853998,1.5,0.40000000000000013,1.0
2023-01-04,Leeds United,West Ham United,2.0,2.0,D,2223,True,csv,553,1.4,2.0,2.2,0.8,4.0,0.0,0.4,2.0,0.2,5.0,1441.7826846813127,1447.2462331164606,-5.4635484351479136,1.5,1.4,-1.0
2023-01-04,Southampton,Nottingham Forest,0.0,1.0,A,2223,True,csv,554,0.0,0.8,2.6,0.4,4.0,1.0,0.8,2.2,0.2,3.0,1406.7812985257312,1462.688296704292,-55.9069981785608,,-1.0,1.0
2023-01-05,Chelsea,Manchester City,0.0,1.0,A,2223,True,csv,555,0.8,0.8,1.4,2.0,4.0,2.0,1.6,1.0,2.0,5.0,1565.0456987689752,1675.3434992723726,-110.29780050339741,0.0,-1.2,-1.0
2023-01-12,Fulham,Chelsea,2.0,1.0,H,2223,True,csv,556,1.8,1.6,1.0,1.6,9.0,0.8,0.6,0.8,1.0,7.0,1523.715892307187,1556.4833563785805,-32.76746407139353,,1.0,2.0
2023-01-13,Aston Villa,Leeds United,2.0,1.0,H,2223,True,csv,557,2.0,1.8,1.2,1.4,9.0,1.0,2.0,2.4,0.8,9.0,1477.2387931347355,1440.2257655098072,37.01302762492833,1.6666666666666667,1.0,0.0
2023-01-14,Brentford,Bournemouth,2.0,0.0,H,2223,True,csv,558,2.2,2.2,1.2,1.8,12.0,0.6,1.2,2.2,0.2,11.0,1512.7494310229995,1451.384345526036,61.3650854969635,1.0,1.6,1.0
2023-01-14,Brighton & Hove Albion,Liverpool,3.0,0.0,H,2223,True,csv,559,1.8,2.6,2.0,0.8,11.0,2.4,2.2,1.4,1.2,12.0,1527.3719827590749,1637.4847629069286,-110.11278014785375,0.6666666666666666,-0.5999999999999999,-1.0
2023-01-14,Everton,Southampton,1.0,2.0,A,2223,True,csv,560,0.2,0.6,2.4,0.6,11.0,0.0,0.8,2.6,0.6,10.0,1418.2255129422435,1396.663497912997,21.562015029246595,2.0,0.2,1.0
2023-01-14,Manchester United,Manchester City,2.0,1.0,H,2223,True,csv,561,2.4,2.0,0.8,2.6,11.0,2.0,1.6,1.0,2.4,9.0,1577.8030678586786,1683.9058416627672,-106.10277380408866,0.0,0.3999999999999999,2.0
2023-01-14,Nottingham Forest,Leicester City,2.0,0.0,H,2223,True,csv,562,1.6,1.0,1.2,1.8,10.0,1.2,1.0,1.2,1.8,11.0,1472.8060973170263,1465.1642955012644,7.641801815761937,0.0,0.40000000000000013,-1.0
2023-01-14,Wolverhampton Wanderers,West Ham United,1.0,0.0,H,2223,True,csv,563,0.8,1.0,1.6,0.6,10.0,0.2,0.8,2.2,0.4,10.0,1435.428336976793,1448.8031522879662,-13.374815311173279,1.0,0.6000000000000001,0.0
2023-01-15,Chelsea,Crystal Palace,1.0,0.0,H,2223,True,csv,564,0.8,0.8,1.0,1.4,3.0,1.2,0.8,1.8,1.4,11.0,1547.265570537789,1490.4739816966603,56.791588841128714,3.0,-0.3999999999999999,-8.0
2023-01-15,Newcastle United,Fulham,1.0,0.0,H,2223,True,csv,565,2.2,1.6,0.2,2.6,12.0,2.4,1.8,0.8,1.8,3.0,1587.4289695816342,1532.9336781479785,54.495291433655666,3.0,-0.19999999999999973,9.0
2023-01-15,Tottenham Hotspur,Arsenal,0.0,2.0,A,2223,True,csv,566,1.4,2.2,1.8,1.2,11.0,2.6,2.0,0.6,2.6,12.0,1586.4695284352074,1645.8478767793777,-59.37834834417026,1.0,-1.2000000000000002,-1.0
2023-01-18,Crystal Palace,Manchester United,1.0,1.0,D,2223,True,csv,567,0.6,0.4,1.8,1.8,3.0,3.0,2.2,0.4,2.0,4.0,1483.7143699892094,1589.1222786215137,-105.40790863230427,1.5,-2.4,-1.0
2023-01-19,Manchester City,Tottenham Hotspur,4.0,2.0,H,2223,True,csv,568,1.4,1.4,1.2,2.0,5.0,1.4,2.0,1.8,2.0,4.0,1672.586630899932,1576.4516358813546,96.13499501857746,0.0,0.0,1.0
2023-01-21,Bournemouth,Nottingham Forest,1.0,1.0,D,2223,True,csv,569,0.6,0.6,1.8,1.2,7.0,2.0,1.0,0.8,0.8,7.0,1444.7420405713247,1480.883440540216,-36.14139996889139,3.0,-1.4,0.0
2023-01-21,Crystal Palace,Newcastle United,0.0,0.0,D,2223,True,csv,570,0.8,0.6,1.8,1.4,3.0,2.2,1.0,0.0,2.2,6.0,1485.013923825047,1594.2478603179688,-109.23393649292188,0.6666666666666666,-1.4000000000000001,-3.0
2023-01-21,Leicester City,Brighton & Hove Albion,2.0,2.0,D,2223,True,csv,571,0.6,0.6,1.6,0.8,7.0,1.8,2.6,1.6,1.8,7.0,1457.0869522780747,1538.8044247227087,-81.71747244463404,0.3333333333333333,-1.2000000000000002,0.0
2023-01-21,Liverpool,Chelsea,0.0,0.0,D,2223,True,csv,572,1.8,1.8,1.8,2.4,7.0,1.4,1.0,0.8,0.4,6.0,1626.0523209432947,1554.0251822452399,72.02713869805484,1.0,0.40000000000000013,1.0
2023-01-21,Southampton,Aston Villa,0.0,1.0,A,2223,True,csv,573,0.6,1.0,2.0,0.4,7.0,2.0,1.6,1.2,1.4,8.0,1408.9688472261375,1484.5169079521395,-75.54806072600195,1.0,-1.4,-1.0
2023-01-21,West Ham United,Everton,2.0,0.0,H,2223,True,csv,574,0.2,0.6,2.0,1.2,7.0,0.2,0.8,2.4,0.4,7.0,1440.137134626093,1405.920163629103,34.216970996990085,2.0,0.0,0.0
2023-01-22,Arsenal,Manchester United,3.0,2.0,H,2223,True,csv,575,2.6,2.2,0.6,2.6,7.0,2.6,2.0,0.4,1.6,4.0,1655.8657693332304,1587.8227247856762,68.04304454755425,1.0,0.0,3.0
2023-01-22,Leeds United,Brentford,0.0,0.0,D,2223,True,csv,576,0.4,1.4,2.2,0.8,9.0,2.6,2.2,0.8,1.4,8.0,1432.9476506924032,1519.3917359777108,-86.44408528530766,1.3333333333333333,-2.2,1.0
2023-01-22,Manchester City,Wolverhampton Wanderers,3.0,0.0,H,2223,True,csv,577,2.0,2.0,1.2,2.0,3.0,1.4,0.8,1.0,1.0,8.0,1678.3726346328635,1444.0943546386661,234.27827999419742,3.0,0.6000000000000001,-5.0
2023-01-23,Fulham,Tottenham Hotspur,0.0,1.0,A,2223,True,csv,578,2.4,1.6,0.6,2.0,8.0,0.8,1.6,2.0,1.4,4.0,1526.1147874116439,1570.6656321484231,-44.550844736779254,0.0,1.5999999999999999,4.0
2023-02-03,Chelsea,Fulham,0.0,0.0,D,2223,True,csv,579,1.0,0.6,0.8,1.4,13.0,1.8,1.0,0.8,1.8,11.0,1557.6522973191625,1515.6704178165583,41.981879502604215,0.0,-0.8,2.0
2023-02-04,Aston Villa,Leicester City,2.0,4.0,A,2223,True,csv,580,2.0,1.4,1.0,2.0,14.0,0.2,0.6,2.0,1.8,14.0,1494.06969728629,1457.7112185411709,36.3584787451191,2.0,1.8,0.0
2023-02-04,Brentford,Southampton,3.0,0.0,H,2223,True,csv,581,2.2,1.8,0.6,1.8,13.0,0.6,0.8,1.6,1.2,14.0,1518.6320803660817,1399.416057891987,119.21602247409464,1.5,1.6,-1.0
2023-02-04,Brighton & Hove Albion,Bournemouth,1.0,0.0,H,2223,True,csv,582,2.0,2.8,1.6,1.4,14.0,0.2,0.2,2.0,0.0,14.0,1538.1801584596126,1444.0564122501405,94.12374620947207,,1.8,0.0
2023-02-04,Everton,Arsenal,1.0,0.0,H,2223,True,csv,583,0.2,0.8,2.2,0.6,14.0,2.6,2.4,1.0,2.6,13.0,1398.5673721312676,1662.3386511031374,-263.77127897186983,1.5,-2.4,1.0
2023-02-04,Manchester United,Crystal Palace,2.0,1.0,H,2223,True,csv,584,2.0,1.8,1.0,3.0,13.0,1.0,0.6,1.2,1.2,14.0,1581.3498430157692,1486.4215807359546,94.92826227981459,1.3333333333333333,1.0,-1.0
2023-02-04,Newcastle United,West Ham United,1.0,1.0,D,2223,True,csv,585,1.8,0.8,0.0,2.6,14.0,0.8,1.0,1.6,0.2,14.0,1592.8402034070612,1447.4899261239284,145.35027728313275,0.5,1.0,0.0
2023-02-04,Wolverhampton Wanderers,Liverpool,3.0,0.0,H,2223,True,csv,586,1.4,0.8,1.2,0.6,13.0,1.4,1.2,1.6,1.2,14.0,1440.9893492537108,1622.4252058693721,-181.43585661566135,0.0,0.0,-1.0
2023-02-05,Nottingham Forest,Leeds United,1.0,0.0,H,2223,True,csv,587,1.6,1.0,1.0,2.2,14.0,0.6,0.8,1.4,0.8,14.0,1481.5690688614002,1433.7073063040323,47.86176255736791,,1.0,0.0
2023-02-05,Tottenham Hotspur,Manchester City,1.0,0.0,H,2223,True,csv,588,1.2,1.4,1.6,0.6,13.0,2.0,2.0,1.0,1.8,14.0,1581.1100017435087,1681.4776400178189,-100.36763827431014,2.0,-0.8,-1.0
2023-02-08,Manchester United,Leeds United,2.0,2.0,D,2223,True,csv,589,2.0,2.0,1.2,3.0,4.0,0.6,0.6,1.0,0.8,3.0,1587.1644533370313,1426.7157806198936,160.4486727171377,3.0,1.4,1.0
2023-02-11,Arsenal,Brentford,1.0,1.0,D,2223,True,csv,590,2.0,1.8,1.0,2.6,7.0,2.6,2.0,0.2,1.6,7.0,1647.0649076688635,1523.8873658392874,123.17754182957606,2.0,-0.6000000000000001,0.0
2023-02-11,Bournemouth,Newcastle United,1.0,1.0,D,2223,True,csv,591,0.2,0.2,1.8,0.8,7.0,1.4,0.4,0.2,2.2,7.0,1438.2226839208558,1587.5337313665862,-149.3110474457303,1.0,-1.2,0.0
2023-02-11,Crystal Palace,Brighton & Hove Albion,1.0,1.0,D,2223,True,csv,592,0.4,0.4,1.6,1.0,7.0,2.0,2.4,1.4,2.0,7.0,1480.6069704146926,1544.0138867888973,-63.406916374204684,1.0,-1.6,0.0
2023-02-11,Fulham,Nottingham Forest,2.0,0.0,H,2223,True,csv,593,1.4,0.6,0.6,1.4,8.0,2.2,1.2,0.4,1.0,6.0,1518.524200125904,1488.5605945455388,29.963605580365083,3.0,-0.8000000000000003,2.0
2023-02-11,Leicester City,Tottenham Hotspur,4.0,1.0,H,2223,True,csv,594,0.8,1.4,1.8,0.8,7.0,1.8,1.6,1.2,2.0,6.0,1470.4156511129675,1592.2666756038814,-121.85102449091391,0.0,-1.0,1.0
2023-02-11,Southampton,Wolverhampton Wanderers,1.0,2.0,A,2223,True,csv,595,0.6,0.6,1.6,0.2,7.0,1.4,1.0,1.0,1.0,7.0,1394.1607724187813,1454.348851483066,-60.18807906428469,0.0,-0.7999999999999999,0.0
2023-02-11,West Ham United,Chelsea,1.0,1.0,D,2223,True,csv,596,1.0,1.0,1.2,1.2,7.0,1.0,0.4,0.6,0.4,8.0,1452.7963981644034,1554.7985150098168,-102.00211684541341,1.0,0.0,-1.0
2023-02-12,Leeds United,Manchester United,0.0,2.0,A,2223,True,csv,597,0.6,1.0,1.4,1.0,4.0,1.6,1.8,1.6,1.4,4.0,1432.327226598036,1581.5530073588889,-149.22578076085279,0.3333333333333333,-1.0,0.0
2023-02-12,Manchester City,Aston Villa,3.0,1.0,H,2223,True,csv,598,1.8,1.8,1.0,2.0,7.0,2.0,1.6,1.2,1.8,8.0,1670.3209661574463,1481.3652647144934,188.9557014429529,2.3333333333333335,-0.19999999999999996,-1.0
2023-02-13,Liverpool,Everton,2.0,0.0,H,2223,True,csv,599,0.8,0.6,2.0,2.0,9.0,0.8,0.8,1.8,0.4,9.0,1609.0657036400169,1413.8411155655415,195.22458807447538,2.3333333333333335,0.0,0.0
2023-02-15,Arsenal,Manchester City,1.0,3.0,A,2223,True,csv,600,1.6,1.2,0.8,2.2,4.0,1.8,2.2,1.2,1.8,3.0,1642.232319577513,1674.1732755963953,-31.94095601888239,0.0,-0.19999999999999996,1.0
2023-02-18,Aston Villa,Arsenal,2.0,4.0,A,2223,True,csv,601,1.4,1.4,1.8,1.4,6.0,1.4,1.4,1.4,2.4,3.0,1477.5129552755443,1631.4264666015797,-153.9135113260354,0.0,0.0,3.0
2023-02-18,Brentford,Crystal Palace,1.0,1.0,D,2223,True,csv,602,2.2,1.8,0.4,2.2,7.0,0.6,0.6,1.0,1.2,7.0,1528.719953930638,1480.7050262075472,48.01492772309075,1.0,1.6,0.0
2023-02-18,Brighton & Hove Albion,Fulham,0.0,1.0,A,2223,True,csv,603,2.2,2.2,0.8,1.8,7.0,1.4,0.8,0.6,1.4,7.0,1543.9158309960426,1525.9911987725518,17.92463222349079,0.0,0.8000000000000003,0.0
2023-02-18,Chelsea,Southampton,0.0,1.0,A,2223,True,csv,604,1.2,0.6,0.6,1.4,7.0,0.6,0.6,1.6,0.6,7.0,1553.5954520592697,1384.1661857688741,169.42926629039562,2.0,0.6,0.0
2023-02-18,Everton,Leeds United,1.0,0.0,H,2223,True,csv,605,0.6,0.6,2.0,0.6,5.0,0.4,0.6,1.4,0.4,6.0,1410.099802864964,1424.8403435214555,-14.740540656491476,1.6666666666666667,0.19999999999999996,-1.0
2023-02-18,Newcastle United,Liverpool,0.0,2.0,A,2223,True,csv,606,1.4,0.6,0.4,2.2,7.0,0.8,0.6,1.8,1.2,5.0,1585.018315412101,1612.8070163405944,-27.788700928493427,0.0,0.5999999999999999,2.0
2023-02-18,Nottingham Forest,Manchester City,1.0,1.0,D,2223,True,csv,607,2.0,1.0,0.6,2.2,7.0,2.4,2.6,1.0,1.8,3.0,1481.093595898891,1684.9791285723286,-203.88553267343764,0.0,-0.3999999999999999,4.0
2023-02-18,Wolverhampton Wanderers,Bournemouth,0.0,1.0,A,2223,True,csv,608,2.0,1.4,1.0,1.2,7.0,0.4,0.4,1.6,0.0,7.0,1464.3434381329732,1440.738099875341,23.605338257632184,1.0,1.6,0.0
2023-02-19,Manchester United,Leicester City,3.0,0.0,H,2223,True,csv,609,1.6,1.8,1.4,2.6,7.0,1.4,2.0,1.6,1.8,8.0,1589.0398904354695,1482.1772960736114,106.8625943618581,1.3333333333333333,0.20000000000000018,-1.0
2023-02-19,Tottenham Hotspur,West Ham United,2.0,0.0,H,2223,True,csv,610,1.2,1.0,2.0,1.2,8.0,1.2,1.2,1.0,0.4,8.0,1580.5050306432374,1453.9994611149505,126.50556952828697,1.3333333333333333,0.0,0.0
2023-02-24,Fulham,Wolverhampton Wanderers,1.0,1.0,D,2223,True,csv,611,1.4,0.6,0.4,1.8,6.0,1.8,1.2,1.0,1.6,6.0,1538.1971836183945,1451.9824789080512,86.21470471034331,1.0,-0.40000000000000013,0.0
2023-02-25,Bournemouth,Manchester City,1.0,4.0,A,2223,True,csv,612,1.0,0.6,1.0,1.0,7.0,2.0,2.0,0.8,1.4,7.0,1453.099059100263,1681.0593412262865,-227.96028212602346,0.0,-1.0,0.0
2023-02-25,Crystal Palace,Liverpool,0.0,0.0,D,2223,True,csv,613,0.8,0.8,1.0,0.6,7.0,1.4,0.8,1.2,1.2,7.0,1483.7175094343145,1623.7314848340827,-140.01397539976824,0.3333333333333333,-0.5999999999999999,0.0
2023-02-25,Everton,Aston Villa,0.0,2.0,A,2223,True,csv,614,1.2,0.6,1.2,1.2,7.0,1.2,1.6,2.4,1.8,7.0,1418.8044498168074,1470.1520397026006,-51.34758988579324,0.0,0.0,0.0
2023-02-25,Leeds United,Southampton,1.0,0.0,H,2223,True,csv,615,0.4,0.4,1.2,1.0,7.0,1.2,0.8,1.4,1.2,7.0,1416.135696569612,1399.9521520594396,16.183544510172396,0.6666666666666666,-0.7999999999999999,0.0
2023-02-25,Leicester City,Arsenal,0.0,1.0,A,2223,True,csv,616,1.4,2.0,2.0,0.8,6.0,1.4,1.8,1.8,2.4,7.0,1476.6418874733263,1638.7873821745234,-162.1454947011971,0.0,0.0,-1.0
2023-02-25,West Ham United,Nottingham Forest,4.0,0.0,H,2223,True,csv,617,1.0,0.8,1.0,0.8,6.0,1.6,1.0,0.8,0.8,7.0,1448.905126708733,1485.013383244933,-36.10825653620009,0.0,-0.6000000000000001,-1.0
2023-02-26,Tottenham Hotspur,Chelsea,2.0,0.0,H,2223,True,csv,618,1.8,1.4,1.6,1.8,7.0,1.2,0.4,0.4,0.6,8.0,1585.599365049455,1537.8094857687042,47.78987928075071,0.3333333333333333,0.6000000000000001,-1.0
2023-03-01,Arsenal,Everton,4.0,0.0,H,2223,True,csv,619,1.4,1.4,1.4,1.6,4.0,1.2,0.4,1.2,0.4,4.0,1645.9292747454485,1408.5554649055862,237.37380983986236,1.0,0.19999999999999996,0.0
2023-03-01,Liverpool,Wolverhampton Wanderers,2.0,0.0,H,2223,True,csv,620,1.6,0.8,0.6,2.0,4.0,1.4,1.2,1.2,1.6,5.0,1621.4683667849679,1455.9588553055246,165.5095114794433,2.0,0.20000000000000018,-1.0
2023-03-04,Arsenal,Bournemouth,3.0,2.0,H,2223,True,csv,621,2.0,2.2,1.2,1.6,3.0,1.0,0.8,1.4,0.6,7.0,1648.9878275444937,1447.5889112811615,201.39891626333224,3.0,1.0,-4.0
2023-03-04,Aston Villa,Crystal Palace,1.0,0.0,H,2223,True,csv,622,1.2,1.6,2.2,0.8,7.0,0.8,0.6,0.8,0.8,7.0,1480.4010246138218,1485.9806274834293,-5.57960286960747,1.3333333333333333,0.3999999999999999,0.0
2023-03-04,Brighton & Hove Albion,West Ham United,4.0,0.0,H,2223,True,csv,623,1.6,1.4,0.8,1.2,14.0,1.6,1.6,0.8,0.4,7.0,1531.7098461501998,1458.2185489334483,73.49129721675149,2.3333333333333335,0.0,7.0
2023-03-04,Chelsea,Leeds United,1.0,0.0,H,2223,True,csv,624,0.6,0.2,0.8,1.4,6.0,0.8,0.6,1.2,0.4,7.0,1530.8160782609468,1423.977437956263,106.83864030468385,2.0,-0.20000000000000007,-1.0
2023-03-04,Manchester City,Newcastle United,2.0,0.0,H,2223,True,csv,625,2.0,2.2,1.0,2.0,7.0,1.2,0.6,0.8,1.8,14.0,1686.569489045388,1574.0938469186126,112.47564212677548,2.3333333333333335,0.8,-7.0
2023-03-04,Southampton,Leicester City,1.0,0.0,H,2223,True,csv,626,0.6,0.4,1.4,0.0,7.0,1.4,2.0,1.8,1.2,7.0,1392.1104106727887,1469.499994902401,-77.38958422961241,1.3333333333333333,-0.7999999999999999,0.0
2023-03-04,Wolverhampton Wanderers,Tottenham Hotspur,1.0,0.0,H,2223,True,csv,627,1.4,1.2,1.0,1.2,3.0,2.4,1.4,0.8,1.4,6.0,1451.669281162575,1592.5927725572124,-140.92349139463727,1.0,-1.0,-3.0
2023-03-05,Liverpool,Manchester United,7.0,0.0,H,2223,True,csv,628,2.0,1.2,0.6,2.6,4.0,2.0,2.2,1.2,2.0,14.0,1625.7579409279174,1594.5752990357546,31.182641892162792,2.0,0.0,-10.0
2023-03-05,Nottingham Forest,Everton,2.0,2.0,D,2223,True,csv,629,1.0,0.6,1.6,2.2,8.0,1.2,0.4,1.6,0.2,4.0,1475.6999610202176,1405.496912106541,70.20304891367664,1.0,-0.19999999999999996,4.0
2023-03-06,Brentford,Fulham,3.0,2.0,H,2223,True,csv,630,1.8,1.4,0.4,2.2,14.0,1.6,0.8,0.4,2.0,10.0,1525.7074707038707,1534.2208072209212,-8.513336517050448,0.0,0.19999999999999996,4.0
2023-03-11,Bournemouth,Liverpool,1.0,0.0,H,2223,True,csv,631,0.8,1.0,1.8,1.0,7.0,2.6,2.6,0.0,0.8,6.0,1443.954498149198,1633.1921333754553,-189.23763522625745,0.0,-1.8,1.0
2023-03-11,Crystal Palace,Manchester City,0.0,1.0,A,2223,True,csv,632,0.6,0.6,1.0,0.8,7.0,2.6,2.6,0.8,1.4,7.0,1477.5342871395562,1691.9764809384492,-214.44219379889296,1.3333333333333333,-2.0,0.0
2023-03-11,Everton,Brentford,1.0,0.0,H,2223,True,csv,633,0.8,0.6,2.0,1.2,6.0,1.8,1.6,0.8,1.8,5.0,1409.078346167444,1534.2363187177143,-125.15797255027042,0.3333333333333333,-1.0,1.0
2023-03-11,Leeds United,Brighton & Hove Albion,2.0,2.0,D,2223,True,csv,634,0.8,0.6,1.2,1.0,7.0,1.6,1.6,0.8,2.2,7.0,1418.441477311582,1538.0461894470957,-119.60471213551364,0.6666666666666666,-0.8,0.0
2023-03-11,Leicester City,Chelsea,1.0,3.0,A,2223,True,csv,635,1.2,1.6,1.6,0.8,7.0,1.0,0.4,0.8,0.6,7.0,1458.9998999654129,1536.3520389056278,-77.3521389402149,0.3333333333333333,0.19999999999999996,0.0
2023-03-11,Tottenham Hotspur,Nottingham Forest,3.0,1.0,H,2223,True,csv,636,1.8,1.2,1.0,1.8,7.0,1.0,0.8,1.8,0.8,6.0,1580.3048320541227,1472.1185269593147,108.18630509480795,3.0,0.8,1.0
2023-03-12,Fulham,Arsenal,0.0,3.0,A,2223,True,csv,637,1.6,1.2,0.8,2.0,6.0,2.4,2.6,1.4,2.4,8.0,1525.6919592070776,1652.6222406764573,-126.93028146937968,0.0,-0.7999999999999998,-2.0
2023-03-12,Manchester United,Southampton,0.0,0.0,D,2223,True,csv,638,2.0,1.8,2.0,2.6,7.0,1.2,0.6,1.2,1.2,8.0,1587.1411065882166,1402.610505609777,184.53060097843968,1.6666666666666667,0.8,-1.0
2023-03-12,Newcastle United,Wolverhampton Wanderers,2.0,1.0,H,2223,True,csv,639,0.6,0.4,1.2,1.6,8.0,1.4,0.8,1.0,1.0,8.0,1568.6868550255515,1463.9572216656647,104.72963335988675,1.3333333333333333,-0.7999999999999999,0.0
2023-03-12,West Ham United,Aston Villa,1.0,1.0,D,2223,True,csv,640,1.0,1.2,1.6,1.4,8.0,1.2,1.6,2.2,2.4,8.0,1451.8822056365525,1488.847364957695,-36.96515932114244,3.0,-0.19999999999999996,0.0
2023-03-15,Brighton & Hove Albion,Crystal Palace,1.0,0.0,H,2223,True,csv,641,1.6,1.6,0.8,1.8,4.0,0.6,0.4,0.8,0.8,4.0,1536.3472626440055,1471.7081306166838,64.6391320273217,1.0,1.0,0.0
2023-03-15,Southampton,Brentford,0.0,2.0,A,2223,True,csv,642,1.4,0.6,0.6,0.6,3.0,1.6,1.6,1.0,1.6,4.0,1408.6783469553302,1522.3826031612116,-113.70425620588139,1.0,-0.20000000000000018,-1.0
2023-03-17,Nottingham Forest,Newcastle United,1.0,2.0,A,2223,True,csv,643,0.4,0.8,2.4,1.8,6.0,1.0,0.8,1.4,1.2,5.0,1466.6135716651095,1574.2715527367372,-107.65798107162777,0.0,-0.6,1.0
2023-03-18,Aston Villa,Bournemouth,3.0,0.0,H,2223,True,csv,644,1.4,1.4,1.6,1.4,6.0,1.4,1.2,1.6,0.6,7.0,1489.5093912423163,1457.5116854295309,31.997705812785398,0.0,0.0,-1.0
2023-03-18,Brentford,Leicester City,1.0,1.0,D,2223,True,csv,645,1.6,1.4,1.0,2.6,3.0,0.6,1.0,1.8,0.6,7.0,1530.8490645638094,1449.4989198299747,81.35014473383467,0.3333333333333333,1.0,-4.0
2023-03-18,Chelsea,Everton,2.0,2.0,D,2223,True,csv,646,1.4,1.0,1.0,1.4,7.0,1.4,0.8,1.6,0.4,7.0,1545.8530190410659,1420.9320617239466,124.92095731711925,1.3333333333333333,0.0,0.0
2023-03-18,Southampton,Tottenham Hotspur,3.0,3.0,D,2223,True,csv,647,1.4,0.4,0.6,0.6,3.0,1.8,1.6,1.2,1.2,7.0,1400.2118855527324,1585.809787348328,-185.5979017955956,1.3333333333333333,-0.40000000000000013,-4.0
2023-03-18,Wolverhampton Wanderers,Leeds United,2.0,4.0,A,2223,True,csv,648,0.8,0.6,1.2,1.8,6.0,0.8,0.6,1.2,0.2,7.0,1458.372523954479,1420.1404041146723,38.23211983980673,0.3333333333333333,0.0,-1.0
2023-03-19,Arsenal,Crystal Palace,4.0,1.0,H,2223,True,csv,649,3.0,3.0,0.8,2.0,7.0,0.4,0.2,0.8,0.2,4.0,1660.7193138063658,1465.1491699963658,195.57014381,1.3333333333333333,2.6,3.0
2023-04-01,Arsenal,Leeds United,4.0,1.0,H,2223,True,csv,650,3.0,3.0,0.6,2.0,13.0,1.4,1.4,1.2,0.8,14.0,1664.4545803015758,1432.8947468874585,231.5598334141173,3.0,1.6,-1.0
2023-04-01,Bournemouth,Fulham,2.0,1.0,H,2223,True,csv,651,1.2,1.0,2.0,1.0,14.0,1.4,1.2,1.4,1.4,14.0,1450.0993947636323,1517.5948860771691,-67.49549131353683,1.0,-0.19999999999999996,0.0
2023-04-01,Brighton & Hove Albion,Brentford,3.0,3.0,D,2223,True,csv,652,1.6,1.6,0.8,2.4,14.0,1.6,1.4,1.0,1.6,14.0,1542.9062232643234,1526.9912153083676,15.915007955955843,2.0,0.0,0.0
2023-04-01,Chelsea,Aston Villa,0.0,2.0,A,2223,True,csv,653,1.4,1.2,1.2,1.6,14.0,2.0,1.8,1.0,2.0,14.0,1540.9820636612908,1496.9216819082149,44.060381753075944,3.0,-0.6000000000000001,0.0
2023-04-01,Crystal Palace,Leicester City,2.0,1.0,H,2223,True,csv,654,0.2,0.2,1.4,0.8,13.0,0.2,0.4,1.8,0.8,14.0,1461.4139035011558,1453.3567690854165,8.057134415739256,0.6666666666666666,0.0,-1.0
2023-04-01,Manchester City,Liverpool,4.0,1.0,H,2223,True,csv,655,2.6,2.2,0.6,2.6,14.0,2.0,2.2,0.2,0.8,14.0,1697.8026374613216,1619.6349460951224,78.16769136619928,0.6666666666666666,0.6000000000000001,0.0
2023-04-01,Nottingham Forest,Wolverhampton Wanderers,1.0,1.0,D,2223,True,csv,656,0.4,1.0,2.4,1.6,14.0,0.8,1.0,1.8,0.8,14.0,1457.9767396317434,1445.6181811816928,12.358558450050623,0.0,-0.4,0.0
2023-04-02,Newcastle United,Manchester United,2.0,0.0,H,2223,True,csv,657,1.4,1.0,1.4,1.6,14.0,1.6,1.4,1.8,1.4,14.0,1582.9083847701033,1581.0732652426634,1.8351195274399288,0.6666666666666666,-0.20000000000000018,0.0
2023-04-02,West Ham United,Southampton,1.0,0.0,H,2223,True,csv,658,1.0,1.2,1.6,1.6,14.0,1.0,0.8,1.2,1.4,14.0,1451.2201793519312,1403.6772298755247,47.54294947640642,0.6666666666666666,0.0,0.0
2023-04-03,Everton,Tottenham Hotspur,1.0,1.0,D,2223,True,csv,659,1.0,1.0,2.0,1.8,14.0,2.0,2.0,1.0,0.8,14.0,1425.8030171037217,1582.3444430255356,-156.54142592181393,0.3333333333333333,-1.0,0.0
2023-04-04,Bournemouth,Brighton & Hove Albion,0.0,2.0,A,2223,True,csv,660,1.2,1.2,2.2,1.6,3.0,1.6,2.0,1.2,1.8,3.0,1460.3150988818675,1540.7553349544748,-80.44023607260738,0.0,-0.40000000000000013,0.0
2023-04-04,Chelsea,Liverpool,0.0,0.0,D,2223,True,csv,661,1.4,1.2,1.4,1.0,3.0,1.4,2.0,1.0,0.8,3.0,1528.0734236773676,1613.4145552749837,-85.34113159761614,1.0,0.0,0.0
2023-04-04,Leeds United,Nottingham Forest,2.0,1.0,H,2223,True,csv,662,1.4,1.6,1.8,1.2,3.0,0.4,1.0,2.4,0.8,3.0,1429.748474083086,1455.9236905301707,-26.175216447084722,0.0,0.9999999999999999,0.0
2023-04-04,Leicester City,Aston Villa,1.0,2.0,A,2223,True,csv,663,0.2,0.6,1.6,0.8,3.0,2.6,1.8,0.2,2.0,3.0,1445.29093554327,1509.830321892138,-64.53938634886799,1.3333333333333333,-2.4,0.0
2023-04-05,Manchester United,Brentford,1.0,0.0,H,2223,True,csv,664,1.4,1.0,1.8,2.2,3.0,1.6,1.8,1.4,1.2,4.0,1572.8344666248463,1529.1421036182162,43.6923630066301,2.0,-0.20000000000000018,-1.0
2023-04-05,West Ham United,Newcastle United,1.0,5.0,A,2223,True,csv,665,1.4,1.2,1.4,2.2,3.0,1.8,1.2,1.2,1.2,3.0,1458.2200529880547,1591.1471833879204,-132.92713039986575,1.6666666666666667,-0.40000000000000013,0.0
2023-04-08,Aston Villa,Nottingham Forest,2.0,0.0,H,2223,True,csv,666,2.6,1.8,0.4,1.8,4.0,0.4,1.2,2.0,0.2,4.0,1519.6996752843258,1446.8941818564772,72.80549342784866,1.0,2.2,0.0
2023-04-08,Brentford,Newcastle United,1.0,2.0,A,2223,True,csv,667,1.0,1.2,1.2,2.2,3.0,2.4,2.2,1.0,1.6,3.0,1522.0410443258907,1599.078464527566,-77.03742020167533,0.3333333333333333,-1.4,0.0
2023-04-08,Fulham,West Ham United,0.0,1.0,A,2223,True,csv,668,0.8,1.0,1.8,1.4,7.0,1.4,1.4,2.0,0.4,3.0,1507.379181958934,1450.2887718484092,57.09041011052477,0.0,-0.5999999999999999,4.0
2023-04-08,Leicester City,Bournemouth,0.0,1.0,A,2223,True,csv,669,0.2,0.8,1.8,0.8,4.0,1.2,1.0,1.8,0.6,4.0,1435.4215821510822,1450.9027383504158,-15.481156199333554,0.0,-1.0,0.0
2023-04-08,Manchester United,Everton,2.0,0.0,H,2223,True,csv,670,1.4,0.8,1.8,2.2,3.0,1.2,1.2,1.8,0.4,5.0,1579.9355259171718,1428.5123294963867,151.4231964207852,1.3333333333333333,0.19999999999999996,-2.0
2023-04-08,Southampton,Manchester City,1.0,4.0,A,2223,True,csv,671,1.0,0.8,1.2,0.8,6.0,2.6,2.4,0.6,2.0,7.0,1396.6773562394012,1704.0230282814603,-307.34567204205905,0.6666666666666666,-1.6,-1.0
2023-04-08,Tottenham Hotspur,Brighton & Hove Albion,2.0,1.0,H,2223,True,csv,672,1.6,1.8,1.2,2.4,5.0,2.2,2.4,1.0,1.8,4.0,1579.6351306328706,1550.1676954859265,29.467435146944126,2.0,-0.6000000000000001,1.0
2023-04-08,Wolverhampton Wanderers,Chelsea,1.0,0.0,H,2223,True,csv,673,0.8,1.0,1.8,1.8,7.0,1.6,1.2,1.0,1.0,4.0,1447.6712302832655,1528.8015094189693,-81.13027913570386,0.6666666666666666,-0.8,3.0
2023-04-09,Leeds United,Crystal Palace,1.0,5.0,A,2223,True,csv,674,1.4,1.8,2.0,1.6,5.0,0.6,0.6,1.6,0.2,8.0,1438.7779827567795,1469.4797370433023,-30.701754286522828,1.3333333333333333,0.7999999999999999,-3.0
2023-04-09,Liverpool,Arsenal,2.0,2.0,D,2223,True,csv,675,1.4,2.0,1.0,2.6,5.0,3.0,3.6,0.8,2.4,8.0,1612.686469533382,1667.6008531059483,-54.914383572566294,2.0,-1.6,-3.0
2023-04-15,Aston Villa,Newcastle United,3.0,0.0,H,2223,True,csv,676,2.6,2.0,0.4,1.8,7.0,3.0,2.6,0.8,2.0,7.0,1526.0531205000395,1608.5884808453054,-82.53536034526587,1.0,-0.3999999999999999,0.0
2023-04-15,Chelsea,Brighton & Hove Albion,1.0,2.0,A,2223,True,csv,677,1.0,1.0,1.2,1.0,7.0,1.6,1.8,1.4,1.2,7.0,1518.1940798344476,1542.6873273574502,-24.493247523002537,0.6666666666666666,-0.6000000000000001,0.0
2023-04-15,Everton,Fulham,1.0,3.0,A,2223,True,csv,678,1.2,1.2,1.4,2.0,7.0,0.2,0.8,2.0,0.8,7.0,1423.943208370635,1494.131098136098,-70.18788976546307,1.0,1.0,0.0
2023-04-15,Manchester City,Leicester City,3.0,1.0,H,2223,True,csv,679,3.0,3.0,0.6,3.0,7.0,0.2,0.8,1.8,0.8,7.0,1707.904246315432,1424.1471938087807,283.75705250665123,3.0,2.8,0.0
2023-04-15,Southampton,Crystal Palace,0.0,2.0,A,2223,True,csv,680,0.4,0.8,2.0,0.8,7.0,1.2,1.6,1.6,0.8,6.0,1392.7961382054295,1480.3210151581698,-87.52487695274021,0.3333333333333333,-0.7999999999999999,1.0
2023-04-15,Tottenham Hotspur,Bournemouth,2.0,3.0,A,2223,True,csv,681,1.6,1.8,1.4,3.0,7.0,1.8,0.8,1.2,1.2,7.0,1587.115498761347,1462.1771266927174,124.93837206862963,3.0,-0.19999999999999996,0.0
2023-04-15,Wolverhampton Wanderers,Brentford,2.0,0.0,H,2223,True,csv,682,1.4,1.2,1.4,1.8,7.0,1.0,1.4,1.4,1.0,7.0,1458.2786598677872,1512.5310280081512,-54.25236814036407,1.3333333333333333,0.3999999999999999,0.0
2023-04-16,Nottingham Forest,Manchester United,0.0,2.0,A,2223,True,csv,683,0.2,0.8,2.0,1.2,8.0,1.4,0.6,1.8,0.8,8.0,1440.5407366407635,1584.5046470429236,-143.96391040216008,0.0,-1.2,0.0
2023-04-16,West Ham United,Arsenal,2.0,2.0,D,2223,True,csv,684,1.4,0.8,2.0,1.6,8.0,2.6,3.2,1.2,2.0,7.0,1463.5368556712451,1667.7472184599253,-204.2103627886802,0.0,-1.2000000000000002,1.0
2023-04-17,Leeds United,Liverpool,1.0,6.0,A,2223,True,csv,685,1.4,2.0,2.8,1.4,8.0,1.0,2.0,1.4,1.0,8.0,1427.936704641912,1612.540104179405,-184.60339953749303,1.0,0.3999999999999999,0.0
2023-04-21,Arsenal,Southampton,3.0,3.0,D,2223,True,csv,686,2.2,3.0,1.2,2.4,5.0,0.2,0.8,2.4,0.8,6.0,1663.8195211572604,1383.5867145799862,280.23280657727423,1.3333333333333333,2.0,-1.0
2023-04-22,Brentford,Aston Villa,1.0,1.0,D,2223,True,csv,687,0.4,1.0,1.8,1.6,7.0,3.0,2.4,0.2,2.0,7.0,1502.6964430616413,1536.7008322403526,-34.004389178711335,1.3333333333333333,-2.6,0.0
2023-04-22,Crystal Palace,Everton,0.0,0.0,D,2223,True,csv,688,1.8,2.0,1.4,1.2,7.0,1.0,1.0,1.6,0.4,7.0,1489.5304387836131,1414.236355393961,75.29408338965209,1.0,0.8,0.0
2023-04-22,Fulham,Leeds United,2.0,1.0,H,2223,True,csv,689,0.6,1.2,2.0,0.8,7.0,1.2,1.8,3.6,0.8,5.0,1503.8379511127719,1421.3768373036182,82.46111380915363,3.0,-0.6,2.0
2023-04-22,Leicester City,Wolverhampton Wanderers,2.0,1.0,H,2223,True,csv,690,0.2,0.8,1.8,0.6,7.0,1.4,1.4,1.4,1.0,7.0,1421.7183101007931,1468.113244814297,-46.39493471350397,2.0,-1.2,0.0
2023-04-22,Liverpool,Nottingham Forest,3.0,2.0,H,2223,True,csv,691,1.0,1.8,1.6,2.2,5.0,0.2,0.6,1.8,0.0,6.0,1619.0999715176988,1432.9114387442446,186.1885327734542,0.0,0.8,-1.0
2023-04-23,Bournemouth,West Ham United,0.0,4.0,A,2223,True,csv,692,1.8,1.2,1.6,1.4,8.0,1.6,1.2,1.6,0.8,7.0,1477.0484643755115,1467.46455297391,9.583911401601426,0.0,0.19999999999999996,1.0
2023-04-23,Newcastle United,Tottenham Hotspur,6.0,1.0,H,2223,True,csv,693,2.4,2.2,1.2,2.0,8.0,1.6,2.2,1.8,1.0,8.0,1597.9407691049923,1572.244161078553,25.696608026439435,1.0,0.7999999999999998,0.0
2023-04-25,Aston Villa,Fulham,1.0,0.0,H,2223,True,csv,694,2.6,2.0,0.4,2.4,3.0,1.2,1.2,1.6,1.4,3.0,1537.4476529576812,1509.9529182502863,27.494734707394855,0.0,1.4000000000000001,0.0
2023-04-25,Leeds United,Leicester City,1.0,1.0,D,2223,True,csv,695,0.6,1.2,3.6,1.4,3.0,0.6,1.0,1.8,0.2,3.0,1415.2618701661038,1431.326924872621,-16.06505470651723,0.3333333333333333,0.0,0.0
2023-04-25,Wolverhampton Wanderers,Crystal Palace,2.0,0.0,H,2223,True,csv,696,1.4,1.4,1.4,1.8,3.0,2.0,2.0,1.2,1.2,3.0,1458.5046300424692,1485.8219440161788,-27.317313973709588,0.0,-0.6000000000000001,0.0
2023-04-26,Chelsea,Brentford,0.0,2.0,A,2223,True,csv,697,0.4,0.6,1.4,1.0,11.0,0.4,1.0,1.8,0.8,4.0,1507.1756564053578,1501.9496223443127,5.226034061045084,1.3333333333333333,0.0,7.0
2023-04-26,Manchester City,Arsenal,4.0,1.0,H,2223,True,csv,698,3.0,2.8,0.6,3.0,11.0,1.8,3.0,1.8,2.2,5.0,1710.3331300234195,1656.2920294349226,54.041100588496874,3.0,1.2,6.0
2023-04-26,Nottingham Forest,Brighton & Hove Albion,3.0,1.0,H,2223,True,csv,699,0.2,0.8,2.0,0.6,4.0,2.0,1.8,1.2,1.6,11.0,1429.009342372256,1553.70575078654,-124.69640841428395,1.0,-1.8,-7.0
2023-04-26,West Ham United,Liverpool,1.0,2.0,A,2223,True,csv,700,2.0,1.8,1.4,1.6,3.0,1.6,2.4,1.8,1.0,4.0,1479.4409834598505,1623.0020678896874,-143.5610844298369,1.0,0.3999999999999999,-1.0
2023-04-27,Everton,Newcastle United,1.0,4.0,A,2223,True,csv,701,0.6,0.8,1.6,1.4,5.0,2.4,3.0,1.2,1.8,4.0,1417.9448501613954,1605.523054793756,-187.57820463236067,1.0,-1.7999999999999998,1.0
2023-04-27,Southampton,Bournemouth,0.0,1.0,A,2223,True,csv,702,0.4,1.4,2.6,0.8,6.0,1.8,1.2,1.8,1.8,4.0,1391.114206302324,1465.072033889571,-73.95782758724704,3.0,-1.4,2.0
2023-04-27,Tottenham Hotspur,Manchester United,2.0,2.0,D,2223,True,csv,703,1.0,1.8,2.8,2.4,4.0,2.0,1.0,0.4,1.2,11.0,1564.6618753897892,1592.1339449394425,-27.47206954965327,0.0,-1.0,-7.0
2023-04-29,Brentford,Nottingham Forest,2.0,1.0,H,2223,True,csv,704,0.8,0.8,1.2,1.2,3.0,0.6,1.2,2.0,0.0,3.0,1513.8052294846004,1440.8502263959533,72.95500308864712,1.0,0.20000000000000007,0.0
2023-04-29,Brighton & Hove Albion,Wolverhampton Wanderers,6.0,0.0,H,2223,True,csv,705,1.4,1.8,1.8,2.0,3.0,2.0,1.4,0.6,0.4,4.0,1541.8648667628427,1467.5667115915182,74.29815517132442,2.0,-0.6000000000000001,-1.0
2023-04-29,Crystal Palace,West Ham United,4.0,3.0,H,2223,True,csv,706,2.0,1.8,0.8,1.2,4.0,1.4,1.8,1.8,1.4,3.0,1476.7598624671298,1471.800739920267,4.959122546862773,1.3333333333333333,0.6000000000000001,1.0
2023-04-30,Bournemouth,Leeds United,4.0,1.0,H,2223,True,csv,707,1.8,1.0,1.6,1.2,3.0,0.8,1.2,3.0,0.6,5.0,1474.6705113056296,1414.0040183602348,60.66649294539479,0.0,1.0,-2.0
2023-04-30,Fulham,Manchester City,1.0,2.0,A,2223,True,csv,708,1.2,1.2,1.2,1.4,5.0,3.0,3.2,0.8,2.6,4.0,1502.4193002637705,1717.1637754222327,-214.74447515846214,0.0,-1.8,1.0
2023-04-30,Liverpool,Tottenham Hotspur,4.0,3.0,H,2223,True,csv,709,2.2,2.6,1.2,2.6,4.0,1.0,1.6,2.6,0.4,3.0,1630.6423114292709,1563.7283721631245,66.91393926614637,1.6666666666666667,1.2000000000000002,1.0
2023-04-30,Manchester United,Aston Villa,1.0,0.0,H,2223,True,csv,710,2.0,1.4,0.8,2.2,3.0,2.6,1.8,0.4,2.2,5.0,1593.0674481661072,1544.981270944197,48.08617722191025,0.3333333333333333,-0.6000000000000001,-2.0
2023-04-30,Newcastle United,Southampton,3.0,1.0,H,2223,True,csv,711,2.4,3.4,1.4,2.0,3.0,0.2,0.8,2.2,1.0,3.0,1612.0076568118309,1381.5157288862654,230.4919279255655,2.3333333333333335,2.1999999999999997,0.0
2023-05-01,Leicester City,Everton,2.0,2.0,D,2223,True,csv,712,0.8,1.0,1.6,0.6,6.0,0.4,0.6,2.0,0.6,4.0,1432.58477667849,1411.4602481433205,21.124528535169475,1.3333333333333333,0.4,2.0
2023-05-02,Arsenal,Chelsea,3.0,1.0,H,2223,True,csv,713,1.2,2.4,2.4,2.6,6.0,0.2,0.2,1.4,1.0,6.0,1649.4613840361094,1495.32004926507,154.14133477103928,2.0,1.0,0.0
2023-05-03,Liverpool,Fulham,1.0,0.0,H,2223,True,csv,714,2.6,3.4,1.8,2.6,3.0,1.2,1.2,1.2,1.2,3.0,1637.1436810487066,1496.6003258013914,140.54335524731528,1.0,1.4000000000000001,0.0
2023-05-03,Manchester City,West Ham United,3.0,0.0,H,2223,True,csv,715,3.0,3.4,1.0,3.0,3.0,1.4,2.2,1.6,1.2,4.0,1722.9827498846118,1463.6489281975048,259.33382168710705,2.3333333333333335,1.6,-1.0
2023-05-04,Brighton & Hove Albion,Manchester United,1.0,0.0,H,2223,True,csv,716,1.8,2.4,1.2,2.0,5.0,2.6,1.6,0.4,1.4,4.0,1548.181121060693,1600.0531004335917,-51.87197937289875,2.0,-0.8,1.0
2023-05-06,Bournemouth,Chelsea,1.0,3.0,A,2223,True,csv,717,2.4,1.8,1.4,1.8,6.0,0.2,0.4,1.6,0.8,4.0,1481.330668500001,1490.8058531872125,-9.475184687211595,0.0,2.1999999999999997,2.0
2023-05-06,Liverpool,Brentford,1.0,0.0,H,2223,True,csv,718,3.0,3.2,1.4,2.6,3.0,1.4,1.2,1.2,1.4,7.0,1641.9373333361993,1520.1549442685578,121.78238906764159,1.3333333333333333,1.6,-4.0
2023-05-06,Manchester City,Leeds United,2.0,1.0,H,2223,True,csv,719,3.0,3.2,0.8,3.0,3.0,0.2,1.0,3.6,0.6,6.0,1725.7279574393785,1407.3438611658635,318.38409627351507,3.0,2.8,-3.0
2023-05-06,Tottenham Hotspur,Crystal Palace,1.0,0.0,H,2223,True,csv,720,0.8,2.0,3.2,2.0,6.0,2.0,2.2,1.2,1.2,7.0,1557.2270025436887,1484.911674189892,72.31532835379676,2.0,-1.2,-1.0
2023-05-06,Wolverhampton Wanderers,Aston Villa,1.0,0.0,H,2223,True,csv,721,1.8,1.2,1.6,2.4,7.0,2.0,1.4,0.4,1.6,6.0,1461.250457293668,1537.9956186767124,-76.74516138304443,2.3333333333333335,-0.19999999999999996,1.0
2023-05-07,Newcastle United,Arsenal,0.0,2.0,A,2223,True,csv,722,2.4,3.0,1.4,2.4,7.0,1.2,2.2,2.4,1.6,5.0,1615.1702625929079,1653.975580113967,-38.80531752105912,1.3333333333333333,1.2,2.0
2023-05-07,West Ham United,Manchester United,1.0,0.0,H,2223,True,csv,723,0.8,2.0,2.2,1.0,4.0,2.0,1.4,0.6,0.8,3.0,1460.903720642738,1590.287001003469,-129.38328036073085,0.0,-1.2,1.0
2023-05-08,Brighton & Hove Albion,Everton,1.0,5.0,A,2223,True,csv,724,1.8,2.2,1.2,2.6,4.0,0.4,0.8,2.2,0.8,7.0,1557.9472204908157,1413.7536713394493,144.19354915136637,2.0,1.4,-3.0
2023-05-08,Fulham,Leicester City,5.0,3.0,H,2223,True,csv,725,1.2,1.2,1.2,0.8,5.0,1.0,1.2,1.6,0.4,7.0,1491.8066735138987,1430.2913534823613,61.515320031537385,3.0,0.19999999999999996,-2.0
2023-05-08,Nottingham Forest,Southampton,4.0,3.0,H,2223,True,csv,726,0.6,1.2,2.0,1.0,9.0,0.2,1.0,2.6,0.4,8.0,1434.500511611996,1378.3531231051884,56.1473885068076,3.0,0.39999999999999997,1.0
2023-05-13,Aston Villa,Tottenham Hotspur,2.0,1.0,H,2223,True,csv,727,1.4,1.0,0.6,3.0,7.0,0.8,1.8,3.0,0.4,7.0,1527.5140270277636,1563.592686129238,-36.078659101474386,1.0,0.5999999999999999,0.0
2023-05-13,Chelsea,Nottingham Forest,2.0,2.0,D,2223,True,csv,728,0.6,1.0,1.8,0.4,7.0,1.2,2.0,2.2,0.0,5.0,1502.2499091574864,1441.2767279658403,60.97318119164606,1.0,-0.6,2.0
2023-05-13,Crystal Palace,Bournemouth,2.0,0.0,H,2223,True,csv,729,1.4,1.2,1.2,1.6,7.0,1.8,1.8,2.0,1.8,7.0,1478.5459906043427,1469.886612529727,8.659378074615688,3.0,-0.40000000000000013,0.0
2023-05-13,Leeds United,Newcastle United,2.0,2.0,D,2223,True,csv,730,0.2,1.0,3.0,1.0,7.0,1.8,2.6,1.6,2.4,6.0,1405.3092712219689,1604.560986191502,-199.25171496953317,0.6666666666666666,-1.6,1.0
2023-05-13,Manchester United,Wolverhampton Wanderers,2.0,0.0,H,2223,True,csv,731,1.4,1.0,0.8,2.6,6.0,1.8,1.2,1.6,0.2,7.0,1578.3161202029576,1471.7320489426168,106.5840712603408,2.0,-0.40000000000000013,-1.0
2023-05-13,Southampton,Fulham,0.0,2.0,A,2223,True,csv,732,0.2,1.4,2.6,0.2,5.0,1.2,1.6,1.6,0.6,5.0,1371.576906751344,1498.4451424320748,-126.86823568073078,0.0,-1.0,0.0
2023-05-14,Arsenal,Brighton & Hove Albion,0.0,3.0,A,2223,True,csv,733,1.6,2.2,2.0,2.6,7.0,1.8,2.2,1.8,1.4,6.0,1664.5848565153728,1542.6647090592544,121.92014745611846,1.3333333333333333,-0.19999999999999996,1.0
2023-05-14,Brentford,West Ham United,2.0,0.0,H,2223,True,csv,734,1.4,1.0,1.0,1.6,8.0,1.2,1.8,1.8,1.2,7.0,1514.95669489007,1472.8746014432495,42.08209344682041,3.0,0.19999999999999996,1.0
2023-05-14,Everton,Manchester City,0.0,3.0,A,2223,True,csv,735,1.0,1.8,2.0,0.8,6.0,3.0,2.8,0.8,2.6,8.0,1429.0361827710105,1727.7625473832732,-298.7263646122626,0.3333333333333333,-2.0,-2.0
2023-05-15,Leicester City,Liverpool,0.0,3.0,A,2223,True,csv,736,1.0,1.8,2.4,0.8,7.0,3.0,2.2,1.2,1.4,9.0,1423.6528845641851,1647.1355827146872,-223.48269815050207,1.0,-2.0,-2.0
2023-05-18,Newcastle United,Brighton & Hove Albion,4.0,1.0,H,2223,True,csv,737,2.0,3.0,1.4,2.4,5.0,1.8,2.4,1.6,1.8,4.0,1600.7546650514882,1557.4695099013584,43.28515515012987,1.6666666666666667,0.19999999999999996,1.0
2023-05-20,Bournemouth,Manchester United,0.0,1.0,A,2223,True,csv,738,1.2,1.2,2.0,1.2,7.0,1.4,1.0,0.8,0.8,7.0,1461.837458880891,1583.857949736414,-122.0204908555229,0.0,-0.19999999999999996,0.0
2023-05-20,Fulham,Crystal Palace,2.0,2.0,D,2223,True,csv,739,1.2,1.6,1.4,1.2,7.0,1.4,1.2,1.2,1.2,7.0,1506.5439367748825,1486.5951442531787,19.94879252170381,3.0,-0.19999999999999996,0.0
2023-05-20,Liverpool,Aston Villa,1.0,1.0,D,2223,True,csv,740,3.0,2.2,0.8,2.6,5.0,1.4,0.8,0.8,1.4,7.0,1652.749219184146,1536.8266013904718,115.92261779367436,3.0,1.6,-2.0
2023-05-20,Nottingham Forest,Arsenal,1.0,0.0,H,2223,True,csv,741,1.4,2.4,2.2,1.4,7.0,1.4,1.8,2.2,1.6,6.0,1444.62441102118,1649.7800556732689,-205.15564465208877,0.0,0.0,1.0
2023-05-20,Tottenham Hotspur,Brentford,1.0,3.0,A,2223,True,csv,742,0.8,1.6,2.8,2.0,7.0,2.0,1.4,0.6,0.8,6.0,1554.28011176653,1522.1002633164676,32.17984845006231,1.6666666666666667,-1.2,1.0
2023-05-20,Wolverhampton Wanderers,Everton,1.0,1.0,D,2223,True,csv,743,1.2,0.8,2.0,2.4,7.0,1.0,1.6,2.0,1.2,6.0,1466.1902194091604,1424.9974029551163,41.19281645404408,3.0,0.19999999999999996,1.0
2023-05-21,Brighton & Hove Albion,Southampton,3.0,1.0,H,2223,True,csv,744,1.8,2.4,1.8,2.0,3.0,0.2,1.4,2.6,0.4,8.0,1550.357711545278,1363.4781124085364,186.87959913674172,1.6666666666666667,1.6,-5.0
2023-05-21,Manchester City,Chelsea,1.0,0.0,H,2223,True,csv,745,3.0,2.8,0.6,3.0,7.0,0.8,1.4,2.0,1.2,8.0,1731.8013271991674,1498.9022261021466,232.89910109702078,3.0,2.2,-1.0
2023-05-21,West Ham United,Leeds United,3.0,1.0,H,2223,True,csv,746,0.6,1.0,2.2,1.4,7.0,0.4,1.2,2.2,0.6,8.0,1465.7310330168518,1409.1155923619826,56.61544065486919,1.3333333333333333,0.19999999999999996,-1.0
2023-05-22,Newcastle United,Leicester City,0.0,0.0,D,2223,True,csv,747,2.0,2.6,1.4,2.4,4.0,1.0,1.6,2.4,0.4,7.0,1607.8664634075685,1418.0392480947262,189.82721531284233,2.0,1.0,-3.0
2023-05-24,Brighton & Hove Albion,Manchester City,1.0,1.0,D,2223,True,csv,748,1.8,1.8,2.0,2.0,3.0,3.0,2.2,0.4,3.0,3.0,1554.2473287455455,1734.9272137499179,-180.6798850043724,0.0,-1.2,0.0
2023-05-25,Manchester United,Chelsea,4.0,1.0,H,2223,True,csv,749,1.8,0.8,0.4,2.6,5.0,0.8,1.2,1.8,1.2,4.0,1592.0915789203125,1495.7763395513962,96.31523936891631,1.0,1.0,1.0
2023-05-28,Arsenal,Wolverhampton Wanderers,5.0,0.0,H,2223,True,csv,750,1.2,1.2,1.8,2.0,8.0,1.4,0.8,1.8,0.2,8.0,1635.8293728238446,1463.3573120482217,172.47206077562282,3.0,-0.19999999999999996,0.0
2023-05-28,Aston Villa,Brighton & Hove Albion,2.0,1.0,H,2223,True,csv,751,1.4,0.8,0.8,3.0,8.0,1.4,1.8,2.2,1.2,4.0,1541.497534311378,1557.587514005499,-16.089979694120984,3.0,0.0,4.0
2023-05-28,Brentford,Manchester City,1.0,0.0,H,2223,True,csv,752,2.4,1.8,0.6,1.6,8.0,2.6,2.0,0.4,2.6,4.0,1534.6928634236963,1731.5870284899643,-196.894165066268,1.0,-0.20000000000000018,4.0
2023-05-28,Chelsea,Newcastle United,1.0,1.0,D,2223,True,csv,753,0.8,1.4,2.2,0.4,3.0,1.6,1.8,1.2,2.0,6.0,1489.9946014888806,1601.703193061172,-111.70859157229143,2.0,-0.8,-3.0
2023-05-28,Crystal Palace,Nottingham Forest,1.0,1.0,D,2223,True,csv,754,1.4,1.6,1.6,2.0,8.0,2.0,2.2,1.6,0.2,8.0,1488.8564822016867,1458.5750938706044,30.281388331082326,0.0,-0.6000000000000001,0.0
2023-05-28,Everton,Bournemouth,1.0,0.0,H,2223,True,csv,755,1.0,1.8,2.2,0.8,8.0,1.2,1.2,1.4,1.8,8.0,1427.830310316055,1453.6038296969925,-25.773519380937614,0.0,-0.19999999999999996,0.0
2023-05-28,Leeds United,Tottenham Hotspur,1.0,4.0,A,2223,True,csv,756,0.4,1.2,2.4,1.0,7.0,0.8,1.6,2.2,0.4,8.0,1402.3514423078773,1541.6875116593012,-139.33606935142393,0.0,-0.4,-1.0
2023-05-28,Leicester City,West Ham United,2.0,1.0,H,2223,True,csv,757,0.6,1.2,2.2,0.8,6.0,1.2,1.4,2.0,1.2,7.0,1424.2025184411227,1472.4951830709572,-48.29266462983446,1.3333333333333333,-0.6,-1.0
2023-05-28,Manchester United,Fulham,2.0,1.0,H,2223,True,csv,758,1.8,1.4,0.6,3.0,3.0,1.4,2.0,1.6,1.2,8.0,1597.873316982828,1504.2825988263744,93.5907181564537,3.0,0.40000000000000013,-5.0
2023-05-28,Southampton,Liverpool,4.0,4.0,D,2223,True,csv,759,0.0,1.0,2.6,0.2,7.0,2.6,2.0,0.8,2.0,8.0,1359.588495208269,1648.0782862632398,-288.48979105497074,0.0,-2.6,-1.0
2023-08-11,Burnley,Manchester City,0.0,3.0,A,2324,True,csv,760,0.8,1.0,1.6,1.8,14.0,2.0,1.4,0.6,2.0,14.0,1441.3709089065896,1717.8388814559676,-276.4679725493779,0.0,-1.2,0.0
2023-08-12,Arsenal,Nottingham Forest,2.0,1.0,H,2324,True,csv,761,1.8,2.0,1.0,2.0,14.0,1.6,1.8,1.6,0.4,14.0,1639.985442136588,1461.1166529120485,178.86878922453957,1.5,0.19999999999999996,0.0
2023-08-12,Bournemouth,West Ham United,1.0,1.0,D,2324,True,csv,762,0.6,1.0,1.6,0.6,14.0,1.2,1.0,1.6,0.6,14.0,1444.5857726092806,1462.832019792441,-18.24624718316045,0.0,-0.6,0.0
2023-08-12,Brighton & Hove Albion,Luton Town,4.0,1.0,H,2324,True,csv,763,1.4,1.8,1.6,2.0,14.0,,,,,,1548.8446597568072,1500.0,48.84465975680723,,,
2023-08-12,Everton,Fulham,0.0,1.0,A,2324,True,csv,764,1.6,1.8,1.4,0.8,14.0,1.4,2.0,1.6,1.2,14.0,1436.8483674037668,1498.436183615834,-61.58781621206708,0.5,0.20000000000000018,0.0
2023-08-12,Newcastle United,Aston Villa,5.0,1.0,H,2324,True,csv,765,1.2,1.4,1.2,2.0,14.0,1.4,1.0,1.0,1.0,14.0,1600.2257923053478,1550.24038856007,49.985403745277836,2.0,-0.19999999999999996,0.0
2023-08-12,Sheffield United,Crystal Palace,0.0,1.0,A,2324,True,csv,766,,,,,,1.6,1.8,1.4,1.4,14.0,1500.0,1486.3149231602426,13.685076839757357,,,
2023-08-13,Brentford,Tottenham Hotspur,2.0,2.0,D,2324,True,csv,767,2.4,1.6,0.6,2.0,14.0,1.2,2.0,2.0,0.8,14.0,1548.441010457693,1549.4429141377486,-1.0019036800556478,1.6666666666666667,1.2,0.0
2023-08-13,Chelsea,Liverpool,1.0,1.0,D,2324,True,csv,768,1.0,1.4,1.8,0.6,14.0,2.2,2.0,1.0,2.2,14.0,1491.4720022447048,1642.3103360052385,-150.83833376053371,1.0,-1.2000000000000002,0.0
2023-08-14,Manchester United,Wolverhampton Wanderers,1.0,0.0,H,2324,True,csv,769,2.4,1.8,0.6,3.0,14.0,0.8,0.4,2.8,0.2,14.0,1603.7197321933686,1459.2012427354782,144.51848945789038,2.0,1.5999999999999999,0.0
2023-08-18,Nottingham Forest,Sheffield United,2.0,1.0,H,2324,True,csv,770,1.6,1.8,1.6,2.0,6.0,,,,,6.0,1457.0805150235235,1487.910408753895,-30.829893730371396,,,0.0
2023-08-19,Fulham,Brentford,0.0,3.0,A,2324,True,csv,771,2.0,2.2,1.4,1.4,7.0,2.0,1.6,0.8,1.2,6.0,1508.3904829097453,1546.7590445236071,-38.36856161386186,1.5,0.0,1.0
2023-08-19,Liverpool,Bournemouth,3.0,1.0,H,2324,True,csv,772,1.8,2.0,1.2,2.6,6.0,0.2,0.4,1.6,1.8,7.0,1639.753788378121,1443.3897552903986,196.36403308772242,1.5,1.6,-1.0
2023-08-19,Manchester City,Newcastle United,1.0,0.0,H,2324,True,csv,773,2.0,1.6,0.4,3.0,8.0,1.8,2.4,1.0,1.6,7.0,1722.3064363384112,1607.1618296303088,115.1446067081024,2.3333333333333335,0.19999999999999996,1.0
2023-08-19,Tottenham Hotspur,Manchester United,2.0,0.0,H,2324,True,csv,774,1.4,1.8,1.6,1.4,6.0,3.0,2.0,0.4,1.4,5.0,1551.1248800718345,1608.4304813772708,-57.30560130543631,0.3333333333333333,-1.6,1.0
2023-08-19,Wolverhampton Wanderers,Brighton & Hove Albion,1.0,4.0,A,2324,True,csv,775,0.8,0.4,1.8,2.6,5.0,1.4,2.0,1.8,1.2,7.0,1454.490493551576,1555.8104778433897,-101.31998429181363,0.0,-0.5999999999999999,-2.0
2023-08-20,Aston Villa,Everton,4.0,0.0,H,2324,True,csv,776,1.4,1.2,1.8,3.0,8.0,1.4,1.4,1.2,1.2,8.0,1543.304351235109,1426.8940681098554,116.4102831252535,3.0,0.0,0.0
2023-08-20,West Ham United,Chelsea,3.0,1.0,H,2324,True,csv,777,1.4,1.2,1.2,1.4,8.0,0.6,1.0,1.8,0.6,7.0,1464.028037111323,1494.0285498718222,-30.000512760499078,0.3333333333333333,0.7999999999999999,1.0
2023-08-21,Crystal Palace,Arsenal,0.0,1.0,A,2324,True,csv,778,1.6,1.2,0.8,2.2,9.0,1.8,1.8,1.0,1.0,9.0,1498.4045144063477,1644.021580025113,-145.6170656187653,1.0,-0.19999999999999996,0.0
2023-08-25,Chelsea,Luton Town,3.0,0.0,H,2324,True,csv,779,0.4,0.8,2.0,0.6,5.0,,,,,13.0,1484.8898650633223,1493.0341819134176,-8.144316850095265,,,-8.0
2023-08-26,Arsenal,Fulham,2.0,2.0,D,2324,True,csv,780,1.8,1.6,1.0,2.0,5.0,1.4,1.2,1.4,1.2,7.0,1651.6060214235679,1497.768683293797,153.83733812977084,3.0,0.40000000000000013,-2.0
2023-08-26,Bournemouth,Tottenham Hotspur,0.0,2.0,A,2324,True,csv,781,0.2,0.4,1.6,0.8,7.0,1.4,2.0,1.6,0.8,7.0,1439.668350995938,1561.04733059812,-121.37897960218197,1.5,-1.2,0.0
2023-08-26,Brentford,Crystal Palace,1.0,1.0,D,2324,True,csv,782,2.6,2.2,0.6,2.2,7.0,1.6,1.2,0.8,1.4,5.0,1557.3808441395554,1490.820073007893,66.56077113166248,1.0,1.0,2.0
2023-08-26,Brighton & Hove Albion,West Ham United,1.0,3.0,A,2324,True,csv,783,2.0,2.6,1.2,2.0,7.0,1.4,1.6,1.4,0.2,6.0,1564.6267686270844,1473.166721919823,91.46004670726143,3.0,0.6000000000000001,1.0
2023-08-26,Everton,Wolverhampton Wanderers,0.0,1.0,A,2324,True,csv,784,0.8,0.4,1.8,0.6,6.0,0.2,0.4,2.6,0.0,7.0,1421.5759676200573,1445.6742027678813,-24.09823514782397,0.3333333333333333,0.6000000000000001,-1.0
2023-08-26,Manchester United,Nottingham Forest,3.0,2.0,H,2324,True,csv,785,2.4,1.6,0.8,3.0,7.0,1.6,1.4,1.2,0.4,8.0,1598.5080308509853,1466.242899068946,132.26513178203936,3.0,0.7999999999999998,-1.0
2023-08-27,Burnley,Aston Villa,1.0,3.0,A,2324,True,csv,786,0.2,0.6,2.0,1.2,14.0,2.0,2.0,1.6,0.4,7.0,1436.903354024146,1548.622451724907,-111.71909770076104,0.5,-1.8,7.0
2023-08-27,Newcastle United,Liverpool,1.0,2.0,A,2324,True,csv,787,1.6,2.0,0.8,2.0,8.0,1.8,2.4,1.4,2.2,8.0,1601.8152368997369,1643.4751926725817,-41.659955772844796,0.0,-0.19999999999999996,0.0
2023-08-27,Sheffield United,Manchester City,1.0,2.0,A,2324,True,csv,788,,,,,9.0,2.0,1.2,0.4,2.0,8.0,1478.7480247084725,1727.6530290689832,-248.9050043605107,,,1.0
2023-09-01,Luton Town,West Ham United,1.0,2.0,A,2324,True,csv,789,,,,,7.0,2.0,2.2,1.2,0.8,6.0,1484.5157236377886,1487.2694321701165,-2.7537085323278916,,,1.0
2023-09-02,Brentford,Bournemouth,2.0,2.0,D,2324,True,csv,790,2.2,2.0,0.8,2.2,7.0,0.2,0.4,1.6,1.2,7.0,1553.891137687956,1431.4168279127593,122.47430977519662,2.0,2.0,0.0
2023-09-02,Brighton & Hove Albion,Newcastle United,3.0,1.0,H,2324,True,csv,791,1.4,2.2,1.6,1.4,7.0,1.0,1.4,1.0,1.0,6.0,1550.524058376791,1591.2878577428105,-40.76379936601961,0.3333333333333333,0.3999999999999999,1.0
2023-09-02,Burnley,Tottenham Hotspur,2.0,5.0,A,2324,True,csv,792,0.2,0.6,2.0,0.6,6.0,2.0,2.2,1.2,1.4,7.0,1428.381050569013,1569.2988536812986,-140.91780311228558,1.5,-1.8,-1.0
2023-09-02,Chelsea,Nottingham Forest,0.0,1.0,A,2324,True,csv,793,1.0,1.4,1.8,1.2,8.0,1.4,1.4,1.4,0.4,7.0,1493.4083233389513,1461.2734170973622,32.13490624158908,1.0,-0.3999999999999999,1.0
2023-09-02,Manchester City,Fulham,5.0,1.0,H,2324,True,csv,794,2.0,1.4,0.6,3.0,6.0,1.0,1.2,1.8,1.4,7.0,1732.6951000658644,1503.2483677001521,229.44673236571225,3.0,1.0,-1.0
2023-09-02,Sheffield United,Everton,2.0,2.0,D,2324,True,csv,795,0.0,0.6666666666666666,1.6666666666666667,,6.0,0.8,0.4,1.4,1.2,7.0,1473.7059537115913,1410.5462940499137,63.15965966167755,,-0.8,-1.0
2023-09-03,Arsenal,Manchester United,3.0,1.0,H,2324,True,csv,796,2.0,2.0,0.8,2.0,8.0,2.4,2.0,1.2,0.8,8.0,1646.1263370172128,1603.477512822569,42.648824194643794,2.0,-0.3999999999999999,0.0
2023-09-03,Crystal Palace,Wolverhampton Wanderers,3.0,2.0,H,2324,True,csv,797,1.2,1.0,1.0,1.6,8.0,0.8,0.6,2.2,0.6,8.0,1494.3097794594923,1456.7038763380249,37.60590312146746,2.0,0.3999999999999999,0.0
2023-09-03,Liverpool,Aston Villa,3.0,0.0,H,2324,True,csv,798,1.8,2.2,1.6,2.6,7.0,2.0,2.2,1.6,0.8,7.0,1654.002571829508,1557.14475518004,96.85781664946808,2.3333333333333335,-0.19999999999999996,0.0
2023-09-16,Aston Villa,Crystal Palace,3.0,1.0,H,2324,True,csv,799,1.8,2.0,2.0,3.0,13.0,1.6,1.2,1.0,1.0,13.0,1551.3758465037342,1501.5721015368981,49.80374496683612,1.3333333333333333,0.19999999999999996,0.0
2023-09-16,Fulham,Luton Town,1.0,0.0,H,2324,True,csv,800,0.8,1.0,2.4,1.4,14.0,0.0,0.6666666666666666,3.0,,14.0,1500.0697096619558,1472.8827934556118,27.186916206343994,,0.8,0.0
2023-09-16,Manchester United,Brighton & Hove Albion,1.0,3.0,A,2324,True,csv,801,1.8,1.4,1.6,3.0,13.0,1.8,2.6,1.6,1.2,14.0,1596.3489183137385,1559.9709610595505,36.377957254188004,0.0,0.0,-1.0
2023-09-16,Newcastle United,Brentford,1.0,0.0,H,2324,True,csv,802,0.8,1.6,1.6,1.4,14.0,1.8,1.8,1.0,1.8,14.0,1581.8409550600509,1549.0740784287711,32.76687663127973,3.0,-1.0,0.0
2023-09-16,Tottenham Hotspur,Sheffield United,2.0,1.0,H,2324,True,csv,803,2.6,3.0,1.0,1.4,14.0,0.25,1.0,1.75,,14.0,1577.0110683304115,1470.3025097258064,106.70855860460506,,2.35,0.0
2023-09-16,West Ham United,Manchester City,1.0,3.0,A,2324,True,csv,804,2.0,2.0,1.2,2.0,14.0,2.4,2.2,0.6,2.0,14.0,1498.9023623522933,1735.8737581040607,-236.97139575176743,0.3333333333333333,-0.3999999999999999,0.0
2023-09-16,Wolverhampton Wanderers,Liverpool,1.0,3.0,A,2324,True,csv,805,0.6,0.8,2.6,2.0,13.0,2.2,2.6,1.4,2.2,13.0,1449.4415542606191,1659.7714805058138,-210.32992624519466,1.0,-1.6,0.0
2023-09-17,Bournemouth,Chelsea,0.0,0.0,D,2324,True,csv,806,0.4,0.8,1.8,0.8,14.0,1.0,1.2,1.2,0.6,14.0,1436.2338871719442,1480.8169298666078,-44.58304269466362,0.0,-0.6,0.0
2023-09-17,Everton,Arsenal,0.0,1.0,A,2324,True,csv,807,0.8,0.6,1.6,0.6,14.0,2.6,2.6,0.8,1.4,14.0,1413.9497380356986,1653.2549315260433,-239.30519349034466,1.0,-1.8,0.0
2023-09-18,Nottingham Forest,Burnley,1.0,1.0,D,2324,True,csv,808,1.4,1.4,1.4,2.4,14.0,0.2,1.0,2.8,1.0,14.0,1473.8648105697057,1420.6688359199002,53.19597464980552,,1.2,0.0
2023-09-23,Brentford,Everton,1.0,3.0,A,2324,True,csv,809,1.2,1.6,1.2,1.8,7.0,0.2,0.4,1.8,1.2,6.0,1541.6824319701825,1408.6964410790256,132.98599089115692,1.3333333333333333,1.0,1.0
2023-09-23,Burnley,Manchester United,0.0,1.0,A,2324,True,csv,810,0.2,1.0,2.8,0.0,5.0,1.2,1.2,2.0,0.6,7.0,1423.8162923698967,1583.6439661179718,-159.82767374807509,0.5,-1.0,-2.0
2023-09-23,Crystal Palace,Fulham,0.0,0.0,D,2324,True,csv,811,1.4,1.2,1.4,2.0,7.0,1.4,1.0,2.0,1.4,7.0,1494.631325743588,1507.6116502526957,-12.980324509107732,0.5,0.0,0.0
2023-09-23,Luton Town,Wolverhampton Wanderers,1.0,1.0,D,2324,True,csv,812,0.0,0.5,2.5,,7.0,0.6,1.0,2.2,0.6,7.0,1465.340852864872,1443.5171760760638,21.823676788808143,,-0.6,0.0
2023-09-23,Manchester City,Nottingham Forest,2.0,0.0,H,2324,True,csv,813,3.0,2.8,0.6,3.0,7.0,1.4,1.4,1.4,1.0,5.0,1741.1792581485804,1470.7173541197092,270.46190402887123,2.0,1.6,2.0
2023-09-24,Arsenal,Tottenham Hotspur,2.0,2.0,D,2324,True,csv,814,2.6,1.8,0.8,2.0,7.0,2.6,2.6,1.0,2.0,8.0,1658.5082284827163,1582.5500274268566,75.95820105585972,2.0,0.0,-1.0
2023-09-24,Brighton & Hove Albion,Bournemouth,3.0,1.0,H,2324,True,csv,815,2.4,3.0,1.4,2.0,8.0,0.6,0.8,1.6,0.8,7.0,1572.6759132553173,1435.790442482423,136.88547077289422,3.0,1.7999999999999998,1.0
2023-09-24,Chelsea,Aston Villa,0.0,1.0,A,2324,True,csv,816,1.0,1.0,1.0,1.2,7.0,1.8,2.2,2.0,0.8,8.0,1481.260374556129,1558.3166222970444,-77.05624774091552,2.0,-0.8,-1.0
2023-09-24,Liverpool,West Ham United,3.0,1.0,H,2324,True,csv,817,2.6,2.4,0.8,2.6,8.0,2.0,2.0,1.4,1.4,8.0,1665.695858690369,1493.5968623077736,172.0989963825955,3.0,0.6000000000000001,0.0
2023-09-24,Sheffield United,Newcastle United,0.0,8.0,A,2324,True,csv,818,0.2,1.0,1.8,0.3333333333333333,8.0,1.2,1.6,1.4,1.0,8.0,1464.7635506293614,1589.2326015186395,-124.46905088927815,,-1.0,0.0
2023-09-30,Aston Villa,Brighton & Hove Albion,6.0,1.0,H,2324,True,csv,819,2.4,2.2,1.0,3.0,6.0,2.4,2.8,1.4,1.8,6.0,1567.8260980170955,1577.5467301365309,-9.720632119435322,3.0,0.0,0.0
2023-09-30,Bournemouth,Arsenal,0.0,4.0,A,2324,True,csv,820,0.4,0.8,2.0,0.4,6.0,2.2,1.8,1.0,1.8,6.0,1430.9196256012094,1654.7832594221813,-223.86363382097193,0.0,-1.8000000000000003,0.0
2023-09-30,Everton,Luton Town,1.0,2.0,A,2324,True,csv,821,0.8,1.0,1.8,0.6,7.0,0.2,0.6,2.2,0.0,7.0,1423.7424404096223,1463.0283738175792,-39.28593340795692,,0.6000000000000001,0.0
2023-09-30,Manchester United,Crystal Palace,0.0,1.0,A,2324,True,csv,822,1.2,1.2,2.0,2.4,7.0,1.0,1.0,1.4,1.0,7.0,1590.8472374838248,1493.2861927929885,97.5610446908363,1.3333333333333333,0.19999999999999996,0.0
2023-09-30,Newcastle United,Burnley,2.0,0.0,H,2324,True,csv,823,1.2,2.2,1.2,2.0,6.0,0.2,0.8,2.6,1.2,7.0,1597.3980403689347,1416.6130210040437,180.785019364891,3.0,1.0,-1.0
2023-09-30,Tottenham Hotspur,Liverpool,2.0,1.0,H,2324,True,csv,824,2.6,2.6,1.0,2.0,6.0,3.0,2.8,0.8,2.2,6.0,1586.2749964873915,1669.8590030228572,-83.58400653546573,0.3333333333333333,-0.3999999999999999,0.0
2023-09-30,West Ham United,Sheffield United,2.0,0.0,H,2324,True,csv,825,1.8,2.0,1.8,1.8,6.0,0.2,1.0,3.2,,6.0,1489.4337179752854,1456.5981117790661,32.83560619621926,,1.6,0.0
2023-09-30,Wolverhampton Wanderers,Manchester City,2.0,1.0,H,2324,True,csv,826,0.8,1.2,2.2,1.4,7.0,3.0,2.6,0.6,2.0,7.0,1445.8296551233566,1743.776244674501,-297.94658955114437,0.0,-2.2,0.0
2023-10-01,Nottingham Forest,Brentford,1.0,1.0,D,2324,True,csv,827,1.4,1.2,1.4,2.6,8.0,1.0,1.4,1.4,1.8,8.0,1468.1203675937886,1526.6364326395856,-58.51606504579695,0.5,0.3999999999999999,0.0
2023-10-02,Fulham,Chelsea,0.0,2.0,A,2324,True,csv,828,1.0,0.8,2.0,1.4,9.0,0.8,0.8,1.0,0.8,8.0,1508.9567832032951,1471.7508988360778,37.20588436721732,2.0,0.19999999999999996,1.0
2023-10-03,Luton Town,Burnley,1.0,2.0,A,2324,True,csv,829,0.8,0.8,1.6,,3.0,0.2,0.8,2.4,1.0,3.0,1473.6238671803276,1412.6123029697785,61.01156421054907,,0.6000000000000001,0.0
2023-10-07,Burnley,Chelsea,1.0,4.0,A,2324,True,csv,830,0.8,1.0,2.0,0.0,4.0,1.4,1.0,0.4,0.8,5.0,1425.96096693156,1484.4779228604498,-58.51695592888973,0.5,-0.5999999999999999,-1.0
2023-10-07,Crystal Palace,Nottingham Forest,0.0,0.0,D,2324,True,csv,831,1.6,1.2,1.2,1.6,7.0,1.0,1.0,1.4,0.8,6.0,1507.5338869187394,1468.0776567721973,39.45623014654211,0.5,0.6000000000000001,1.0
2023-10-07,Everton,Bournemouth,3.0,0.0,H,2324,True,csv,832,0.8,1.2,1.4,0.6,7.0,0.4,0.6,2.2,0.2,7.0,1413.146947046874,1425.3148395474443,-12.16789250057036,1.5,0.4,0.0
2023-10-07,Fulham,Sheffield United,3.0,1.0,H,2324,True,csv,833,1.0,0.8,1.8,1.4,5.0,0.2,0.8,3.2,0.0,7.0,1496.2297591789231,1449.2083088345073,47.021450344415825,,0.8,-2.0
2023-10-07,Luton Town,Tottenham Hotspur,0.0,1.0,A,2324,True,csv,834,0.8,1.0,1.4,0.3333333333333333,4.0,2.6,2.6,1.2,2.2,7.0,1460.275203218546,1596.9527581007717,-136.67755488222565,,-1.8,-3.0
2023-10-07,Manchester United,Brentford,2.0,1.0,H,2324,True,csv,835,1.2,1.2,1.8,1.8,7.0,0.6,1.0,1.6,1.4,6.0,1576.5995433580738,1526.6791434611769,49.920399896896924,2.0,0.6,1.0
2023-10-08,Arsenal,Manchester City,1.0,0.0,H,2324,True,csv,836,2.2,2.4,1.0,2.2,8.0,2.4,2.6,1.0,1.8,8.0,1660.3880454759465,1727.8295119427003,-67.44146646675381,0.0,-0.19999999999999973,0.0
2023-10-08,Brighton & Hove Albion,Liverpool,2.0,2.0,D,2324,True,csv,837,1.8,2.2,2.4,2.0,8.0,2.4,2.4,1.0,1.6,8.0,1568.983868174024,1659.181241409477,-90.19737323545291,1.3333333333333333,-0.5999999999999999,0.0
2023-10-08,West Ham United,Newcastle United,2.0,2.0,D,2324,True,csv,838,1.8,1.8,1.6,2.4,8.0,1.8,2.6,1.0,1.0,8.0,1496.8235209198442,1601.3987584032,-104.57523748335575,0.6666666666666666,0.0,0.0
2023-10-08,Wolverhampton Wanderers,Aston Villa,1.0,1.0,D,2324,True,csv,839,1.4,1.4,1.6,1.4,8.0,2.4,2.6,1.2,1.4,8.0,1461.7763878551573,1576.3889599796023,-114.61257212444502,2.3333333333333335,-1.0,0.0
2023-10-21,Bournemouth,Wolverhampton Wanderers,1.0,2.0,A,2324,True,csv,840,0.4,0.6,2.4,0.4,14.0,1.0,1.4,1.8,0.8,13.0,1416.6829258092166,1463.3354447715476,-46.65251896233099,2.0,-0.6,1.0
2023-10-21,Brentford,Burnley,3.0,0.0,H,2324,True,csv,841,0.4,1.0,1.8,1.2,14.0,0.8,0.8,1.8,1.0,14.0,1519.7414107212414,1415.9182817511778,103.82312897006364,1.5,-0.4,0.0
2023-10-21,Chelsea,Arsenal,2.0,2.0,D,2324,True,csv,842,1.4,1.2,0.6,1.0,14.0,2.6,2.2,0.6,2.4,13.0,1494.520608040832,1670.6021953523914,-176.08158731155936,0.0,-1.2000000000000002,1.0
2023-10-21,Liverpool,Everton,2.0,0.0,H,2324,True,csv,843,2.0,2.4,1.2,2.6,13.0,1.4,1.8,1.2,1.6,14.0,1658.3142731328305,1421.7788607851016,236.53541234772888,2.3333333333333335,0.6000000000000001,-1.0
2023-10-21,Manchester City,Brighton & Hove Albion,2.0,1.0,H,2324,True,csv,844,1.8,2.2,1.0,3.0,13.0,2.0,2.4,2.2,1.2,13.0,1717.6153620662553,1569.8508364506706,147.76452561558472,2.3333333333333335,-0.19999999999999996,0.0
2023-10-21,Newcastle United,Crystal Palace,4.0,0.0,H,2324,True,csv,845,2.0,2.8,1.0,2.0,13.0,1.6,1.0,1.0,1.6,14.0,1600.1227733141475,1504.7470160170512,95.37575729709624,1.6666666666666667,0.3999999999999999,-1.0
2023-10-21,Nottingham Forest,Luton Town,2.0,2.0,D,2324,True,csv,846,1.2,0.6,0.8,2.2,14.0,0.8,0.8,1.2,0.75,14.0,1470.8645276738855,1452.4470141040345,18.417513569851053,,0.3999999999999999,0.0
2023-10-21,Sheffield United,Manchester United,1.0,2.0,A,2324,True,csv,847,0.2,0.8,3.4,0.25,14.0,1.2,1.0,1.6,1.2,14.0,1442.1947701128759,1583.5372760980092,-141.34250598513336,,-1.0,0.0
2023-10-22,Aston Villa,West Ham United,4.0,1.0,H,2324,True,csv,848,2.0,2.2,1.2,3.0,14.0,1.4,1.6,1.8,1.4,14.0,1574.829903063212,1498.0995060088967,76.73039705431529,0.3333333333333333,0.6000000000000001,0.0
2023-10-23,Tottenham Hotspur,Fulham,2.0,0.0,H,2324,True,csv,849,2.6,2.4,1.2,2.4,14.0,1.4,1.0,1.6,1.0,14.0,1604.7809472152833,1503.2432979005546,101.5376493147287,3.0,1.2000000000000002,0.0
2023-10-27,Crystal Palace,Tottenham Hotspur,1.0,2.0,A,2324,True,csv,850,1.0,0.4,1.4,1.2,6.0,2.6,1.8,0.8,2.2,4.0,1498.943023665851,1610.4399062780471,-111.49688261219626,0.0,-1.6,2.0
2023-10-28,Arsenal,Sheffield United,5.0,0.0,H,2324,True,csv,851,2.2,2.0,0.8,2.2,7.0,0.0,0.6,3.4,0.0,7.0,1667.3801088904938,1434.4941363547173,232.88597253577655,,2.2,0.0
2023-10-28,Bournemouth,Burnley,2.0,1.0,H,2324,True,csv,852,0.2,0.4,2.4,0.4,7.0,0.6,0.6,2.2,1.0,7.0,1406.298943308391,1410.312555038543,-4.013611730151979,,-0.39999999999999997,0.0
2023-10-28,Chelsea,Brentford,0.0,2.0,A,2324,True,csv,853,1.6,1.6,0.8,1.0,7.0,0.8,1.2,1.4,1.4,7.0,1497.7426945027296,1525.3471374338762,-27.60444293114665,0.3333333333333333,0.8,0.0
2023-10-28,Wolverhampton Wanderers,Newcastle United,2.0,2.0,D,2324,True,csv,854,1.6,1.4,1.4,1.0,7.0,2.6,3.4,0.4,1.0,7.0,1473.7194272723732,1605.9267656653478,-132.20733839297463,0.3333333333333333,-1.0,0.0
2023-10-29,Aston Villa,Luton Town,3.0,1.0,H,2324,True,csv,855,2.6,3.0,0.8,3.0,7.0,1.0,1.2,1.4,0.8,8.0,1581.0858081688764,1454.6664906281105,126.41931754076586,,1.6,-1.0
2023-10-29,Brighton & Hove Albion,Fulham,1.0,1.0,D,2324,True,csv,856,1.4,2.0,2.4,2.0,8.0,1.4,0.8,1.0,1.0,6.0,1565.2070451654042,1497.5843388377907,67.62270632761351,0.0,0.0,2.0
2023-10-29,Liverpool,Nottingham Forest,3.0,0.0,H,2324,True,csv,857,2.0,2.2,1.2,2.6,8.0,0.8,0.8,1.2,0.8,8.0,1661.3853506911632,1468.6450511498094,192.7402995413538,1.5,1.2,0.0
2023-10-29,Manchester United,Manchester City,0.0,3.0,A,2324,True,csv,858,1.8,1.2,1.2,1.8,8.0,1.8,1.6,1.0,1.8,8.0,1591.2379098561678,1722.2591533515217,-131.02124349535393,1.0,0.0,0.0
2023-10-29,West Ham United,Everton,0.0,1.0,A,2324,True,csv,859,0.8,1.4,2.4,2.0,7.0,1.2,1.4,1.2,1.0,8.0,1491.8436009032323,1418.707783226769,73.13581767646338,2.0,-0.3999999999999999,-1.0
2023-11-04,Brentford,West Ham United,3.0,2.0,H,2324,True,csv,860,1.4,1.6,1.2,1.2,7.0,0.8,1.2,2.0,1.4,6.0,1536.2768637157276,1478.1888057283643,58.0880579873633,3.0,0.5999999999999999,1.0
2023-11-04,Burnley,Crystal Palace,0.0,2.0,A,2324,True,csv,861,0.6,0.8,2.4,0.0,7.0,1.0,0.4,1.2,1.4,8.0,1401.9101684705993,1490.4144634151207,-88.50429494452146,1.0,-0.4,-1.0
2023-11-04,Everton,Brighton & Hove Albion,1.0,1.0,D,2324,True,csv,862,1.8,1.6,1.0,0.6,6.0,1.0,1.6,2.4,1.2,6.0,1432.362578401637,1561.6905246614676,-129.3279462598307,1.0,0.8,0.0
2023-11-04,Fulham,Manchester United,0.0,1.0,A,2324,True,csv,863,1.0,0.8,1.2,1.4,6.0,1.8,1.0,1.2,1.8,6.0,1501.1008593417273,1583.254061364047,-82.15320202231965,0.0,-0.8,0.0
2023-11-04,Manchester City,Bournemouth,6.0,1.0,H,2324,True,csv,864,1.8,1.6,0.8,3.0,6.0,0.6,0.8,2.6,0.2,7.0,1730.2430018436426,1414.7013298763347,315.5416719673078,3.0,1.2000000000000002,-1.0
2023-11-04,Newcastle United,Arsenal,1.0,0.0,H,2324,True,csv,865,2.2,3.6,0.8,2.4,7.0,2.2,2.8,0.8,2.0,7.0,1603.8778859424126,1670.506194760058,-66.62830881764535,1.3333333333333333,0.0,0.0
2023-11-04,Sheffield United,Wolverhampton Wanderers,2.0,1.0,H,2324,True,csv,866,0.0,0.4,4.0,0.2,7.0,1.8,1.6,1.2,1.4,7.0,1431.3680504851532,1475.7683069953084,-44.40025651015526,,-1.8,0.0
2023-11-05,Luton Town,Liverpool,1.0,1.0,D,2324,True,csv,867,0.8,1.2,1.8,0.25,7.0,2.0,2.2,1.0,1.6,7.0,1449.5702708956128,1665.1703529545148,-215.600082058902,,-1.2,0.0
2023-11-05,Nottingham Forest,Aston Villa,2.0,0.0,H,2324,True,csv,868,0.6,0.6,1.6,1.8,7.0,2.6,3.0,0.8,1.4,7.0,1464.860048886458,1586.182027901374,-121.32197901491622,0.5,-2.0,0.0
2023-11-06,Tottenham Hotspur,Chelsea,1.0,4.0,A,2324,True,csv,869,2.6,1.8,0.8,2.4,10.0,1.4,1.6,1.2,1.4,9.0,1618.9684665287773,1486.8129682208782,132.15549830789905,1.3333333333333333,1.2000000000000002,1.0
2023-11-11,Arsenal,Burnley,3.0,1.0,H,2324,True,csv,870,2.0,2.4,0.6,2.2,7.0,0.6,0.8,2.4,0.8,7.0,1660.3154398386139,1392.7287522549268,267.5866875836871,2.0,1.4,0.0
2023-11-11,Bournemouth,Newcastle United,2.0,0.0,H,2324,True,csv,871,0.6,0.8,3.2,0.8,7.0,2.2,2.2,0.8,1.0,7.0,1412.6366405017477,1614.0686408638567,-201.43200036210897,1.0,-1.6,0.0
2023-11-11,Crystal Palace,Everton,2.0,3.0,A,2324,True,csv,872,1.4,0.8,1.2,1.0,7.0,1.4,1.2,1.0,1.4,7.0,1499.5958796307932,1434.331928374844,65.26395125594922,0.3333333333333333,0.0,0.0
2023-11-11,Manchester United,Luton Town,1.0,0.0,H,2324,True,csv,873,1.8,1.0,1.2,1.2,7.0,0.4,1.0,1.8,0.8,6.0,1592.6173036546088,1453.77159691101,138.84570674359884,,1.4,1.0
2023-11-11,Wolverhampton Wanderers,Tottenham Hotspur,2.0,1.0,H,2324,True,csv,874,1.6,1.6,1.4,1.0,7.0,2.4,1.6,1.2,2.6,5.0,1466.2170022257308,1603.9403058438959,-137.72330361816512,2.0,-0.7999999999999998,2.0
2023-11-12,Aston Villa,Fulham,3.0,1.0,H,2324,True,csv,875,2.0,2.8,1.2,3.0,7.0,0.8,0.8,1.4,0.6,8.0,1574.4351414827202,1491.7376170511654,82.69752443155471,1.5,1.2,-1.0
2023-11-12,Brighton & Hove Albion,Sheffield United,1.0,1.0,D,2324,True,csv,876,0.6,1.2,2.4,1.6,8.0,0.6,0.8,2.6,0.0,8.0,1559.7211746882606,1440.9193552547308,118.80181943352977,,0.0,0.0
2023-11-12,Chelsea,Manchester City,4.0,4.0,D,2324,True,csv,877,2.0,2.4,1.2,0.8,6.0,1.8,2.4,1.0,1.8,8.0,1501.8411289057597,1732.3076912182296,-230.46656231246993,0.0,0.19999999999999996,-2.0
2023-11-12,Liverpool,Brentford,3.0,0.0,H,2324,True,csv,878,1.6,1.8,1.0,3.0,7.0,2.0,2.0,1.0,1.4,8.0,1660.9690269391176,1543.0031186885824,117.96590825053522,2.0,-0.3999999999999999,-1.0
2023-11-12,West Ham United,Nottingham Forest,3.0,2.0,H,2324,True,csv,879,0.8,1.4,2.0,1.4,8.0,1.2,1.0,1.2,0.8,7.0,1471.4625507555095,1476.6069353051118,-5.144384549602364,1.5,-0.3999999999999999,1.0
2023-11-25,Brentford,Arsenal,0.0,1.0,A,2324,True,csv,880,1.8,1.8,1.4,1.6,13.0,2.0,2.2,0.8,2.0,14.0,1537.7199046733317,1662.9500576682956,-125.23015299496387,0.3333333333333333,-0.19999999999999996,-1.0
2023-11-25,Burnley,West Ham United,1.0,2.0,A,2324,True,csv,881,0.0,0.6,2.8,0.0,14.0,0.8,1.6,2.4,1.2,13.0,1390.094134425245,1479.8966692683377,-89.80253484309264,1.0,-0.8,1.0
2023-11-25,Luton Town,Crystal Palace,2.0,1.0,H,2324,True,csv,882,0.4,0.8,1.6,0.4,14.0,0.8,1.0,1.8,1.4,14.0,1448.9422364461195,1486.138995740607,-37.19675929448749,,-0.4,0.0
2023-11-25,Manchester City,Liverpool,1.0,1.0,D,2324,True,csv,883,2.0,3.0,1.4,3.0,13.0,2.2,2.2,0.6,1.6,13.0,1727.760431265882,1666.2522409543683,61.50819031151377,1.3333333333333333,-0.20000000000000018,0.0
2023-11-25,Newcastle United,Chelsea,4.0,1.0,H,2324,True,csv,884,1.6,1.8,1.2,2.4,14.0,1.6,2.8,2.0,2.0,13.0,1600.2087864389978,1506.3883888581072,93.82039758089059,1.3333333333333333,0.0,1.0
2023-11-25,Nottingham Forest,Brighton & Hove Albion,2.0,3.0,A,2324,True,csv,885,1.0,1.2,1.6,1.8,13.0,0.8,1.2,1.4,1.4,13.0,1468.1728167922836,1554.9857032516054,-86.81288645932182,2.0,0.19999999999999996,0.0
2023-11-25,Sheffield United,Bournemouth,1.0,3.0,A,2324,True,csv,886,0.8,1.0,2.4,0.8,13.0,1.2,1.2,2.4,0.2,14.0,1445.654826691386,1426.4964949266066,19.158331764779405,,-0.3999999999999999,-1.0
2023-11-26,Everton,Manchester United,0.0,3.0,A,2324,True,csv,887,2.0,1.6,1.0,0.8,14.0,2.4,1.2,1.0,1.8,14.0,1447.7888122650302,1597.4466641194992,-149.65785185446907,1.0,-0.3999999999999999,0.0
2023-11-26,Tottenham Hotspur,Aston Villa,1.0,2.0,A,2324,True,csv,888,1.8,1.4,1.4,2.4,14.0,2.0,2.2,1.2,1.4,14.0,1591.7398344136434,1580.5443327308449,11.195501682798522,1.0,-0.19999999999999996,0.0
2023-11-27,Fulham,Wolverhampton Wanderers,3.0,2.0,H,2324,True,csv,889,0.8,1.0,1.6,1.2,14.0,1.6,1.6,1.4,1.4,14.0,1485.6284258030407,1478.4174736559833,7.210952147057469,1.0,-0.8,0.0
2023-12-02,Arsenal,Wolverhampton Wanderers,2.0,1.0,H,2324,True,csv,890,2.0,2.2,0.8,2.6,7.0,1.4,1.8,1.8,0.8,5.0,1671.094336057902,1470.3281851515062,200.76615090639575,3.0,0.6000000000000001,2.0
2023-12-02,Brentford,Luton Town,3.0,1.0,H,2324,True,csv,891,1.8,1.6,1.2,1.4,7.0,1.0,1.2,1.6,0.8,7.0,1529.5756262837253,1458.2868472208986,71.28877906282673,,0.8,0.0
2023-12-02,Burnley,Sheffield United,5.0,0.0,H,2324,True,csv,892,0.0,0.6,2.4,0.0,7.0,0.8,1.0,2.4,0.2,7.0,1380.9498226513322,1433.4150876861981,-52.46526503486598,,-0.8,0.0
2023-12-02,Newcastle United,Manchester United,1.0,0.0,H,2324,True,csv,893,2.0,2.2,1.0,3.0,7.0,2.4,1.4,0.8,2.4,6.0,1606.0497329431948,1604.921900264237,1.1278326789579296,1.6666666666666667,-0.3999999999999999,1.0
2023-12-02,Nottingham Forest,Everton,0.0,1.0,A,2324,True,csv,894,0.8,1.6,2.2,1.2,7.0,1.4,1.0,1.6,2.0,6.0,1458.9430252436648,1440.3135761202925,18.629449123372297,1.0,-0.5999999999999999,1.0
2023-12-03,Bournemouth,Aston Villa,2.0,2.0,D,2324,True,csv,895,1.8,1.8,2.0,1.4,8.0,2.4,2.4,1.2,1.4,7.0,1438.7362339317945,1592.56529543003,-153.82906149823543,1.5,-0.5999999999999999,1.0
2023-12-03,Chelsea,Brighton & Hove Albion,3.0,2.0,H,2324,True,csv,896,1.0,2.2,2.6,0.4,8.0,1.2,1.4,1.4,1.4,8.0,1500.5474423539101,1564.2154948002242,-63.66805244631405,0.3333333333333333,-0.19999999999999996,0.0
2023-12-03,Liverpool,Fulham,4.0,3.0,H,2324,True,csv,897,2.2,2.0,0.4,3.0,8.0,0.8,1.0,1.8,0.4,6.0,1669.613590013587,1493.7177143075178,175.89587570606932,2.0,1.4000000000000001,2.0
2023-12-03,Manchester City,Tottenham Hotspur,3.0,3.0,D,2324,True,csv,898,2.2,3.2,1.4,2.6,8.0,1.2,1.4,1.8,2.0,7.0,1724.3990822066633,1579.7188717144584,144.68021049220488,1.0,1.0000000000000002,1.0
2023-12-03,West Ham United,Crystal Palace,1.0,1.0,D,2324,True,csv,899,1.2,1.6,2.2,1.4,8.0,0.6,1.2,2.2,1.2,8.0,1489.0409810422507,1476.794384965828,12.246596076422748,1.0,0.6,0.0
2023-12-05,Luton Town,Arsenal,3.0,4.0,A,2324,True,csv,900,0.8,1.0,1.8,1.0,3.0,2.4,2.2,0.6,2.0,3.0,1451.8954922526348,1674.7395943900851,-222.84410213745036,,-1.5999999999999999,0.0
2023-12-05,Wolverhampton Wanderers,Burnley,1.0,0.0,H,2324,True,csv,901,0.8,1.6,2.0,1.6,3.0,0.6,1.6,1.8,0.6,3.0,1466.682926819323,1390.7329895383104,75.94993728101258,0.5,0.20000000000000007,0.0
2023-12-06,Aston Villa,Manchester City,1.0,0.0,H,2324,True,csv,902,2.0,2.0,1.4,3.0,3.0,1.8,3.4,1.8,1.4,3.0,1589.9284725195357,1719.1064797189792,-129.17800719944353,0.3333333333333333,0.19999999999999996,0.0
2023-12-06,Brighton & Hove Albion,Brentford,2.0,1.0,H,2324,True,csv,903,1.2,1.6,1.6,1.8,3.0,1.8,1.6,1.4,0.8,4.0,1554.1099236865048,1535.9669812519892,18.14294243451559,1.3333333333333333,-0.6000000000000001,-1.0
2023-12-06,Crystal Palace,Bournemouth,0.0,2.0,A,2324,True,csv,904,0.8,1.4,1.6,1.0,3.0,2.0,2.0,2.0,0.8,3.0,1478.8443471573617,1441.3730568422886,37.47129031507302,3.0,-1.2,0.0
2023-12-06,Fulham,Nottingham Forest,5.0,0.0,H,2324,True,csv,905,0.8,1.6,2.2,1.8,3.0,0.6,1.2,2.0,0.8,4.0,1489.6261619447985,1446.7177500002279,42.90841194457062,3.0,0.20000000000000007,-1.0
2023-12-06,Manchester United,Chelsea,2.0,1.0,H,2324,True,csv,906,1.8,1.0,0.8,1.2,4.0,1.4,2.4,2.6,2.0,3.0,1596.6633686973362,1510.6530134676295,86.01035522970665,1.6666666666666667,0.40000000000000013,1.0
2023-12-06,Sheffield United,Liverpool,0.0,2.0,A,2324,True,csv,907,0.8,0.8,3.0,0.8,4.0,2.2,2.4,1.0,1.2,3.0,1423.6319207992199,1673.7051423763064,-250.07322157708654,,-1.4000000000000001,1.0
2023-12-07,Everton,Newcastle United,3.0,0.0,H,2324,True,csv,908,2.0,1.2,1.2,0.8,5.0,2.0,1.6,1.0,1.0,5.0,1452.5388513637295,1614.3082645100956,-161.7694131463661,1.0,0.0,0.0
2023-12-07,Tottenham Hotspur,West Ham United,1.0,2.0,A,2324,True,csv,909,0.8,1.6,2.4,1.8,4.0,1.4,1.6,1.6,1.2,4.0,1585.0114742021424,1486.991018850717,98.02045535142543,2.3333333333333335,-0.5999999999999999,0.0
2023-12-09,Aston Villa,Arsenal,1.0,0.0,H,2324,True,csv,910,2.0,1.6,1.2,3.0,3.0,2.4,2.0,1.2,2.0,4.0,1601.8936739206931,1680.368086692617,-78.47441277192388,0.0,-0.3999999999999999,-1.0
2023-12-09,Brighton & Hove Albion,Burnley,1.0,1.0,D,2324,True,csv,911,1.6,1.8,1.6,1.8,3.0,0.6,1.4,1.6,0.6,4.0,1561.8979619739368,1384.4577537491743,177.4402082247625,1.5,1.0,-1.0
2023-12-09,Crystal Palace,Liverpool,1.0,2.0,A,2324,True,csv,912,0.8,1.2,1.6,0.4,3.0,2.2,2.2,1.0,1.2,3.0,1466.110253696066,1678.7218968125358,-212.61164311646985,0.6666666666666666,-1.4000000000000001,0.0
2023-12-09,Manchester United,Bournemouth,0.0,3.0,A,2324,True,csv,913,2.4,1.4,0.4,1.8,3.0,2.0,2.0,1.8,1.2,3.0,1602.6919451271933,1454.1071503035844,148.58479482360895,3.0,0.3999999999999999,0.0
2023-12-09,Sheffield United,Brentford,1.0,0.0,H,2324,True,csv,914,0.8,0.8,2.4,0.6,3.0,1.2,1.4,1.8,0.8,3.0,1418.6151663629905,1528.178942964557,-109.56377660156659,,-0.3999999999999999,0.0
2023-12-09,Wolverhampton Wanderers,Nottingham Forest,1.0,1.0,D,2324,True,csv,915,1.2,1.4,1.6,2.2,4.0,0.6,1.2,2.4,0.2,3.0,1472.9581626084591,1439.5960095298435,33.36215307861562,2.0,0.6,1.0
2023-12-10,Everton,Chelsea,2.0,0.0,H,2324,True,csv,916,2.0,1.6,1.2,1.4,3.0,1.4,2.6,2.6,1.8,4.0,1465.3870154523458,1504.6244370377724,-39.237421585426546,1.3333333333333333,0.6000000000000001,-1.0
2023-12-10,Fulham,West Ham United,5.0,0.0,H,2324,True,csv,917,1.2,2.4,2.0,1.8,4.0,2.0,2.0,1.6,1.2,3.0,1496.7479024151828,1501.2495439927998,-4.501641577616965,0.0,-0.8,1.0
2023-12-10,Luton Town,Manchester City,1.0,2.0,A,2324,True,csv,918,0.8,1.4,2.0,0.8,5.0,1.2,2.8,2.0,0.8,4.0,1446.266999950103,1707.1412783178218,-260.87427836771894,,-0.3999999999999999,1.0
2023-12-10,Tottenham Hotspur,Newcastle United,4.0,1.0,H,2324,True,csv,919,0.2,1.4,2.6,1.2,3.0,1.8,1.2,1.2,1.0,3.0,1570.7529490600596,1601.4601004214792,-30.70715136141962,1.0,-1.6,0.0
2023-12-15,Nottingham Forest,Tottenham Hotspur,0.0,2.0,A,2324,True,csv,920,0.2,1.0,2.6,1.0,6.0,0.8,2.0,2.0,1.6,5.0,1442.220323681708,1579.911825186277,-137.69150150456903,0.0,-0.6000000000000001,1.0
2023-12-16,Burnley,Everton,0.0,2.0,A,2324,True,csv,921,0.8,1.6,1.4,0.6,7.0,2.4,1.8,1.0,2.4,6.0,1390.3950576769198,1474.790130770073,-84.39507309315309,1.5,-1.5999999999999999,1.0
2023-12-16,Chelsea,Sheffield United,2.0,0.0,H,2324,True,csv,922,0.8,1.8,2.8,1.0,6.0,0.8,0.6,2.2,0.2,7.0,1495.2213217200454,1430.0321274744565,65.18919424558885,,0.0,-1.0
2023-12-16,Manchester City,Crystal Palace,2.0,2.0,D,2324,True,csv,923,1.2,2.0,2.0,2.2,6.0,0.2,1.0,2.0,1.4,7.0,1711.9279910951245,1460.2404928732772,251.68749822184736,2.3333333333333335,1.0,-1.0
2023-12-16,Newcastle United,Fulham,3.0,0.0,H,2324,True,csv,924,1.2,1.2,2.0,3.0,6.0,1.8,3.4,1.8,0.4,6.0,1592.3012242952618,1505.1639801529777,87.13724414228409,3.0,-0.6000000000000001,0.0
2023-12-17,Arsenal,Brighton & Hove Albion,2.0,0.0,H,2324,True,csv,925,2.4,2.0,1.2,2.6,8.0,1.6,1.8,1.6,0.8,8.0,1669.8368509333975,1555.9606580461914,113.87619288720612,1.0,0.7999999999999998,0.0
2023-12-17,Brentford,Aston Villa,1.0,2.0,A,2324,True,csv,926,0.6,0.8,1.6,1.8,8.0,2.6,1.8,0.8,1.6,8.0,1516.7619818530911,1612.4249096799126,-95.66292782682149,1.3333333333333333,-2.0,0.0
2023-12-17,Liverpool,Manchester United,0.0,0.0,D,2324,True,csv,927,2.6,2.4,1.0,3.0,8.0,1.8,1.2,1.0,2.4,8.0,1684.5916576353245,1587.3189217110958,97.27273592422875,2.0,0.8,0.0
2023-12-17,West Ham United,Wolverhampton Wanderers,3.0,0.0,H,2324,True,csv,928,2.0,1.6,2.0,1.6,7.0,1.4,1.4,1.4,0.8,8.0,1492.8334662550049,1470.3338484565948,22.4996177984101,2.0,0.6000000000000001,-1.0
2023-12-21,Crystal Palace,Brighton & Hove Albion,1.0,1.0,D,2324,True,csv,929,0.4,1.0,1.8,0.2,5.0,1.4,1.6,1.8,0.8,4.0,1467.3893643214924,1550.5854143745355,-83.19605005304311,0.6666666666666666,-0.9999999999999999,1.0
2023-12-22,Aston Villa,Sheffield United,1.0,1.0,D,2324,True,csv,930,2.6,1.6,0.8,3.0,5.0,0.6,0.4,2.4,0.2,6.0,1621.4020379892895,1423.4871166707433,197.91492131854625,,2.0,-1.0
2023-12-23,Fulham,Burnley,0.0,2.0,A,2324,True,csv,931,1.8,3.2,1.8,2.4,7.0,0.8,1.4,1.2,0.2,7.0,1499.1626873221312,1381.096052709292,118.06663461283915,,1.0,0.0
2023-12-23,Liverpool,Arsenal,1.0,1.0,D,2324,True,csv,932,2.2,1.8,1.0,2.6,6.0,2.4,1.8,1.0,1.4,6.0,1680.3507668642478,1675.2120946050534,5.138672259194436,1.3333333333333333,-0.19999999999999973,0.0
2023-12-23,Luton Town,Newcastle United,1.0,0.0,H,2324,True,csv,933,0.6,1.4,2.2,0.8,13.0,1.8,1.8,1.6,0.4,7.0,1441.4802871728002,1598.3025171261083,-156.82222995330812,,-1.2000000000000002,6.0
2023-12-23,Nottingham Forest,Bournemouth,2.0,3.0,A,2324,True,csv,934,0.2,0.6,2.4,0.8,8.0,2.6,2.4,0.6,1.8,14.0,1434.4199240773778,1469.480173719682,-35.06024964230414,0.5,-2.4,-6.0
2023-12-23,Tottenham Hotspur,Everton,2.0,1.0,H,2324,True,csv,935,1.4,2.2,1.6,1.2,8.0,2.4,1.6,0.6,2.4,7.0,1587.712224790607,1484.0891357377006,103.62308905290638,2.3333333333333335,-1.0,1.0
2023-12-23,West Ham United,Manchester United,2.0,0.0,H,2324,True,csv,936,2.0,1.6,1.6,1.6,6.0,1.4,1.0,1.0,2.0,6.0,1500.5025807412646,1591.5598124821724,-91.05723174090781,1.0,0.6000000000000001,0.0
2023-12-24,Wolverhampton Wanderers,Chelsea,2.0,1.0,H,2324,True,csv,937,0.8,1.0,1.8,1.8,7.0,1.2,1.4,2.0,1.2,8.0,1462.664733970335,1501.7663325237586,-39.10159855342363,1.3333333333333333,-0.3999999999999999,-1.0
2023-12-26,Bournemouth,Fulham,3.0,0.0,H,2324,True,csv,938,2.6,2.6,1.0,1.4,3.0,1.2,2.6,1.8,0.2,3.0,1480.1967670607685,1484.4436475100908,-4.2468804493223615,2.0,1.4000000000000001,0.0
2023-12-26,Burnley,Liverpool,0.0,2.0,A,2324,True,csv,939,1.4,1.6,0.8,0.6,3.0,2.2,1.8,1.0,1.8,3.0,1395.8150925213324,1678.4975877316263,-282.68249521029384,0.0,-0.8000000000000003,0.0
2023-12-26,Manchester United,Aston Villa,3.0,2.0,H,2324,True,csv,940,0.8,0.4,1.4,1.8,3.0,2.2,1.4,0.8,1.6,4.0,1580.6682868273435,1615.0964765871001,-34.428189759756606,1.3333333333333333,-1.4000000000000001,-1.0
2023-12-26,Newcastle United,Nottingham Forest,1.0,3.0,A,2324,True,csv,941,1.2,1.0,1.6,3.0,3.0,0.2,0.6,2.4,0.4,3.0,1585.585717447789,1423.7033307362913,161.8823867114977,3.0,1.0,0.0
2023-12-26,Sheffield United,Luton Town,2.0,3.0,A,2324,True,csv,942,0.8,0.4,2.0,1.2,4.0,1.2,1.6,2.0,0.8,3.0,1429.7926780729326,1454.1970868511196,-24.404408778186962,,-0.3999999999999999,1.0
2023-12-27,Brentford,Wolverhampton Wanderers,1.0,4.0,A,2324,True,csv,943,0.6,1.0,1.4,1.8,10.0,1.4,1.0,1.4,0.6,3.0,1507.7848535437142,1472.063954005762,35.720899537952164,0.3333333333333333,-0.7999999999999999,7.0
2023-12-27,Chelsea,Crystal Palace,2.0,1.0,H,2324,True,csv,944,1.2,1.4,1.6,1.6,3.0,0.6,1.0,1.6,1.0,6.0,1492.3671124883315,1468.0560101066108,24.31110238172073,3.0,0.6,-3.0
2023-12-27,Everton,Manchester City,1.0,3.0,A,2324,True,csv,945,2.4,1.8,0.4,2.0,4.0,1.2,1.6,1.6,1.4,11.0,1478.4787620121697,1704.7791196469093,-226.3003576347396,0.3333333333333333,1.2,-7.0
2023-12-28,Arsenal,West Ham United,0.0,2.0,A,2324,True,csv,946,2.0,1.8,1.2,3.0,5.0,2.0,1.6,1.4,1.2,5.0,1677.065273737675,1511.3941063960935,165.6711673415814,2.3333333333333335,0.0,0.0
2023-12-28,Brighton & Hove Albion,Tottenham Hotspur,4.0,2.0,H,2324,True,csv,947,1.0,1.2,1.6,1.4,7.0,2.0,2.4,1.4,2.0,5.0,1549.9187685894171,1593.322598516138,-43.403829926720846,1.0,-1.0,2.0
2023-12-30,Aston Villa,Burnley,3.0,2.0,H,2324,True,csv,948,2.0,1.4,1.0,2.6,4.0,0.8,0.6,1.2,0.8,4.0,1605.8311662771457,1391.4704288375372,214.36073743960856,2.3333333333333335,1.2,0.0
2023-12-30,Crystal Palace,Brentford,3.0,1.0,H,2324,True,csv,949,0.4,1.0,1.8,0.2,3.0,0.6,1.2,2.0,0.6,3.0,1460.4361413328315,1495.0974382187135,-34.66129688588194,1.0,-0.19999999999999996,0.0
2023-12-30,Luton Town,Chelsea,2.0,3.0,A,2324,True,csv,950,1.2,1.8,2.2,1.4,4.0,1.2,1.2,1.4,0.6,3.0,1465.2180406781854,1499.9869812621107,-34.768940583925314,0.0,0.0,1.0
2023-12-30,Manchester City,Sheffield United,2.0,0.0,H,2324,True,csv,951,1.6,2.0,1.6,1.8,3.0,0.8,0.8,1.6,0.4,4.0,1710.327494493625,1418.7717242458668,291.5557702477581,3.0,0.8,-1.0
2023-12-30,Nottingham Forest,Manchester United,2.0,1.0,H,2324,True,csv,952,0.8,1.2,2.4,0.6,4.0,1.4,1.0,1.6,1.4,4.0,1439.3429829973354,1589.933597137298,-150.59061413996255,0.0,-0.5999999999999999,0.0
2023-12-30,Wolverhampton Wanderers,Everton,3.0,0.0,H,2324,True,csv,953,2.0,1.6,1.2,2.2,3.0,1.8,1.8,1.0,2.4,3.0,1484.7513693307628,1472.930387165454,11.820982165308806,2.3333333333333335,0.19999999999999996,0.0
2023-12-31,Fulham,Arsenal,2.0,1.0,H,2324,True,csv,954,1.2,2.0,1.6,1.8,5.0,1.4,1.4,1.4,1.4,3.0,1476.0347175941981,1661.3517131235615,-185.31699552936334,0.3333333333333333,-0.19999999999999996,2.0
2023-12-31,Tottenham Hotspur,Bournemouth,3.0,1.0,H,2324,True,csv,955,1.8,2.2,1.6,1.2,3.0,2.6,2.6,0.8,2.4,5.0,1583.7999117082893,1488.6056969766612,95.19421473162811,2.0,-0.8,-2.0
2024-01-01,Liverpool,Newcastle United,4.0,2.0,H,2324,True,csv,956,2.2,1.4,0.4,2.2,6.0,0.6,1.0,2.2,0.2,6.0,1682.8422514154215,1569.9460651867448,112.8961862286767,3.0,1.6,0.0
2024-01-02,West Ham United,Brighton & Hove Albion,0.0,0.0,D,2324,True,csv,957,2.4,1.8,1.2,2.0,5.0,1.6,1.6,1.4,1.0,5.0,1527.107667010207,1559.4414553972658,-32.3337883870588,1.0,0.7999999999999998,0.0
2024-01-12,Burnley,Luton Town,1.0,1.0,D,2324,True,csv,958,0.8,1.0,1.6,0.6,13.0,1.2,2.0,2.2,0.8,13.0,1388.0526702060488,1454.4931063466772,-66.44043614062844,3.0,-0.3999999999999999,0.0
2024-01-13,Chelsea,Fulham,1.0,0.0,H,2324,True,csv,959,1.8,1.6,1.4,2.0,14.0,1.2,1.4,1.8,0.2,13.0,1510.7119155936189,1489.4929457045776,21.21896988904132,1.3333333333333333,0.6000000000000001,1.0
2024-01-13,Newcastle United,Manchester City,2.0,3.0,A,2324,True,csv,960,0.6,1.4,2.4,2.4,12.0,2.0,1.8,1.0,2.0,14.0,1564.5486187391332,1712.662196907116,-148.11357816798272,0.3333333333333333,-1.4,-2.0
2024-01-14,Everton,Aston Villa,0.0,0.0,D,2324,True,csv,961,1.2,1.2,1.6,1.4,14.0,2.0,1.8,1.4,1.4,14.0,1464.9686110557016,1609.248924908634,-144.28031385293252,0.0,-0.8,0.0
2024-01-14,Manchester United,Tottenham Hotspur,2.0,2.0,D,2324,True,csv,962,0.8,0.8,1.8,1.8,14.0,2.4,2.6,1.4,1.4,14.0,1577.3837146592482,1589.6082102418375,-12.22449558258927,1.3333333333333333,-1.5999999999999999,0.0
2024-01-20,Arsenal,Crystal Palace,5.0,0.0,H,2324,True,csv,963,0.8,0.8,1.2,2.4,14.0,1.0,1.6,1.6,1.0,14.0,1647.893485013182,1469.7081251181069,178.18535989507518,3.0,-0.19999999999999996,0.0
2024-01-20,Brentford,Nottingham Forest,3.0,2.0,H,2324,True,csv,964,0.0,0.8,2.4,1.2,14.0,1.4,1.6,1.6,0.8,14.0,1485.8254544334382,1451.8928654753852,33.932588958052975,1.6666666666666667,-1.4,0.0
2024-01-21,Bournemouth,Liverpool,0.0,4.0,A,2324,True,csv,965,2.4,2.4,1.0,2.0,14.0,2.2,1.8,0.8,2.2,14.0,1482.797398443113,1688.2396978630331,-205.44229941992012,1.0,0.19999999999999973,0.0
2024-01-21,Sheffield United,West Ham United,2.0,2.0,D,2324,True,csv,966,0.8,0.8,1.6,1.2,14.0,2.0,1.4,1.0,1.8,14.0,1416.4370218323759,1526.313048252419,-109.87602642004322,0.0,-1.2,0.0
2024-01-22,Brighton & Hove Albion,Wolverhampton Wanderers,0.0,0.0,D,2324,True,csv,967,1.2,1.2,1.2,1.8,14.0,2.0,2.0,1.2,0.6,14.0,1560.2360741550538,1492.7131454405153,67.52292871453847,3.0,-0.8,0.0
2024-01-30,Aston Villa,Newcastle United,1.0,3.0,A,2324,True,csv,968,1.6,1.6,1.4,2.6,14.0,0.6,1.6,2.2,0.0,14.0,1606.8696296636654,1557.0317216402318,49.837908023433556,1.0,1.0,0.0
2024-01-30,Crystal Palace,Sheffield United,3.0,2.0,H,2324,True,csv,969,1.0,1.4,2.2,0.8,10.0,0.4,1.0,2.0,0.4,9.0,1465.6592980804905,1417.8627886477695,47.796509432720995,3.0,0.6,1.0
2024-01-30,Fulham,Everton,0.0,0.0,D,2324,True,csv,970,0.6,0.4,2.0,2.4,14.0,0.8,0.8,1.6,1.8,14.0,1481.788944007029,1467.3479063006703,14.441037706358657,2.3333333333333335,-0.20000000000000007,0.0
2024-01-30,Luton Town,Brighton & Hove Albion,4.0,0.0,H,2324,True,csv,971,1.4,1.6,1.6,1.2,14.0,1.2,1.0,1.0,1.0,8.0,1454.3077569231639,1556.7220706076203,-102.41431368445637,0.0,0.19999999999999996,6.0
2024-01-30,Nottingham Forest,Arsenal,1.0,2.0,A,2324,True,csv,972,1.2,1.8,2.0,0.6,10.0,1.4,1.8,1.0,1.4,10.0,1444.5324607500056,1651.9423120507984,-207.40985130079275,1.0,-0.19999999999999996,0.0
2024-01-31,Liverpool,Chelsea,4.0,1.0,H,2324,True,csv,973,2.2,2.2,0.6,2.2,10.0,2.4,1.8,1.0,0.6,14.0,1694.282054439601,1518.4159172911675,175.8661371484336,1.0,-0.19999999999999973,-4.0
2024-01-31,Manchester City,Burnley,3.0,1.0,H,2324,True,csv,974,2.6,2.4,1.2,1.8,14.0,0.8,1.0,1.6,0.8,14.0,1720.1790940060173,1388.2380196295621,331.94107437645516,3.0,1.8,0.0
2024-01-31,Tottenham Hotspur,Brentford,3.0,2.0,H,2324,True,csv,975,2.0,2.2,1.6,1.8,14.0,0.6,1.2,2.4,0.6,11.0,1590.97469779281,1493.1858591588177,97.78883863399233,0.6666666666666666,1.4,3.0
2024-02-01,West Ham United,Bournemouth,1.0,1.0,D,2324,True,csv,976,2.2,1.8,0.4,2.2,11.0,1.8,2.0,1.8,2.4,11.0,1524.8872814370254,1476.755041866545,48.13223957048035,2.3333333333333335,0.40000000000000013,0.0
2024-02-01,Wolverhampton Wanderers,Manchester United,3.0,4.0,A,2324,True,csv,977,2.0,1.8,1.0,2.6,10.0,1.0,1.2,1.6,0.8,14.0,1496.2271489879488,1576.0172271082756,-79.79007812032683,0.0,1.0,-4.0
2024-02-03,Brighton & Hove Albion,Crystal Palace,4.0,1.0,H,2324,True,csv,978,1.2,1.0,1.4,1.8,4.0,1.4,1.6,2.2,0.4,4.0,1545.5073170669943,1472.6525320084966,72.85478505849778,1.6666666666666667,-0.19999999999999996,0.0
2024-02-03,Burnley,Fulham,2.0,2.0,D,2324,True,csv,979,0.8,1.2,1.8,0.8,3.0,0.8,0.4,1.4,0.0,4.0,1386.3416895388432,1479.6785540000226,-93.3368644611794,3.0,0.0,-1.0
2024-02-03,Everton,Tottenham Hotspur,2.0,2.0,D,2324,True,csv,980,0.4,0.4,1.6,1.4,4.0,2.0,2.4,2.0,1.0,3.0,1469.4582963076766,1596.72163169886,-127.26333539118332,0.3333333333333333,-1.6,1.0
2024-02-03,Newcastle United,Luton Town,4.0,4.0,D,2324,True,csv,981,0.6,1.6,2.4,1.8,4.0,2.0,2.2,1.2,0.8,4.0,1570.0918370870872,1465.5225104637898,104.56932662329746,0.0,-1.4,0.0
2024-02-03,Sheffield United,Aston Villa,0.0,5.0,A,2324,True,csv,982,0.4,1.4,2.2,0.8,4.0,1.0,1.4,1.8,1.6,4.0,1410.8695547197635,1593.80951421681,-182.9399594970464,1.0,-0.6,0.0
2024-02-04,Arsenal,Liverpool,3.0,1.0,H,2324,True,csv,983,1.4,1.8,1.2,2.4,5.0,2.6,3.0,0.8,2.6,4.0,1657.9370152767158,1698.3741639668776,-40.43714869016185,1.6666666666666667,-1.2000000000000002,1.0
2024-02-04,Bournemouth,Nottingham Forest,1.0,1.0,D,2324,True,csv,984,1.4,1.6,2.0,2.0,3.0,1.2,2.0,2.0,0.8,5.0,1479.7705948675182,1438.5377575240882,41.23283734342999,2.3333333333333335,0.19999999999999996,-2.0
2024-02-04,Chelsea,Wolverhampton Wanderers,2.0,4.0,A,2324,True,csv,985,1.8,1.6,1.8,2.6,4.0,2.0,2.4,1.2,0.8,3.0,1514.323807763891,1486.7961379971832,27.52766976670773,1.0,-0.19999999999999996,1.0
2024-02-04,Manchester United,West Ham United,3.0,0.0,H,2324,True,csv,986,1.4,2.0,2.2,2.0,3.0,1.8,1.4,0.6,2.0,3.0,1585.4482380990412,1521.8717284360523,63.57650966298888,1.0,-0.40000000000000013,0.0
2024-02-05,Brentford,Manchester City,1.0,3.0,A,2324,True,csv,987,0.6,1.6,2.8,1.2,5.0,2.6,2.6,1.2,2.0,5.0,1487.4389252527678,1722.0754240967362,-234.6364988439684,2.0,-2.0,0.0
2024-02-10,Fulham,Bournemouth,3.0,1.0,H,2324,True,csv,988,1.0,0.8,1.4,2.0,7.0,1.0,1.2,1.8,2.0,6.0,1478.7219757325036,1476.936628091035,1.785347641468661,0.3333333333333333,0.0,1.0
2024-02-10,Liverpool,Burnley,3.0,1.0,H,2324,True,csv,989,2.4,3.0,1.2,2.2,6.0,0.4,1.2,2.2,0.8,7.0,1688.9366337946328,1387.2982678063622,301.6383659882706,3.0,2.0,-1.0
2024-02-10,Luton Town,Sheffield United,1.0,3.0,A,2324,True,csv,990,1.6,2.8,2.0,1.2,7.0,0.2,1.2,3.0,0.2,7.0,1469.9340974913969,1404.2674064995415,65.66669099185538,3.0,1.4000000000000001,0.0
2024-02-10,Manchester City,Everton,2.0,0.0,H,2324,True,csv,991,3.0,2.8,1.0,1.8,5.0,0.6,0.6,1.6,1.4,7.0,1727.4334823190845,1471.370460428515,256.06302189056964,2.3333333333333335,2.4,-2.0
2024-02-10,Nottingham Forest,Newcastle United,2.0,3.0,A,2324,True,csv,992,1.4,1.8,1.6,0.6,6.0,0.8,2.4,3.0,0.6,7.0,1441.3717243005715,1565.6802500594802,-124.30852575890867,1.0,0.5999999999999999,-1.0
2024-02-10,Tottenham Hotspur,Brighton & Hove Albion,2.0,1.0,H,2324,True,csv,993,1.6,2.4,2.2,2.4,7.0,1.6,1.6,1.4,0.4,7.0,1594.8094675780217,1551.8595322724614,42.9499353055603,2.0,0.0,0.0
2024-02-10,Wolverhampton Wanderers,Brentford,0.0,2.0,A,2324,True,csv,994,2.0,2.8,1.4,2.0,6.0,0.6,1.6,3.0,0.0,5.0,1499.263410273048,1482.0808670304195,17.182543242628526,2.3333333333333335,1.4,1.0
2024-02-11,Aston Villa,Manchester United,1.0,2.0,A,2324,True,csv,995,1.4,2.2,1.6,2.0,8.0,2.0,2.6,1.8,0.8,7.0,1600.411662437032,1592.0341903101662,8.377472126865769,1.0,-0.6000000000000001,1.0
2024-02-11,West Ham United,Arsenal,0.0,6.0,A,2324,True,csv,996,1.2,1.0,1.2,1.8,7.0,1.8,2.2,1.2,1.4,7.0,1515.2857762249273,1667.3745454489606,-152.08876922403329,1.3333333333333333,-0.6000000000000001,0.0
2024-02-12,Crystal Palace,Chelsea,1.0,3.0,A,2324,True,csv,997,1.2,1.6,2.8,1.4,9.0,1.8,1.8,2.2,0.6,8.0,1466.3003168030295,1501.856535488026,-35.556218684996566,0.0,-0.6000000000000001,1.0
2024-02-17,Brentford,Liverpool,1.0,4.0,A,2324,True,csv,998,1.2,1.8,2.2,1.2,7.0,2.4,3.2,1.4,2.4,7.0,1494.2665227003458,1691.1542848578517,-196.8877621575059,1.0,-1.2,0.0
2024-02-17,Burnley,Arsenal,0.0,5.0,A,2324,True,csv,999,0.4,1.4,2.4,1.0,7.0,2.4,3.4,0.8,1.4,6.0,1385.0806167431433,1674.7843907745919,-289.7037740314486,0.3333333333333333,-2.0,1.0
2024-02-17,Fulham,Aston Villa,1.0,2.0,A,2324,True,csv,1000,1.6,1.4,1.0,2.0,7.0,1.4,2.0,1.4,1.6,6.0,1486.9621625000968,1588.468622426098,-101.50645992600107,1.0,0.20000000000000018,1.0
2024-02-17,Manchester City,Chelsea,1.0,1.0,D,2324,True,csv,1001,3.0,2.6,0.8,2.2,7.0,1.8,2.0,2.2,1.2,5.0,1730.223587974372,1512.5589255529721,217.66466242139995,2.3333333333333335,1.2,2.0
2024-02-17,Newcastle United,Bournemouth,2.0,2.0,D,2324,True,csv,1002,1.4,2.8,2.8,1.4,7.0,0.4,0.8,2.4,1.4,7.0,1573.8501540716109,1468.6964413234416,105.15371274816926,0.6666666666666666,0.9999999999999999,0.0
2024-02-17,Nottingham Forest,West Ham United,2.0,0.0,H,2324,True,csv,1003,0.8,1.6,2.0,0.6,7.0,0.6,0.6,2.4,1.4,6.0,1433.2018202884408,1507.875930899296,-74.67411061085522,1.0,0.20000000000000007,1.0
2024-02-17,Tottenham Hotspur,Wolverhampton Wanderers,1.0,2.0,A,2324,True,csv,1004,2.2,2.4,1.6,3.0,7.0,1.4,2.0,1.6,1.4,7.0,1601.9301119574973,1487.0777546031218,114.8523573543755,1.0,0.8000000000000003,0.0
2024-02-18,Luton Town,Manchester United,1.0,2.0,A,2324,True,csv,1005,1.0,2.4,2.2,1.2,8.0,2.0,2.4,1.6,1.4,7.0,1456.4670111358887,1603.9772303211003,-147.51021918521155,0.0,-1.0,1.0
2024-02-18,Sheffield United,Brighton & Hove Albion,0.0,5.0,A,2324,True,csv,1006,0.8,1.4,2.6,0.8,8.0,1.0,1.0,1.4,0.4,8.0,1417.7344928550497,1544.7388878929858,-127.00439503793609,1.0,-0.19999999999999996,0.0
2024-02-19,Everton,Crystal Palace,1.0,1.0,D,2324,True,csv,1007,0.6,0.4,1.4,1.6,9.0,1.2,1.6,3.0,0.4,7.0,1468.5803547732273,1455.5979267380835,12.982428035143812,2.3333333333333335,-0.6,2.0
2024-02-20,Manchester City,Brentford,1.0,0.0,H,2324,True,csv,1008,2.6,2.4,1.0,2.2,3.0,1.2,1.8,2.4,0.6,3.0,1723.587789443359,1488.0145113329704,235.57327811038863,1.0,1.4000000000000001,0.0
2024-02-21,Liverpool,Luton Town,4.0,1.0,H,2324,True,csv,1009,2.4,3.2,1.2,2.2,4.0,1.0,2.2,2.0,1.0,3.0,1697.4062962252272,1448.9338117130303,248.47248451219684,1.0,1.4,1.0
2024-02-24,Arsenal,Newcastle United,4.0,1.0,H,2324,True,csv,1010,3.0,4.2,0.4,2.4,7.0,1.6,2.8,2.4,1.2,7.0,1678.9931709579464,1569.425030638687,109.56814031925933,1.3333333333333333,1.4,0.0
2024-02-24,Aston Villa,Nottingham Forest,4.0,2.0,H,2324,True,csv,1011,1.4,1.8,1.2,1.4,7.0,0.8,1.6,1.8,1.0,7.0,1597.2796215497624,1443.6239241845285,153.6556973652339,1.3333333333333333,0.5999999999999999,0.0
2024-02-24,Bournemouth,Manchester City,0.0,1.0,A,2324,True,csv,1012,0.6,1.0,2.2,1.6,7.0,2.6,2.0,0.6,2.4,4.0,1473.1215647563654,1726.673291957059,-253.55172720069368,0.0,-2.0,3.0
2024-02-24,Brighton & Hove Albion,Everton,1.0,1.0,D,2324,True,csv,1013,1.4,2.0,1.4,2.2,6.0,0.8,0.6,1.0,0.8,5.0,1552.8339051909102,1466.510112482978,86.32379270793217,1.3333333333333333,0.5999999999999999,1.0
2024-02-24,Crystal Palace,Burnley,3.0,0.0,H,2324,True,csv,1014,0.8,1.2,3.0,1.4,5.0,0.4,1.0,2.8,0.8,7.0,1457.6681690283328,1380.8718365597888,76.79633246854405,1.6666666666666667,0.4,-2.0
2024-02-24,Manchester United,Fulham,1.0,2.0,A,2324,True,csv,1015,2.6,2.6,1.4,2.0,6.0,1.0,1.2,1.2,0.2,7.0,1611.5104297439586,1478.1511633764324,133.3592663675263,3.0,1.6,-1.0
2024-02-25,Wolverhampton Wanderers,Sheffield United,1.0,0.0,H,2324,True,csv,1016,1.4,1.8,1.8,1.4,8.0,0.8,1.4,3.2,0.8,7.0,1501.724569148313,1409.6394755571253,92.08509359118784,0.0,0.5999999999999999,1.0
2024-02-26,West Ham United,Brentford,4.0,2.0,H,2324,True,csv,1017,0.4,0.6,2.8,1.6,9.0,0.6,1.2,2.2,0.6,6.0,1497.4538270032083,1484.9290088192704,12.524818183937896,0.0,-0.19999999999999996,3.0
2024-03-02,Brentford,Chelsea,2.0,2.0,D,2324,True,csv,1018,0.6,1.2,2.4,0.6,5.0,1.4,1.6,2.0,1.4,14.0,1476.9866411074456,1519.1947240839852,-42.20808297653957,2.3333333333333335,-0.7999999999999999,-9.0
2024-03-02,Everton,West Ham United,1.0,3.0,A,2324,True,csv,1019,0.8,0.8,1.2,1.2,7.0,0.8,1.0,2.8,0.8,5.0,1470.489131902909,1505.396194715033,-34.90706281212397,2.0,0.0,2.0
2024-03-02,Fulham,Brighton & Hove Albion,3.0,0.0,H,2324,True,csv,1020,1.6,1.6,1.2,1.4,7.0,1.4,2.2,1.6,1.0,7.0,1493.2051665159602,1548.854885770979,-55.64971925501891,2.3333333333333335,0.20000000000000018,0.0
2024-03-02,Luton Town,Aston Villa,2.0,3.0,A,2324,True,csv,1021,0.8,2.2,2.6,1.2,10.0,1.8,2.6,1.6,2.0,7.0,1446.0371391889676,1601.803596411906,-155.76645722293847,0.0,-1.0,3.0
2024-03-02,Newcastle United,Wolverhampton Wanderers,3.0,0.0,H,2324,True,csv,1022,1.6,2.6,2.6,1.0,7.0,1.8,2.0,1.8,2.0,6.0,1563.9517547699973,1507.6069078220798,56.344846947917404,1.6666666666666667,-0.19999999999999996,1.0
2024-03-02,Nottingham Forest,Liverpool,0.0,1.0,A,2324,True,csv,1023,0.8,1.6,2.0,1.2,7.0,2.4,3.2,1.4,2.4,10.0,1439.0999493223849,1700.30296874929,-261.20301942690503,1.0,-1.5999999999999999,-3.0
2024-03-02,Tottenham Hotspur,Crystal Palace,3.0,1.0,H,2324,True,csv,1024,1.6,2.0,1.8,2.4,14.0,1.4,1.8,2.0,0.4,7.0,1587.283297412306,1463.9224425107843,123.36085490152163,3.0,0.20000000000000018,7.0
2024-03-03,Burnley,Bournemouth,0.0,2.0,A,2324,True,csv,1025,0.2,0.8,3.2,0.4,8.0,0.6,1.0,1.6,1.0,8.0,1374.6175630773373,1468.179691265707,-93.5621281883698,0.0,-0.39999999999999997,0.0
2024-03-03,Manchester City,Manchester United,3.0,1.0,H,2324,True,csv,1026,2.6,1.6,0.4,2.6,8.0,2.4,2.4,1.4,1.8,8.0,1731.6151654477173,1596.4564266044308,135.15873884328653,2.0,0.20000000000000018,0.0
2024-03-04,Sheffield United,Arsenal,0.0,6.0,A,2324,True,csv,1027,0.6,1.0,3.0,0.8,8.0,3.0,4.0,0.6,2.0,9.0,1403.7571368833585,1684.4664468266362,-280.70930994327773,0.0,-2.4,-1.0
2024-03-09,Arsenal,Brentford,2.0,1.0,H,2324,True,csv,1028,3.0,4.8,0.4,2.4,5.0,0.8,1.4,2.2,0.6,7.0,1688.849863442784,1476.4749957370186,212.37486770576538,2.3333333333333335,2.2,-2.0
2024-03-09,Bournemouth,Sheffield United,2.0,2.0,D,2324,True,csv,1029,1.0,1.2,1.4,1.0,6.0,0.6,0.6,3.6,0.8,5.0,1477.2166891140148,1399.3737202672107,77.84296884680407,3.0,0.4,1.0
2024-03-09,Crystal Palace,Luton Town,1.0,1.0,D,2324,True,csv,1030,0.8,1.4,2.2,2.0,7.0,0.2,1.8,3.2,1.0,7.0,1458.7590735523581,1438.7257710251567,20.033302527201386,0.0,0.6000000000000001,0.0
2024-03-09,Manchester United,Everton,2.0,0.0,H,2324,True,csv,1031,1.8,1.8,1.4,1.4,6.0,0.6,1.0,1.8,0.4,7.0,1591.548892246964,1459.768152270144,131.7807399768201,3.0,1.2000000000000002,-1.0
2024-03-09,Wolverhampton Wanderers,Fulham,2.0,1.0,H,2324,True,csv,1032,1.8,1.4,1.6,1.8,7.0,2.0,2.2,1.2,0.8,7.0,1500.8357831915375,1503.079961914092,-2.2441787225545795,0.6666666666666666,-0.19999999999999996,0.0
2024-03-10,Aston Villa,Tottenham Hotspur,0.0,4.0,A,2324,True,csv,1033,2.4,3.0,1.4,1.4,8.0,2.0,2.2,1.6,1.2,8.0,1609.1149645757168,1592.4466663707321,16.668298204984694,3.0,0.3999999999999999,0.0
2024-03-10,Brighton & Hove Albion,Nottingham Forest,1.0,0.0,H,2324,True,csv,1034,1.4,2.2,1.4,1.8,8.0,0.8,1.4,1.8,1.0,8.0,1538.9800903728471,1434.32012347686,104.65996689598705,1.3333333333333333,0.5999999999999999,0.0
2024-03-10,Liverpool,Manchester City,1.0,1.0,D,2324,True,csv,1035,2.4,2.6,1.2,2.6,8.0,2.6,1.6,0.4,3.0,7.0,1705.0827945948147,1736.5226998051842,-31.43990521036949,1.3333333333333333,-0.20000000000000018,1.0
2024-03-10,West Ham United,Burnley,2.0,2.0,D,2324,True,csv,1036,1.2,1.4,2.8,1.6,8.0,0.2,0.6,3.0,0.6,7.0,1516.1171743477983,1365.5805652290296,150.53660911876864,1.6666666666666667,1.0,1.0
2024-03-11,Chelsea,Newcastle United,3.0,2.0,H,2324,True,csv,1037,1.0,1.8,2.4,2.4,9.0,1.6,2.6,2.4,1.2,9.0,1519.7063694544122,1570.7228794005396,-51.01650994612737,0.3333333333333333,-0.6000000000000001,0.0
2024-03-13,Bournemouth,Luton Town,4.0,3.0,H,2324,True,csv,1038,1.0,1.4,1.6,1.0,4.0,0.2,1.2,2.6,1.2,4.0,1473.4450938725129,1440.9894168560882,32.455677016424715,,0.8,0.0
2024-03-16,Burnley,Brentford,2.0,1.0,H,2324,True,csv,1039,0.2,0.6,3.0,0.4,6.0,0.2,1.2,2.6,0.6,7.0,1370.9934275427922,1473.0247213875557,-102.03129384476347,1.0,0.0,-1.0
2024-03-16,Fulham,Tottenham Hotspur,3.0,0.0,H,2324,True,csv,1040,1.8,2.0,1.2,2.0,7.0,2.0,2.4,1.2,1.6,6.0,1494.7271630668643,1604.6182233929676,-109.89106032610334,0.0,-0.19999999999999996,1.0
2024-03-16,Luton Town,Nottingham Forest,1.0,1.0,D,2324,True,csv,1041,0.2,1.6,2.8,0.6,3.0,0.6,1.2,1.8,0.8,6.0,1433.5894207973631,1428.7338113649666,4.855609432396477,1.0,-0.39999999999999997,-3.0
2024-03-17,West Ham United,Aston Villa,1.0,1.0,D,2324,True,csv,1042,1.4,1.8,2.6,1.2,7.0,1.8,2.0,2.2,2.0,7.0,1510.7043120340356,1596.9434075534814,-86.23909551944575,1.3333333333333333,-0.40000000000000013,0.0
2024-03-30,Aston Villa,Wolverhampton Wanderers,2.0,0.0,H,2324,True,csv,1043,2.0,2.0,2.0,1.2,13.0,1.8,1.0,1.4,2.0,14.0,1596.1896182358566,1509.1885820387654,87.00103619709125,0.6666666666666666,0.19999999999999996,-1.0
2024-03-30,Bournemouth,Everton,2.0,1.0,H,2324,True,csv,1044,1.6,2.0,1.6,1.0,14.0,0.4,0.6,1.8,0.4,14.0,1480.845089931238,1454.7882492366682,26.0568406945697,1.0,1.2000000000000002,0.0
2024-03-30,Brentford,Manchester United,1.0,1.0,D,2324,True,csv,1045,0.2,1.2,2.2,0.8,14.0,1.8,1.6,1.4,1.8,14.0,1461.820830818491,1596.5287952804397,-134.70796446194868,1.0,-1.6,0.0
2024-03-30,Chelsea,Burnley,2.0,2.0,D,2324,True,csv,1046,1.6,2.2,2.0,2.4,14.0,0.8,0.8,2.6,0.2,14.0,1529.4478614328639,1382.197318111857,147.25054332100694,2.3333333333333335,0.8,0.0
2024-03-30,Newcastle United,West Ham United,4.0,3.0,H,2324,True,csv,1047,1.4,2.2,2.2,1.0,14.0,1.6,2.0,1.6,1.4,13.0,1560.981387422088,1511.4581013516604,49.5232860704275,1.6666666666666667,-0.20000000000000018,1.0
2024-03-30,Nottingham Forest,Crystal Palace,1.0,1.0,D,2324,True,csv,1048,0.8,1.0,1.4,1.2,14.0,1.0,1.4,1.6,0.2,14.0,1430.579121905431,1456.4954277214267,-25.916305815995656,1.6666666666666667,-0.19999999999999996,0.0
2024-03-30,Sheffield United,Fulham,3.0,3.0,D,2324,True,csv,1049,0.8,1.0,3.0,0.2,14.0,1.8,2.0,1.0,0.8,14.0,1403.1453155087127,1506.1533537940534,-103.00803828534072,0.0,-1.0,0.0
2024-03-30,Tottenham Hotspur,Luton Town,2.0,1.0,H,2324,True,csv,1050,1.8,2.0,1.4,2.4,14.0,0.4,1.6,2.6,0.6,14.0,1593.1920326657785,1431.7441102568987,161.44792240887978,3.0,1.4,0.0
2024-03-31,Liverpool,Brighton & Hove Albion,2.0,1.0,H,2324,True,csv,1051,2.6,2.6,0.8,2.6,14.0,1.4,1.6,1.2,0.8,14.0,1704.2626155446305,1544.5664024847406,159.69621305988994,0.6666666666666666,1.2000000000000002,0.0
2024-03-31,Manchester City,Arsenal,0.0,0.0,D,2324,True,csv,1052,2.2,1.4,0.6,2.6,14.0,3.0,4.6,0.4,2.4,14.0,1737.3428788553683,1692.300137792247,45.04274106312141,2.0,-0.7999999999999998,0.0
2024-04-02,Bournemouth,Crystal Palace,1.0,0.0,H,2324,True,csv,1053,2.0,2.0,1.4,1.6,3.0,1.2,1.4,1.2,0.4,3.0,1488.417615804789,1457.4733003721742,30.944315432614758,1.0,0.8,0.0
2024-04-02,Burnley,Wolverhampton Wanderers,1.0,1.0,D,2324,True,csv,1054,1.0,1.2,2.0,1.0,3.0,1.8,1.0,1.4,1.4,3.0,1387.5429690005267,1503.1839951672598,-115.64102616673313,1.3333333333333333,-0.8,0.0
2024-04-02,Newcastle United,Everton,1.0,1.0,D,2324,True,csv,1055,1.4,2.4,2.4,1.6,3.0,0.4,0.8,1.8,0.4,3.0,1567.9294818065034,1447.2157233631171,120.71375844338627,2.0,0.9999999999999999,0.0
2024-04-02,Nottingham Forest,Fulham,3.0,1.0,H,2324,True,csv,1056,0.4,0.8,1.6,0.8,3.0,2.0,2.4,1.2,1.0,3.0,1429.6012492546836,1504.9217671627696,-75.320517908086,0.0,-1.6,0.0
2024-04-02,West Ham United,Tottenham Hotspur,1.0,1.0,D,2324,True,csv,1057,1.6,2.6,2.0,1.2,3.0,1.8,2.0,1.4,1.0,3.0,1504.5100069672449,1597.5609140420033,-93.05090707475847,1.3333333333333333,-0.19999999999999996,0.0
2024-04-03,Arsenal,Luton Town,2.0,0.0,H,2324,True,csv,1058,2.6,3.4,0.4,2.4,3.0,0.4,1.6,2.2,0.4,4.0,1695.234638930997,1427.3752288806738,267.8594100503233,3.0,2.2,-1.0
2024-04-03,Brentford,Brighton & Hove Albion,0.0,0.0,D,2324,True,csv,1059,0.4,1.4,2.2,1.0,4.0,1.4,1.6,1.2,0.6,3.0,1463.9385602326302,1540.1629924953736,-76.22443226274345,1.3333333333333333,-0.9999999999999999,1.0
2024-04-03,Manchester City,Aston Villa,4.0,1.0,H,2324,True,csv,1060,2.2,1.2,0.4,2.2,3.0,2.0,2.0,1.8,2.2,4.0,1734.4083777166181,1602.1942051073622,132.2141726092559,1.3333333333333333,0.20000000000000018,-1.0
2024-04-04,Chelsea,Manchester United,4.0,3.0,H,2324,True,csv,1061,1.8,2.2,1.6,2.0,5.0,1.4,1.4,1.4,2.0,5.0,1524.1022105441941,1594.4110658663005,-70.30885532210641,0.3333333333333333,0.40000000000000013,0.0
2024-04-04,Liverpool,Sheffield United,3.0,1.0,H,2324,True,csv,1062,2.6,2.4,0.8,2.6,4.0,0.4,1.0,3.4,0.8,5.0,1708.6660255339975,1404.3769021399964,304.2891233940011,3.0,2.2,-1.0
2024-04-06,Aston Villa,Brentford,3.0,3.0,D,2324,True,csv,1063,1.4,1.4,2.2,1.2,3.0,0.6,1.0,1.4,0.6,3.0,1597.2236275025846,1464.405197785773,132.81842971681158,2.3333333333333335,0.7999999999999999,0.0
2024-04-06,Brighton & Hove Albion,Arsenal,0.0,3.0,A,2324,True,csv,1064,1.0,0.6,1.2,2.2,3.0,2.6,2.8,0.4,2.6,3.0,1539.6963549422308,1697.8656675621153,-158.16931261988452,1.0,-1.6,0.0
2024-04-06,Crystal Palace,Manchester City,2.0,4.0,A,2324,True,csv,1065,1.0,1.2,1.2,2.0,4.0,2.2,1.8,0.6,2.6,3.0,1450.0326988025759,1739.3789553213958,-289.3462565188199,0.3333333333333333,-1.2000000000000002,1.0
2024-04-06,Everton,Burnley,1.0,0.0,H,2324,True,csv,1066,0.4,0.8,1.8,0.6,4.0,1.2,1.4,1.6,0.4,4.0,1451.9937731289585,1389.1308942904654,62.86287883849309,2.0,-0.7999999999999999,0.0
2024-04-06,Fulham,Newcastle United,0.0,1.0,A,2324,True,csv,1067,1.4,2.2,1.6,2.0,4.0,1.4,2.2,2.2,1.2,4.0,1494.4810927979368,1563.151432040662,-68.67033924272528,0.0,0.0,0.0
2024-04-06,Luton Town,Bournemouth,2.0,1.0,H,2324,True,csv,1068,0.4,1.2,2.0,0.8,3.0,2.6,2.2,1.2,1.0,4.0,1424.7442002495557,1495.8582173743873,-71.11401712483166,0.0,-2.2,-1.0
2024-04-06,Wolverhampton Wanderers,West Ham United,1.0,2.0,A,2324,True,csv,1069,1.4,0.8,1.4,1.8,4.0,1.2,2.0,1.8,0.8,4.0,1501.596069877321,1505.4584293919647,-3.8623595146436855,1.0,0.19999999999999996,0.0
2024-04-07,Manchester United,Liverpool,2.0,2.0,D,2324,True,csv,1070,0.8,1.6,2.0,2.0,3.0,2.6,2.2,0.8,2.4,3.0,1584.1144402020038,1710.8537678215903,-126.73932761958645,1.3333333333333333,-1.8,0.0
2024-04-07,Sheffield United,Chelsea,2.0,2.0,D,2324,True,csv,1071,0.4,1.2,3.0,0.4,3.0,1.8,2.4,2.0,1.6,3.0,1402.1891598524037,1534.3988362084908,-132.20967635608713,0.0,-1.4,0.0
2024-04-07,Tottenham Hotspur,Nottingham Forest,3.0,1.0,H,2324,True,csv,1072,2.0,2.0,1.2,2.4,5.0,1.0,1.0,1.0,0.4,5.0,1596.6124916172835,1440.0419236195164,156.57056799776706,3.0,1.0,0.0
2024-04-13,Bournemouth,Manchester United,2.0,2.0,D,2324,True,csv,1073,2.0,2.0,1.6,2.0,7.0,1.0,1.8,2.0,1.4,6.0,1485.5384393139343,1586.0120694456991,-100.47363013176482,1.0,1.0,1.0
2024-04-13,Brentford,Sheffield United,2.0,0.0,H,2324,True,csv,1074,0.6,1.2,1.6,0.6,7.0,0.6,1.6,3.2,0.8,6.0,1469.4476014294964,1404.2381040423818,65.20949738711465,0.0,0.0,1.0
2024-04-13,Burnley,Brighton & Hove Albion,1.0,1.0,D,2324,True,csv,1075,1.2,1.4,1.4,1.0,7.0,0.8,0.4,1.6,0.8,7.0,1382.5267835041568,1532.449027036988,-149.9222435328311,1.3333333333333333,0.3999999999999999,0.0
2024-04-13,Manchester City,Luton Town,5.0,1.0,H,2324,True,csv,1076,2.2,2.4,1.0,2.2,7.0,0.8,1.4,2.0,0.2,7.0,1743.594578617197,1435.0639783100087,308.53060030718825,3.0,1.4000000000000001,0.0
2024-04-13,Newcastle United,Tottenham Hotspur,4.0,0.0,H,2324,True,csv,1077,2.0,2.2,1.4,1.8,7.0,2.0,2.0,1.2,1.2,6.0,1572.9019314082154,1601.0779977327638,-28.1760663245484,2.0,0.0,1.0
2024-04-13,Nottingham Forest,Wolverhampton Wanderers,2.0,2.0,D,2324,True,csv,1078,1.0,1.2,1.4,1.4,6.0,0.8,0.8,1.8,1.4,7.0,1435.576417504036,1489.9942144663846,-54.417796962348575,0.6666666666666666,0.19999999999999996,-1.0
2024-04-14,Arsenal,Aston Villa,0.0,2.0,A,2324,True,csv,1079,2.6,2.6,0.2,3.0,8.0,1.0,1.4,2.4,2.0,8.0,1705.1129954673581,1592.1812238588611,112.931771608497,2.0,1.6,0.0
2024-04-14,Liverpool,Crystal Palace,0.0,1.0,A,2324,True,csv,1080,2.2,1.8,1.0,2.6,7.0,0.4,1.0,2.0,0.4,8.0,1708.956138577895,1445.8170755067747,263.1390630711203,1.6666666666666667,1.8000000000000003,-1.0
2024-04-14,West Ham United,Fulham,0.0,2.0,A,2324,True,csv,1081,1.2,1.8,1.8,1.2,8.0,0.8,1.6,1.8,1.0,8.0,1517.0602848029012,1484.7305934303834,32.3296913725178,2.0,0.3999999999999999,0.0
2024-04-15,Chelsea,Everton,6.0,0.0,H,2324,True,csv,1082,1.8,2.6,2.2,2.0,8.0,0.8,0.8,1.6,0.4,9.0,1532.3498920185127,1458.5978839152672,73.75200810324554,1.3333333333333333,1.0,-1.0
2024-04-20,Luton Town,Brentford,1.0,5.0,A,2324,True,csv,1083,0.8,1.0,2.2,0.8,7.0,1.2,1.4,1.2,0.2,7.0,1432.923356996321,1475.9920976283347,-43.068740632013714,0.0,-0.3999999999999999,0.0
2024-04-20,Sheffield United,Burnley,1.0,4.0,A,2324,True,csv,1084,0.6,1.6,2.4,0.4,7.0,1.2,1.2,1.2,0.4,7.0,1397.6936078435435,1385.0586707118186,12.634937131724882,0.0,-0.6,0.0
2024-04-20,Wolverhampton Wanderers,Arsenal,0.0,2.0,A,2324,True,csv,1085,1.0,1.2,1.6,1.2,7.0,2.0,1.4,0.6,2.6,6.0,1490.1548693613272,1690.5096346911234,-200.35476532979624,0.0,-1.0,1.0
2024-04-21,Aston Villa,Bournemouth,3.0,1.0,H,2324,True,csv,1086,1.6,1.8,1.6,1.4,7.0,2.0,2.0,1.6,1.0,8.0,1606.7845846350958,1486.698122943873,120.0864616912229,1.3333333333333333,-0.3999999999999999,-1.0
2024-04-21,Crystal Palace,West Ham United,5.0,2.0,H,2324,True,csv,1087,1.0,1.0,1.4,1.4,7.0,1.0,1.4,1.8,1.2,7.0,1463.12333609133,1504.4636622095466,-41.34032611821658,2.3333333333333335,0.0,0.0
2024-04-21,Everton,Nottingham Forest,2.0,0.0,H,2324,True,csv,1088,0.8,0.6,2.2,1.2,6.0,1.2,1.6,1.6,0.4,8.0,1452.2680354971442,1435.4157626090935,16.85227288805072,1.6666666666666667,-0.3999999999999999,-2.0
2024-04-21,Fulham,Liverpool,1.0,3.0,A,2324,True,csv,1089,1.4,1.8,1.4,1.8,7.0,1.6,1.6,1.2,2.0,7.0,1497.327216023738,1691.6498779933397,-194.32266196960177,0.3333333333333333,-0.20000000000000018,0.0
2024-04-23,Arsenal,Chelsea,5.0,0.0,H,2324,True,csv,1090,2.0,1.4,0.4,2.4,3.0,2.2,3.4,1.8,1.2,8.0,1696.6761977939354,1538.6797404366357,157.99645735729973,2.3333333333333335,-0.20000000000000018,-5.0
2024-04-24,Crystal Palace,Newcastle United,2.0,0.0,H,2324,True,csv,1091,1.4,1.8,1.6,1.4,3.0,2.0,2.4,1.4,1.8,11.0,1472.586783288056,1581.988518035582,-109.401734747526,0.6666666666666666,-0.6000000000000001,-8.0
2024-04-24,Everton,Liverpool,2.0,0.0,H,2324,True,csv,1092,1.4,1.0,1.8,1.6,3.0,2.0,2.0,1.2,2.0,3.0,1460.0914335428827,1697.965522662224,-237.8740891193413,0.3333333333333333,-0.6000000000000001,0.0
2024-04-24,Manchester United,Sheffield United,4.0,2.0,H,2324,True,csv,1093,1.2,2.0,1.8,1.6,11.0,0.4,1.4,2.8,0.8,4.0,1584.8523858157605,1385.63294046628,199.21944534948057,3.0,0.7999999999999999,7.0
2024-04-24,Wolverhampton Wanderers,Bournemouth,0.0,1.0,A,2324,True,csv,1094,0.4,0.8,1.8,1.2,4.0,1.4,1.4,1.6,0.8,3.0,1483.9883062585152,1481.4622275677345,2.5260786907806505,1.3333333333333333,-0.9999999999999999,1.0
2024-04-25,Brighton & Hove Albion,Manchester City,0.0,4.0,A,2324,True,csv,1095,1.0,0.6,1.2,1.6,12.0,2.2,2.8,1.0,2.6,12.0,1529.917139829326,1745.7351999308846,-215.81806010155856,0.3333333333333333,-1.2000000000000002,0.0
2024-04-27,Aston Villa,Chelsea,2.0,2.0,D,2324,True,csv,1096,2.0,2.2,1.6,2.0,6.0,1.6,2.8,2.4,1.2,4.0,1612.0204800112342,1534.242639110032,77.77784090120213,2.0,0.3999999999999999,2.0
2024-04-27,Everton,Brentford,1.0,0.0,H,2324,True,csv,1097,2.0,1.2,1.4,2.0,3.0,1.8,2.2,1.0,0.8,7.0,1474.8061644691356,1486.479033046536,-11.672868577400322,2.3333333333333335,0.19999999999999996,-4.0
2024-04-27,Fulham,Crystal Palace,1.0,1.0,D,2324,True,csv,1098,0.8,1.4,2.0,1.2,6.0,1.8,2.0,1.4,1.0,3.0,1491.0115713548537,1483.999173799918,7.01239755493566,1.6666666666666667,-1.0,3.0
2024-04-27,Manchester United,Burnley,1.0,1.0,D,2324,True,csv,1099,1.2,2.4,2.2,2.0,3.0,1.2,1.6,1.2,1.0,7.0,1588.5242595374186,1397.1193380890822,191.40492144833638,2.3333333333333335,0.0,-4.0
2024-04-27,Newcastle United,Sheffield United,5.0,1.0,H,2324,True,csv,1100,2.0,2.0,1.2,2.2,3.0,0.2,1.2,3.0,0.2,3.0,1570.57612752372,1381.9610667446218,188.61506077909826,3.0,1.8,0.0
2024-04-27,West Ham United,Liverpool,2.0,2.0,D,2324,True,csv,1101,0.8,1.6,2.6,1.2,6.0,1.4,1.6,1.4,2.0,3.0,1495.0002150128205,1683.250791735971,-188.25057672315052,0.0,-0.5999999999999999,3.0
2024-04-27,Wolverhampton Wanderers,Luton Town,2.0,1.0,H,2324,True,csv,1102,0.4,0.8,1.6,1.2,3.0,0.6,1.0,3.0,0.2,7.0,1472.207841119137,1422.4364215781197,49.77141954101717,1.0,-0.19999999999999996,-4.0
2024-04-28,Bournemouth,Brighton & Hove Albion,3.0,0.0,H,2324,True,csv,1103,1.4,1.2,1.4,2.2,4.0,0.4,0.4,2.0,1.0,3.0,1493.2426927071128,1524.1236309778976,-30.88093827078478,0.0,0.9999999999999999,1.0
2024-04-28,Nottingham Forest,Manchester City,0.0,2.0,A,2324,True,csv,1104,1.0,1.4,1.8,1.6,7.0,2.6,3.4,0.8,2.6,3.0,1427.592364563355,1751.528708782313,-323.9363442189581,0.3333333333333333,-1.6,4.0
2024-04-28,Tottenham Hotspur,Arsenal,2.0,3.0,A,2324,True,csv,1105,1.4,1.2,2.0,2.4,14.0,2.4,2.4,0.4,2.6,5.0,1591.9914111053972,1701.113299120539,-109.12188801514185,0.3333333333333333,-1.0,9.0
2024-05-02,Chelsea,Tottenham Hotspur,2.0,0.0,H,2324,True,csv,1106,1.6,2.8,2.4,2.0,5.0,1.4,1.6,2.0,1.0,4.0,1538.0126263559232,1583.3959067620656,-45.383280406142376,1.3333333333333333,0.20000000000000018,1.0
2024-05-03,Luton Town,Everton,1.0,1.0,D,2324,True,csv,1107,0.6,1.0,3.0,0.8,6.0,2.4,1.2,1.2,0.4,6.0,1415.4948024350795,1483.4240996806268,-67.92929724554733,3.0,-1.7999999999999998,0.0
2024-05-04,Arsenal,Bournemouth,3.0,0.0,H,2324,True,csv,1108,2.4,2.6,0.8,2.4,6.0,1.4,1.6,1.4,1.4,6.0,1709.7088034638707,1502.4065356426772,207.30226782119348,3.0,1.0,0.0
2024-05-04,Brentford,Fulham,0.0,0.0,D,2324,True,csv,1109,1.6,2.0,1.0,1.2,7.0,0.8,1.0,1.6,1.4,7.0,1477.8610978350448,1489.1063666814139,-11.245268846369072,2.0,0.8,0.0
2024-05-04,Burnley,Newcastle United,1.0,4.0,A,2324,True,csv,1110,1.2,1.4,1.0,1.0,7.0,2.0,2.2,0.8,1.2,7.0,1403.3106902711813,1574.4345395708128,-171.1238492996315,0.0,-0.8,0.0
2024-05-04,Manchester City,Wolverhampton Wanderers,5.0,1.0,H,2324,True,csv,1111,3.0,3.8,0.8,2.6,6.0,0.8,1.0,1.6,1.0,7.0,1755.119884146518,1479.1494602621772,275.9704238843408,2.0,2.2,-1.0
2024-05-04,Sheffield United,Nottingham Forest,1.0,3.0,A,2324,True,csv,1112,0.2,1.2,3.4,0.4,7.0,0.8,1.2,2.0,0.2,6.0,1378.102654697529,1424.00118919915,-45.89853450162104,0.0,-0.6000000000000001,1.0
2024-05-05,Brighton & Hove Albion,Aston Villa,1.0,0.0,H,2324,True,csv,1113,0.4,0.2,2.2,1.4,7.0,1.6,2.2,2.0,2.0,8.0,1514.9597880423332,1608.250492765343,-93.29070472300987,0.0,-1.2000000000000002,-1.0
2024-05-05,Chelsea,West Ham United,5.0,0.0,H,2324,True,csv,1114,1.6,2.4,1.8,2.6,3.0,1.0,1.4,2.2,1.2,8.0,1547.5921713744478,1498.5325622900912,49.05960908435668,1.3333333333333333,0.6000000000000001,-5.0
2024-05-05,Liverpool,Tottenham Hotspur,4.0,2.0,H,2324,True,csv,1115,1.0,1.4,1.6,2.0,8.0,0.8,1.2,2.2,0.8,3.0,1679.7184444587003,1573.816361743541,105.9020827151594,2.0,0.19999999999999996,5.0
2024-05-06,Crystal Palace,Manchester United,4.0,0.0,H,2324,True,csv,1116,2.0,2.2,1.4,2.0,9.0,1.2,2.4,2.2,1.0,9.0,1485.9043784733578,1582.3329073553195,-96.42852888196171,1.3333333333333333,0.8,0.0
2024-05-11,Bournemouth,Brentford,1.0,2.0,A,2324,True,csv,1117,1.4,1.4,1.6,2.6,7.0,1.6,2.0,1.0,0.8,7.0,1498.872094150488,1476.4669628784243,22.405131272063727,0.6666666666666666,-0.20000000000000018,0.0
2024-05-11,Everton,Sheffield United,1.0,0.0,H,2324,True,csv,1118,2.0,1.2,1.4,2.4,8.0,0.0,1.0,3.6,0.2,7.0,1483.195915776078,1367.6970046161505,115.4989111599275,1.0,2.0,1.0
2024-05-11,Fulham,Manchester City,0.0,4.0,A,2324,True,csv,1119,1.0,0.8,1.0,1.4,7.0,3.0,4.0,0.8,2.6,7.0,1490.5005016380344,1757.6460514693997,-267.1455498313653,0.0,-2.0,0.0
2024-05-11,Newcastle United,Brighton & Hove Albion,1.0,1.0,D,2324,True,csv,1120,2.4,2.8,0.8,2.6,7.0,0.8,0.4,2.2,0.4,6.0,1581.3409158153581,1525.9150498661688,55.4258659491893,1.3333333333333333,1.5999999999999999,1.0
2024-05-11,Nottingham Forest,Chelsea,2.0,3.0,A,2324,True,csv,1121,0.8,1.2,2.0,1.0,7.0,2.0,3.0,1.4,0.8,6.0,1434.4068392805286,1554.5523733442876,-120.14553406375899,1.6666666666666667,-1.2,1.0
2024-05-11,Tottenham Hotspur,Burnley,2.0,1.0,H,2324,True,csv,1122,0.6,1.4,2.8,1.8,6.0,1.0,1.4,1.6,1.2,7.0,1568.2587906074111,1396.404314026636,171.8544765807751,2.0,-0.4,-1.0
2024-05-11,West Ham United,Luton Town,3.0,1.0,H,2324,True,csv,1123,0.8,1.2,3.0,0.8,6.0,0.8,1.2,2.8,0.0,8.0,1491.5723603202514,1415.7229863396283,75.84937398062311,3.0,0.0,-2.0
2024-05-11,Wolverhampton Wanderers,Crystal Palace,1.0,3.0,A,2324,True,csv,1124,0.8,1.0,2.2,1.2,7.0,2.6,2.6,0.6,1.0,5.0,1476.6232929392954,1496.9490504318,-20.325757492504636,1.0,-1.8,2.0
2024-05-12,Manchester United,Arsenal,0.0,1.0,A,2324,True,csv,1125,1.2,1.8,2.2,1.6,6.0,2.4,2.6,0.8,2.6,8.0,1571.2882353968773,1713.24324495606,-141.9550095591826,1.0,-1.2,-2.0
2024-05-13,Aston Villa,Liverpool,3.0,3.0,D,2324,True,csv,1126,1.6,2.0,1.4,1.6,8.0,1.4,1.8,1.6,1.6,8.0,1597.2952309415075,1685.2760155948301,-87.98078465332264,0.3333333333333333,0.20000000000000018,0.0
2024-05-14,Tottenham Hotspur,Manchester City,0.0,2.0,A,2324,True,csv,1127,0.6,1.2,2.8,2.4,3.0,3.0,4.0,0.4,2.6,3.0,1572.4265769761919,1762.3025593314296,-189.87598235523774,1.3333333333333333,-2.4,0.0
2024-05-15,Brighton & Hove Albion,Chelsea,1.0,2.0,A,2324,True,csv,1128,1.0,0.6,1.8,1.4,4.0,2.0,2.4,1.8,1.2,4.0,1529.1202122618938,1562.8383337363791,-33.718121474485315,2.0,-1.0,0.0
2024-05-15,Manchester United,Newcastle United,3.0,2.0,H,2324,True,csv,1129,1.0,1.4,2.0,1.6,3.0,2.0,2.8,1.0,1.2,4.0,1563.6042920512562,1578.1357534196331,-14.531461368376995,0.3333333333333333,-1.0,-1.0
2024-05-19,Arsenal,Everton,2.0,1.0,H,2324,True,csv,1130,3.0,2.8,0.4,2.4,7.0,2.6,1.4,0.2,0.4,8.0,1720.927188301681,1488.5345228277595,232.39266547392162,2.0,0.3999999999999999,-1.0
2024-05-19,Brentford,Newcastle United,2.0,4.0,A,2324,True,csv,1131,2.0,1.8,0.6,1.4,8.0,1.4,2.4,1.6,1.2,4.0,1488.795276441751,1569.437022816734,-80.64174637498309,0.0,0.6000000000000001,4.0
2024-05-19,Brighton & Hove Albion,Manchester United,0.0,2.0,A,2324,True,csv,1132,0.8,0.6,2.0,1.2,4.0,1.4,1.6,2.0,0.4,4.0,1518.3651985584997,1572.3030226541553,-53.937824095655515,3.0,-0.5999999999999999,0.0
2024-05-19,Burnley,Nottingham Forest,1.0,2.0,A,2324,True,csv,1133,1.0,1.6,1.8,1.0,8.0,0.8,1.4,2.0,0.8,8.0,1392.2365276578553,1426.1208788884371,-33.88435123058184,1.0,0.19999999999999996,0.0
2024-05-19,Chelsea,Bournemouth,2.0,1.0,H,2324,True,csv,1134,2.6,2.8,1.0,2.6,4.0,1.2,1.2,1.6,1.2,8.0,1573.5933474397732,1486.5437805871613,87.04956685261186,2.3333333333333335,1.4000000000000001,-4.0
2024-05-19,Crystal Palace,Aston Villa,5.0,0.0,H,2324,True,csv,1135,2.6,3.0,0.8,2.0,8.0,1.6,2.0,1.4,1.4,6.0,1508.0860292481339,1598.0988460199496,-90.01281677181578,1.0,1.0,2.0
2024-05-19,Liverpool,Wolverhampton Wanderers,2.0,0.0,H,2324,True,csv,1136,1.6,2.4,2.0,2.0,6.0,0.6,0.8,2.4,0.4,8.0,1684.472400516388,1465.4863141229616,218.98608639342638,2.0,1.0,-2.0
2024-05-19,Luton Town,Fulham,2.0,4.0,A,2324,True,csv,1137,0.2,1.0,3.2,1.0,8.0,1.0,0.8,1.6,1.0,8.0,1409.4452574087336,1485.8439937760045,-76.39873636727089,0.0,-0.8,0.0
2024-05-19,Manchester City,West Ham United,3.0,1.0,H,2324,True,csv,1138,3.0,3.4,0.2,2.6,5.0,0.8,1.4,3.0,1.2,8.0,1768.7293342996547,1497.850089251146,270.87924504850866,3.0,2.2,-3.0
2024-05-19,Sheffield United,Tottenham Hotspur,0.0,3.0,A,2324,True,csv,1139,0.0,1.0,3.4,0.4,8.0,0.6,1.2,2.4,0.2,5.0,1362.358397564469,1565.9998020079668,-203.64140444349778,0.0,-0.6,3.0
2024-08-16,Manchester United,Fulham,1.0,0.0,H,2425,True,csv,1140,1.4,1.2,1.6,1.6,14.0,1.0,1.2,2.0,1.6,14.0,1582.4774883978112,1495.3723503893386,87.10513800847252,2.0,0.3999999999999999,0.0
2024-08-17,Arsenal,Wolverhampton Wanderers,2.0,0.0,H,2425,True,csv,1141,3.0,2.8,0.6,2.4,14.0,0.6,0.8,2.4,0.4,14.0,1724.060771102975,1462.1433449389817,261.91742616399324,3.0,2.4,0.0
2024-08-17,Everton,Brighton & Hove Albion,0.0,3.0,A,2425,True,csv,1142,2.0,1.2,0.6,3.0,14.0,0.8,0.6,1.6,0.6,14.0,1485.4009400264656,1508.1907328148438,-22.789792788378236,1.6666666666666667,1.2,0.0
2024-08-17,Ipswich Town,Liverpool,0.0,2.0,A,2425,True,csv,1143,,,,,,1.6,2.2,1.8,1.2,14.0,1500.0,1687.815369700368,-187.8153697003679,,,
2024-08-17,Newcastle United,Southampton,1.0,0.0,H,2425,True,csv,1144,2.0,3.2,1.6,2.2,14.0,0.2,1.8,3.2,0.2,14.0,1578.843603641429,1365.3564454662703,213.48715817515858,3.0,1.8,0.0
2024-08-17,Nottingham Forest,Bournemouth,1.0,1.0,D,2425,True,csv,1145,1.2,1.4,1.8,1.0,14.0,1.2,1.2,1.4,0.6,14.0,1436.8711352170662,1480.5403674950328,-43.66923227796656,0.6666666666666666,0.0,0.0
2024-08-17,West Ham United,Aston Villa,1.0,2.0,A,2425,True,csv,1146,0.8,1.6,3.2,1.2,14.0,1.0,1.6,2.4,0.8,14.0,1495.258526787818,1587.2371500211243,-91.97862323330628,0.6666666666666666,-0.19999999999999996,0.0
2024-08-18,Brentford,Crystal Palace,2.0,1.0,H,2425,True,csv,1147,1.4,1.8,1.4,1.2,14.0,2.6,3.0,0.4,1.6,14.0,1479.388695617056,1518.9477252469592,-39.55902962990308,0.6666666666666666,-1.2000000000000002,0.0
2024-08-18,Chelsea,Manchester City,0.0,2.0,A,2425,True,csv,1148,3.0,2.8,0.8,3.0,14.0,3.0,3.2,0.4,3.0,14.0,1579.5967605319017,1771.3208967629828,-191.72413623108105,0.6666666666666666,0.0,0.0
2024-08-19,Leicester City,Tottenham Hotspur,1.0,1.0,D,2425,True,csv,1149,1.0,1.4,2.2,1.4,14.0,1.2,1.4,1.8,0.8,14.0,1433.8656817196388,1572.0859632601166,-138.2202815404778,1.0,-0.19999999999999996,0.0
2024-08-24,Aston Villa,Arsenal,0.0,2.0,A,2425,True,csv,1150,1.0,1.4,2.4,1.8,7.0,3.0,2.2,0.6,2.6,7.0,1596.3193216517598,1726.7709444701538,-130.45162281839407,2.0,-2.0,0.0
2024-08-24,Brighton & Hove Albion,Manchester United,2.0,1.0,H,2425,True,csv,1151,1.4,1.2,1.0,0.6,7.0,1.8,1.2,1.4,1.0,8.0,1519.257652482475,1588.4795575875066,-69.22190510503174,2.0,-0.40000000000000013,-1.0
2024-08-24,Crystal Palace,West Ham United,0.0,2.0,A,2425,True,csv,1152,2.0,2.8,0.8,2.4,6.0,0.8,1.4,2.6,0.6,7.0,1509.5353857773027,1486.1763551571826,23.359030620120166,2.3333333333333335,1.2,-1.0
2024-08-24,Fulham,Leicester City,2.0,1.0,H,2425,True,csv,1153,1.0,1.0,1.6,0.8,8.0,1.0,1.2,2.0,0.4,5.0,1489.3702811996432,1436.0797604132565,53.29052078638665,3.0,0.0,3.0
2024-08-24,Manchester City,Ipswich Town,4.0,1.0,H,2425,True,csv,1154,3.0,3.2,0.4,2.6,6.0,,,,,7.0,1777.7013578493713,1493.521379126754,284.1799787226173,,,-1.0
2024-08-24,Southampton,Nottingham Forest,0.0,1.0,A,2425,True,csv,1155,0.2,1.6,2.8,0.2,7.0,1.4,1.6,1.6,1.4,7.0,1361.9244133149691,1436.4014437915234,-74.47703047655432,0.0,-1.2,0.0
2024-08-24,Tottenham Hotspur,Everton,4.0,0.0,H,2425,True,csv,1156,1.4,1.6,1.6,1.8,5.0,1.4,0.8,1.2,0.4,7.0,1569.871884566499,1474.3340203588346,95.53786420766437,1.6666666666666667,0.0,-2.0
2024-08-25,Bournemouth,Newcastle United,1.0,1.0,D,2425,True,csv,1157,0.8,1.2,1.6,2.0,8.0,2.0,2.4,1.4,1.8,8.0,1481.0100589205756,1582.27563579273,-101.2655768721545,1.6666666666666667,-1.2,0.0
2024-08-25,Liverpool,Brentford,2.0,0.0,H,2425,True,csv,1158,2.2,2.6,1.4,2.4,8.0,1.4,1.2,1.4,1.4,7.0,1694.2939905736139,1488.8010350867125,205.49295548690134,3.0,0.8000000000000003,1.0
2024-08-25,Wolverhampton Wanderers,Chelsea,2.0,6.0,A,2425,True,csv,1159,0.6,0.8,2.6,0.6,8.0,2.4,2.4,1.2,1.6,7.0,1459.4331715718029,1573.2162994455132,-113.78312787371033,3.0,-1.7999999999999998,1.0
2024-08-31,Arsenal,Brighton & Hove Albion,1.0,1.0,D,2425,True,csv,1160,3.0,2.0,0.2,2.4,7.0,1.4,1.4,1.2,1.2,7.0,1734.7705267149627,1529.5230179323673,205.24750878259533,2.0,1.6,0.0
2024-08-31,Brentford,Southampton,3.0,1.0,H,2425,True,csv,1161,1.4,1.2,1.6,1.6,6.0,0.2,1.0,2.2,0.2,7.0,1485.236184932344,1352.340854760494,132.89533017185,3.0,1.2,-1.0
2024-08-31,Everton,Bournemouth,2.0,3.0,A,2425,True,csv,1162,0.8,0.6,2.0,2.4,7.0,0.4,0.8,1.8,0.8,6.0,1468.5338715815597,1482.1922240787364,-13.658352497176793,2.0,0.4,1.0
2024-08-31,Ipswich Town,Fulham,1.0,1.0,D,2425,True,csv,1163,,,,,7.0,1.4,1.2,1.6,1.4,7.0,1491.097685762262,1496.2203732839114,-5.122687521649368,,,0.0
2024-08-31,Leicester City,Aston Villa,1.0,2.0,A,2425,True,csv,1164,1.0,0.8,1.4,1.6,7.0,0.8,1.0,2.4,1.2,7.0,1429.2296683289883,1588.319739406951,-159.09007107796265,1.3333333333333333,0.19999999999999996,0.0
2024-08-31,Nottingham Forest,Wolverhampton Wanderers,1.0,1.0,D,2425,True,csv,1165,2.0,1.8,1.2,1.0,7.0,0.0,0.8,3.6,0.4,6.0,1445.9850023459985,1450.968926814004,-4.983924468005398,1.0,2.0,1.0
2024-08-31,West Ham United,Manchester City,1.0,3.0,A,2425,True,csv,1166,1.2,1.4,2.2,1.0,7.0,3.0,3.0,0.4,3.0,7.0,1498.5306191258178,1780.1250512138633,-281.59443208804555,0.0,-1.8,0.0
2024-09-01,Chelsea,Crystal Palace,1.0,1.0,D,2425,True,csv,1167,2.4,2.6,1.6,2.4,7.0,1.8,2.6,1.0,1.4,8.0,1581.6805442033121,1497.1811218086675,84.49942239464463,3.0,0.5999999999999999,-1.0
2024-09-01,Manchester United,Liverpool,0.0,3.0,A,2425,True,csv,1168,1.8,1.4,1.0,2.0,8.0,2.6,2.6,1.0,1.6,7.0,1578.2141921376142,1697.8588407279824,-119.6446485903682,0.6666666666666666,-0.8,1.0
2024-09-01,Newcastle United,Tottenham Hotspur,2.0,1.0,H,2425,True,csv,1169,1.6,1.8,1.4,2.2,7.0,2.0,2.0,0.8,0.8,8.0,1581.0934706345693,1575.6720333437738,5.4214372907954385,2.0,-0.3999999999999999,-1.0
2024-09-14,Aston Villa,Everton,3.0,2.0,H,2425,True,csv,1170,1.4,1.4,2.4,1.2,14.0,0.6,0.8,2.4,0.4,14.0,1595.5425917427783,1457.2079057474264,138.33468599535195,2.3333333333333335,0.7999999999999999,0.0
2024-09-14,Bournemouth,Chelsea,0.0,1.0,A,2425,True,csv,1171,1.0,1.4,1.6,1.6,14.0,2.0,2.2,1.4,2.0,13.0,1493.5181899128697,1577.7458128766484,-84.22762296377869,0.3333333333333333,-1.0,1.0
2024-09-14,Brighton & Hove Albion,Ipswich Town,0.0,0.0,D,2425,True,csv,1172,1.4,1.4,1.2,1.2,14.0,0.3333333333333333,0.6666666666666666,2.3333333333333335,,14.0,1535.9540268730418,1489.5311951028002,46.4228317702416,,1.0666666666666667,0.0
2024-09-14,Crystal Palace,Leicester City,2.0,2.0,D,2425,True,csv,1173,1.4,2.0,1.2,2.4,13.0,1.0,1.0,1.2,0.4,14.0,1501.1158531353312,1422.006815993161,79.10903714217034,1.3333333333333333,0.3999999999999999,-1.0
2024-09-14,Fulham,West Ham United,1.0,1.0,D,2425,True,csv,1174,1.4,1.4,1.8,0.8,14.0,1.2,1.6,1.8,1.2,14.0,1497.7868639433732,1494.1646167994832,3.6222471438900357,2.0,0.19999999999999996,0.0
2024-09-14,Liverpool,Nottingham Forest,0.0,1.0,A,2425,True,csv,1175,2.6,2.4,0.6,2.4,13.0,1.6,1.4,1.2,1.8,14.0,1706.1587976606938,1444.4146160153048,261.74418164538906,3.0,1.0,-1.0
2024-09-14,Manchester City,Brentford,2.0,1.0,H,2425,True,csv,1176,3.0,2.8,0.6,3.0,14.0,1.8,1.8,1.8,1.4,14.0,1784.491053540198,1490.192130868389,294.2989226718089,2.0,1.2,0.0
2024-09-14,Southampton,Manchester United,0.0,3.0,A,2425,True,csv,1177,0.2,1.2,2.4,0.2,14.0,1.8,1.4,1.4,0.8,13.0,1347.384908824449,1569.9142352049028,-222.52932638045377,0.6666666666666666,-1.6,1.0
2024-09-15,Tottenham Hotspur,Arsenal,0.0,1.0,A,2425,True,csv,1178,1.4,1.8,1.0,1.8,14.0,2.6,1.6,0.4,3.0,14.0,1567.5330704185037,1728.3395177742882,-160.80644735578448,0.3333333333333333,-1.2000000000000002,0.0
2024-09-15,Wolverhampton Wanderers,Newcastle United,1.0,2.0,A,2425,True,csv,1179,0.2,0.8,2.8,0.6,14.0,2.0,2.0,1.4,1.4,14.0,1452.5393131446976,1589.2324335598394,-136.69312041514172,0.3333333333333333,-1.8,0.0
2024-09-21,Aston Villa,Wolverhampton Wanderers,3.0,1.0,H,2425,True,csv,1180,1.8,1.4,2.2,1.6,7.0,0.2,0.8,2.6,0.4,6.0,1600.3827364055273,1444.7115509064183,155.67118549910901,1.3333333333333333,1.6,1.0
2024-09-21,Crystal Palace,Manchester United,0.0,0.0,D,2425,True,csv,1181,1.0,1.8,1.4,2.0,7.0,1.8,1.4,1.0,1.4,7.0,1497.3130441748638,1575.5500590153508,-78.23701484048706,2.0,-0.8,0.0
2024-09-21,Fulham,Newcastle United,3.0,1.0,H,2425,True,csv,1182,1.6,1.6,1.2,1.0,7.0,2.6,2.0,1.0,2.0,6.0,1495.9758659537085,1597.0601957981187,-101.08432984441015,0.0,-1.0,1.0
2024-09-21,Leicester City,Everton,1.0,1.0,D,2425,True,csv,1183,1.0,1.4,1.6,1.0,7.0,0.0,1.0,3.0,0.2,7.0,1425.8096249536284,1452.3677610846773,-26.55813613104897,1.3333333333333333,1.0,0.0
2024-09-21,Liverpool,Bournemouth,3.0,0.0,H,2425,True,csv,1184,2.4,1.8,0.2,1.8,7.0,1.0,1.2,1.4,1.4,7.0,1688.8713084156789,1484.2143888646679,204.65691955101101,2.0,1.4,0.0
2024-09-21,Southampton,Ipswich Town,1.0,1.0,D,2425,True,csv,1185,0.2,1.0,2.4,0.2,7.0,0.5,0.5,1.75,,7.0,1341.749085014001,1492.5019553921331,-150.75287037813223,,-0.3,0.0
2024-09-21,Tottenham Hotspur,Brentford,3.0,1.0,H,2425,True,csv,1186,1.4,1.8,0.8,1.2,6.0,1.2,1.6,2.0,1.2,7.0,1560.3557464322066,1487.88979517548,72.46595125672661,1.3333333333333333,0.19999999999999996,-1.0
2024-09-21,West Ham United,Chelsea,0.0,3.0,A,2425,True,csv,1187,0.8,1.2,1.8,0.8,7.0,2.0,2.0,1.2,2.6,7.0,1495.9756147891478,1587.0496139248503,-91.07399913570248,1.3333333333333333,-1.2,0.0
2024-09-22,Brighton & Hove Albion,Nottingham Forest,2.0,2.0,D,2425,True,csv,1188,1.6,1.2,0.8,1.4,8.0,2.2,1.2,0.6,2.4,8.0,1532.9832665837089,1461.7021052603197,71.28116132338914,2.0,-0.6000000000000001,0.0
2024-09-22,Manchester City,Arsenal,2.0,2.0,D,2425,True,csv,1189,3.0,2.8,0.8,3.0,8.0,2.6,1.6,0.4,3.0,7.0,1786.793389233107,1735.5168417605853,51.27654747252177,1.3333333333333333,0.3999999999999999,1.0
2024-09-28,Arsenal,Leicester City,4.0,2.0,H,2425,True,csv,1190,2.2,1.6,0.6,2.6,6.0,0.6,1.2,1.6,0.6,7.0,1738.6144393577226,1424.8500523005969,313.76438705712576,3.0,1.6,-1.0
2024-09-28,Brentford,West Ham United,1.0,1.0,D,2425,True,csv,1191,1.2,1.4,1.8,2.0,7.0,0.8,1.0,1.8,0.8,7.0,1481.5278736582936,1486.867619210506,-5.339745552212435,2.0,0.3999999999999999,0.0
2024-09-28,Chelsea,Brighton & Hove Albion,4.0,2.0,H,2425,True,csv,1192,2.0,2.2,1.0,2.0,7.0,1.8,1.6,0.8,1.2,6.0,1596.157609503492,1529.3748122574102,66.78279724608183,2.0,0.19999999999999996,1.0
2024-09-28,Everton,Crystal Palace,2.0,1.0,H,2425,True,csv,1193,0.2,1.0,2.8,1.8,7.0,0.6,0.8,1.4,1.6,7.0,1453.3273337377088,1497.837466109203,-44.51013237149414,1.6666666666666667,-0.39999999999999997,0.0
2024-09-28,Newcastle United,Manchester City,1.0,1.0,D,2425,True,csv,1194,2.0,1.4,1.2,2.6,7.0,2.6,2.6,1.0,3.0,6.0,1585.8831747612728,1783.6957916359697,-197.81261687469691,0.0,-0.6000000000000001,1.0
2024-09-28,Nottingham Forest,Fulham,0.0,1.0,A,2425,True,csv,1195,1.8,1.2,0.8,0.6,6.0,1.6,1.4,1.0,1.6,7.0,1465.3105595866184,1507.1528869905544,-41.842327403936,1.0,0.19999999999999996,-1.0
2024-09-28,Wolverhampton Wanderers,Liverpool,1.0,2.0,A,2425,True,csv,1196,0.2,1.0,2.8,0.6,7.0,2.4,2.0,0.2,1.6,7.0,1440.2280618959198,1692.4502786702374,-252.22221677431753,0.0,-2.1999999999999997,0.0
2024-09-29,Ipswich Town,Aston Villa,2.0,2.0,D,2425,True,csv,1197,0.6,0.6,1.6,,8.0,2.4,2.0,1.4,1.8,8.0,1489.9477069702755,1604.8662254160258,-114.91851844575035,,-1.7999999999999998,0.0
2024-09-29,Manchester United,Tottenham Hotspur,0.0,3.0,A,2425,True,csv,1198,1.4,1.0,1.0,1.4,8.0,1.4,1.8,1.0,0.8,8.0,1575.0256370810116,1566.717667949393,8.30796913161862,0.6666666666666666,0.0,0.0
2024-09-30,Bournemouth,Southampton,3.0,1.0,H,2425,True,csv,1199,1.0,1.0,1.6,1.0,9.0,0.2,0.4,1.8,0.0,9.0,1480.6354186101094,1344.3033334358586,136.33208517425078,1.5,0.8,0.0
2024-10-05,Arsenal,Southampton,3.0,1.0,H,2425,True,csv,1200,2.2,2.0,1.0,2.6,7.0,0.2,0.6,2.2,0.0,5.0,1740.6981486695017,1339.420769596644,401.2773790728577,0.6666666666666666,2.0,2.0
2024-10-05,Brentford,Wolverhampton Wanderers,5.0,3.0,H,2425,True,csv,1201,0.8,1.2,1.8,1.6,7.0,0.2,1.2,2.8,0.2,7.0,1479.9674777215168,1435.2576572531693,44.709820468347516,1.0,0.6000000000000001,0.0
2024-10-05,Crystal Palace,Liverpool,0.0,1.0,A,2425,True,csv,1202,0.6,0.8,1.4,1.6,7.0,2.4,2.0,0.4,2.2,7.0,1488.283005180382,1697.4206833129879,-209.13767813260597,1.3333333333333333,-1.7999999999999998,0.0
2024-10-05,Everton,Newcastle United,0.0,0.0,D,2425,True,csv,1203,0.8,1.4,2.4,1.8,7.0,1.6,1.4,1.4,1.4,7.0,1462.88179466653,1589.6540206470966,-126.77222598056665,1.3333333333333333,-0.8,0.0
2024-10-05,Leicester City,Bournemouth,1.0,0.0,H,2425,True,csv,1204,0.4,1.4,2.2,1.0,7.0,1.4,1.4,1.6,0.8,5.0,1422.7663429888178,1485.5179824493239,-62.75163946050611,0.0,-0.9999999999999999,2.0
2024-10-05,Manchester City,Fulham,3.0,2.0,H,2425,True,csv,1205,2.2,2.4,1.2,2.6,7.0,2.2,1.6,0.8,1.6,7.0,1779.924945750146,1517.6750315247596,262.2499142253864,3.0,0.0,0.0
2024-10-05,West Ham United,Ipswich Town,4.0,1.0,H,2425,True,csv,1206,1.0,1.0,1.6,0.8,7.0,0.8,1.0,1.6,0.6666666666666666,6.0,1488.4280151472828,1491.5153545080707,-3.087339360787837,,0.19999999999999996,1.0
2024-10-06,Aston Villa,Manchester United,0.0,0.0,D,2425,True,csv,1207,2.0,2.0,1.6,1.6,7.0,0.8,0.8,1.6,1.4,7.0,1603.2985778782306,1563.0845220765423,40.214055801688346,0.0,1.2,0.0
2024-10-06,Brighton & Hove Albion,Tottenham Hotspur,3.0,2.0,H,2425,True,csv,1208,1.2,1.4,1.6,1.0,8.0,1.8,2.2,0.8,1.4,7.0,1522.8701296529764,1578.6587829538623,-55.788653300885926,1.0,-0.6000000000000001,1.0
2024-10-06,Chelsea,Nottingham Forest,1.0,1.0,D,2425,True,csv,1209,2.6,3.0,1.0,2.0,8.0,1.6,1.0,0.8,2.6,8.0,1602.6622921079259,1454.7884150524133,147.8738770555126,1.3333333333333333,1.0,0.0
2024-10-19,Bournemouth,Arsenal,2.0,0.0,H,2425,True,csv,1210,1.2,1.2,1.6,1.4,14.0,2.2,2.2,1.2,2.6,14.0,1475.4387855551302,1742.011378661561,-266.57259310643076,0.0,-1.0000000000000002,0.0
2024-10-19,Fulham,Aston Villa,1.0,3.0,A,2425,True,csv,1211,1.6,1.6,1.2,1.6,14.0,2.2,2.0,1.2,1.4,13.0,1514.969339276505,1600.4916013140664,-85.5222620375614,0.0,-0.6000000000000001,1.0
2024-10-19,Ipswich Town,Everton,0.0,2.0,A,2425,True,csv,1212,0.8,1.0,1.6,0.6666666666666666,14.0,1.0,1.4,1.6,0.4,14.0,1483.1389366115172,1464.7803366872538,18.358599924263444,,-0.19999999999999996,0.0
2024-10-19,Manchester United,Brentford,2.0,1.0,H,2425,True,csv,1213,1.0,0.6,1.2,1.2,13.0,1.4,2.2,2.0,0.6,14.0,1565.8914986407065,1487.0417361143202,78.84976252638626,2.3333333333333335,-0.3999999999999999,-1.0
2024-10-19,Newcastle United,Brighton & Hove Albion,0.0,1.0,A,2425,True,csv,1214,1.6,1.2,1.2,2.2,14.0,1.2,1.6,1.8,1.0,13.0,1587.7554786263727,1532.7489232873334,55.00655533903932,1.3333333333333333,0.40000000000000013,1.0
2024-10-19,Southampton,Leicester City,2.0,3.0,A,2425,True,csv,1215,0.2,0.8,2.6,0.4,14.0,1.0,1.4,1.8,0.4,14.0,1338.1075396045849,1432.8455398830115,-94.73800027842663,2.0,-0.8,0.0
2024-10-19,Tottenham Hotspur,West Ham United,4.0,1.0,H,2425,True,csv,1216,1.2,1.8,1.4,1.8,13.0,1.0,1.4,1.8,1.0,14.0,1568.7799893195054,1496.8044330438363,71.97555627566908,1.3333333333333333,0.19999999999999996,-1.0
2024-10-20,Liverpool,Chelsea,2.0,1.0,H,2425,True,csv,1217,2.4,1.8,0.4,2.4,14.0,2.2,2.0,0.8,3.0,14.0,1703.373717052336,1597.3038393372233,106.06987771511263,1.6666666666666667,0.19999999999999973,0.0
2024-10-20,Wolverhampton Wanderers,Manchester City,1.0,2.0,A,2425,True,csv,1218,0.2,1.4,2.6,0.6,14.0,2.2,2.2,1.4,2.6,14.0,1428.183398860366,1782.6306379984005,-354.44723913803455,1.0,-2.0,0.0
2024-10-21,Nottingham Forest,Crystal Palace,1.0,0.0,H,2425,True,csv,1219,1.2,1.0,1.0,0.4,14.0,0.6,0.8,1.2,1.0,14.0,1460.1468678231158,1482.3299714410339,-22.18310361791805,1.0,0.6,0.0
2024-10-25,Leicester City,Nottingham Forest,1.0,3.0,A,2425,True,csv,1220,1.6,1.8,1.8,1.6,6.0,1.6,1.0,0.8,2.2,4.0,1441.8490183278009,1469.0626882427116,-27.213669914910724,1.5,0.0,2.0
2024-10-26,Aston Villa,Bournemouth,1.0,1.0,D,2425,True,csv,1221,2.2,2.2,1.2,1.6,7.0,1.2,1.0,1.2,0.8,7.0,1609.7583300530746,1490.7704849577585,118.98784509531606,2.3333333333333335,1.0000000000000002,0.0
2024-10-26,Brentford,Ipswich Town,4.0,3.0,H,2425,True,csv,1222,0.8,1.8,2.2,2.0,7.0,0.6,0.8,1.8,0.5,7.0,1480.8381599227057,1470.9210722890832,9.917087633622486,,0.20000000000000007,0.0
2024-10-26,Brighton & Hove Albion,Wolverhampton Wanderers,2.0,2.0,D,2425,True,csv,1223,1.6,1.6,1.6,1.6,7.0,0.0,1.4,2.8,0.2,6.0,1545.9432525968796,1425.0809437220614,120.86230887481815,2.3333333333333335,1.6,1.0
2024-10-26,Everton,Fulham,1.0,1.0,D,2425,True,csv,1224,1.6,1.4,1.0,1.4,7.0,1.4,1.6,1.6,1.4,7.0,1476.9982010096878,1505.7026105374969,-28.704409527809048,0.3333333333333333,0.20000000000000018,0.0
2024-10-26,Manchester City,Southampton,1.0,0.0,H,2425,True,csv,1225,2.2,2.0,1.4,2.6,6.0,0.2,1.0,2.6,0.0,7.0,1785.733093136705,1329.1040611597955,456.6290319769096,2.3333333333333335,2.0,-1.0
2024-10-27,Arsenal,Liverpool,2.0,2.0,D,2425,True,csv,1226,2.0,2.0,1.4,2.6,8.0,2.4,1.6,0.6,2.6,7.0,1726.6796792589325,1708.9274126077742,17.75226665115838,1.6666666666666667,-0.3999999999999999,1.0
2024-10-27,Chelsea,Newcastle United,2.0,1.0,H,2425,True,csv,1227,2.0,2.0,1.0,1.6,7.0,1.0,0.8,1.2,1.6,8.0,1591.750143781785,1574.5611493168265,17.18899446495857,1.3333333333333333,1.0,-1.0
2024-10-27,Crystal Palace,Tottenham Hotspur,1.0,0.0,H,2425,True,csv,1228,0.4,0.6,1.2,1.0,6.0,1.8,2.4,1.2,1.4,8.0,1473.414151021438,1575.1541636549453,-101.74001263350715,0.0,-1.4,-2.0
2024-10-27,West Ham United,Manchester United,2.0,1.0,H,2425,True,csv,1229,1.0,1.4,2.0,1.2,8.0,1.6,1.0,0.8,1.6,8.0,1490.4302587083964,1572.095074832321,-81.66481612392454,2.0,-0.6000000000000001,0.0
2024-11-02,Bournemouth,Manchester City,2.0,1.0,H,2425,True,csv,1230,1.4,1.2,1.2,1.4,7.0,2.2,1.8,1.2,2.6,7.0,1495.5101089163825,1786.7054217421148,-291.19531282573234,0.0,-0.8000000000000003,0.0
2024-11-02,Ipswich Town,Leicester City,1.0,1.0,D,2425,True,csv,1231,0.4,1.4,2.6,0.5,7.0,1.4,1.6,2.0,1.0,8.0,1462.9067160131037,1430.9081430860585,31.99857292704519,,-0.9999999999999999,-1.0
2024-11-02,Liverpool,Brighton & Hove Albion,2.0,1.0,H,2425,True,csv,1232,2.6,2.0,0.8,2.4,6.0,1.6,2.0,2.0,1.6,7.0,1711.1286772819224,1541.1619039949842,169.96677328693818,1.3333333333333333,1.0,-1.0
2024-11-02,Newcastle United,Arsenal,1.0,0.0,H,2425,True,csv,1233,0.4,0.6,1.4,1.6,6.0,1.6,2.2,1.8,2.0,6.0,1566.746981796985,1724.4784145847843,-157.73143278779935,1.0,-1.2000000000000002,0.0
2024-11-02,Nottingham Forest,West Ham United,3.0,0.0,H,2425,True,csv,1234,1.6,1.4,1.0,1.0,8.0,1.4,1.6,2.0,1.0,6.0,1480.003563484454,1501.053015292788,-21.04945180833397,1.0,0.20000000000000018,2.0
2024-11-02,Southampton,Everton,1.0,0.0,H,2425,True,csv,1235,0.2,1.0,2.2,0.4,7.0,1.8,1.2,0.6,0.8,7.0,1328.1317325543857,1476.0998697850232,-147.96813723063747,2.0,-1.6,0.0
2024-11-02,Wolverhampton Wanderers,Crystal Palace,2.0,2.0,D,2425,True,csv,1236,0.2,1.6,2.8,0.0,7.0,0.8,0.4,0.8,0.8,6.0,1429.8622923239568,1484.609778521301,-54.74748619734419,1.0,-0.6000000000000001,1.0
2024-11-03,Manchester United,Chelsea,1.0,1.0,D,2425,True,csv,1237,1.0,0.6,1.2,1.8,7.0,2.0,2.2,1.2,2.4,7.0,1561.4723182479295,1599.5643113016265,-38.091993053697024,2.0,-1.0,0.0
2024-11-03,Tottenham Hotspur,Aston Villa,4.0,1.0,H,2425,True,csv,1238,1.8,2.4,1.2,1.8,7.0,1.8,1.8,1.0,2.0,8.0,1563.9585361550824,1605.0187060944506,-41.06016993936828,1.0,0.0,-1.0
2024-11-04,Fulham,Brentford,2.0,1.0,H,2425,True,csv,1239,1.4,1.6,1.6,1.4,9.0,1.4,2.4,2.4,0.6,9.0,1506.6009417621615,1488.8525161986852,17.748425563476303,0.3333333333333333,0.0,0.0
2024-11-09,Brentford,Bournemouth,3.0,2.0,H,2425,True,csv,1240,1.4,2.4,2.2,2.6,5.0,2.0,1.6,0.8,1.0,7.0,1481.0536756742215,1511.3297897967957,-30.2761141225742,2.3333333333333335,-0.6000000000000001,-2.0
2024-11-09,Brighton & Hove Albion,Manchester City,2.0,1.0,H,2425,True,csv,1241,1.4,1.8,2.0,1.8,7.0,2.0,1.6,1.2,2.0,7.0,1536.9581525809806,1770.8857408617016,-233.927588280721,0.3333333333333333,-0.6000000000000001,0.0
2024-11-09,Crystal Palace,Fulham,0.0,2.0,A,2425,True,csv,1242,0.8,0.8,1.2,1.0,7.0,1.4,1.4,1.6,1.0,5.0,1484.7609465046582,1514.3997822866252,-29.638835781966918,1.0,-0.5999999999999999,2.0
2024-11-09,Liverpool,Aston Villa,2.0,0.0,H,2425,True,csv,1243,2.6,1.8,1.0,2.4,7.0,1.2,1.4,1.6,2.0,6.0,1715.332428695926,1595.563298877099,119.76912981882697,1.6666666666666667,1.4000000000000001,1.0
2024-11-09,West Ham United,Everton,0.0,0.0,D,2425,True,csv,1244,1.4,1.6,2.0,1.2,7.0,1.6,1.0,0.6,0.8,7.0,1492.1694289401962,1463.6206953105172,28.548733629678964,2.0,-0.20000000000000018,0.0
2024-11-09,Wolverhampton Wanderers,Southampton,2.0,0.0,H,2425,True,csv,1245,0.4,1.8,2.6,0.2,7.0,0.6,1.0,2.0,0.0,7.0,1429.7111243405996,1340.6109070288917,89.10021731170787,3.0,-0.19999999999999996,0.0
2024-11-10,Chelsea,Arsenal,1.0,1.0,D,2425,True,csv,1246,1.6,1.8,1.4,1.6,7.0,1.4,1.8,1.6,1.4,8.0,1600.1940400292592,1711.7373947512592,-111.543354722,0.3333333333333333,0.20000000000000018,-1.0
2024-11-10,Manchester United,Leicester City,3.0,0.0,H,2425,True,csv,1247,1.0,0.8,1.4,1.4,7.0,1.4,1.6,2.0,1.0,8.0,1560.8425895202968,1433.4958757064817,127.34671381381509,2.3333333333333335,-0.3999999999999999,-1.0
2024-11-10,Nottingham Forest,Newcastle United,1.0,3.0,A,2425,True,csv,1248,2.0,1.6,0.6,1.6,8.0,1.0,0.6,0.8,1.0,8.0,1488.8871498370456,1579.48800163051,-90.60085179346447,1.0,1.0,0.0
2024-11-10,Tottenham Hotspur,Ipswich Town,1.0,2.0,A,2425,True,csv,1249,1.8,2.6,1.2,2.4,7.0,0.4,1.4,2.6,0.4,8.0,1573.413943372434,1460.3189833926806,113.09495997975341,,1.4,-1.0
2024-11-23,Arsenal,Nottingham Forest,3.0,0.0,H,2425,True,csv,1250,1.0,1.2,1.4,2.2,13.0,2.0,1.8,1.0,2.2,13.0,1710.2646464132117,1479.7656427070071,230.49900370620458,2.0,-1.0,0.0
2024-11-23,Aston Villa,Crystal Palace,2.0,2.0,D,2425,True,csv,1251,1.0,1.0,1.6,1.6,14.0,0.8,0.6,1.2,0.4,14.0,1590.3203398966073,1473.8892995703025,116.43104032630481,2.0,0.19999999999999996,0.0
2024-11-23,Bournemouth,Brighton & Hove Albion,1.0,2.0,A,2425,True,csv,1252,1.4,1.4,1.2,2.0,14.0,2.0,1.8,1.4,1.4,14.0,1502.1832308550527,1551.584071714562,-49.400840859509344,1.0,-0.6000000000000001,0.0
2024-11-23,Everton,Brentford,0.0,0.0,D,2425,True,csv,1253,1.2,0.6,0.4,1.0,14.0,1.8,2.8,2.4,0.0,14.0,1466.1155470795788,1490.2002346159645,-24.084687536385673,3.0,-0.6000000000000001,0.0
2024-11-23,Fulham,Wolverhampton Wanderers,1.0,4.0,A,2425,True,csv,1254,1.4,1.6,1.6,2.0,14.0,1.0,2.0,2.2,0.4,14.0,1525.271429220981,1435.66505973999,89.6063694809909,1.3333333333333333,0.3999999999999999,0.0
2024-11-23,Leicester City,Chelsea,1.0,2.0,A,2425,True,csv,1255,1.4,1.2,1.8,1.0,13.0,1.2,1.2,1.2,2.0,13.0,1428.419903245426,1601.6667883673067,-173.24688512188072,0.3333333333333333,0.19999999999999996,0.0
2024-11-23,Manchester City,Tottenham Hotspur,0.0,4.0,A,2425,True,csv,1256,1.8,1.6,1.4,2.6,14.0,1.2,2.2,1.6,0.8,13.0,1756.2598217281202,1558.806881782815,197.45293994530516,1.3333333333333333,0.6000000000000001,1.0
2024-11-24,Ipswich Town,Manchester United,1.0,1.0,D,2425,True,csv,1257,0.8,1.4,2.4,0.6,14.0,1.6,1.4,0.8,1.0,14.0,1474.9260449822996,1565.9185619813525,-90.9925169990529,,-0.8,0.0
2024-11-24,Southampton,Liverpool,2.0,3.0,A,2425,True,csv,1258,0.6,0.8,1.8,0.8,14.0,2.6,1.8,0.8,2.6,14.0,1334.6569716295012,1720.5753876764177,-385.9184160469165,0.3333333333333333,-2.0,0.0
2024-11-25,Newcastle United,West Ham United,0.0,2.0,A,2425,True,csv,1259,1.4,1.0,0.8,2.0,14.0,1.4,1.4,1.8,1.0,14.0,1588.6095087605486,1489.6745771711346,98.93493158941396,2.3333333333333335,0.0,0.0
2024-11-29,Brighton & Hove Albion,Southampton,1.0,1.0,D,2425,True,csv,1260,2.0,1.6,1.2,1.8,6.0,0.6,1.0,1.8,0.0,5.0,1561.8890454337309,1332.0003078040868,229.88873762964408,2.3333333333333335,1.4,1.0
2024-11-30,Brentford,Leicester City,4.0,1.0,H,2425,True,csv,1261,1.4,1.8,1.8,2.6,7.0,0.8,1.2,2.2,1.0,7.0,1491.230293981998,1421.5686797939256,69.66161418807246,0.6666666666666666,0.5999999999999999,0.0
2024-11-30,Crystal Palace,Newcastle United,1.0,1.0,D,2425,True,csv,1262,1.0,1.0,1.4,1.0,7.0,1.2,1.0,1.2,1.4,5.0,1478.5716655477265,1574.329460327302,-95.75779477957553,1.3333333333333333,-0.19999999999999996,2.0
2024-11-30,Nottingham Forest,Ipswich Town,1.0,0.0,H,2425,True,csv,1263,1.8,1.6,1.4,1.4,7.0,1.0,1.4,1.8,1.0,6.0,1476.6031453720343,1475.8157227710635,0.7874226009707854,,0.8,1.0
2024-11-30,West Ham United,Arsenal,2.0,5.0,A,2425,True,csv,1264,1.4,1.0,1.6,1.4,5.0,1.0,1.2,1.2,1.0,7.0,1503.9546256043811,1713.4271437481846,-209.47251814380343,1.3333333333333333,0.3999999999999999,-2.0
2024-11-30,Wolverhampton Wanderers,Bournemouth,2.0,4.0,A,2425,True,csv,1265,1.6,2.2,1.4,0.8,7.0,1.4,1.6,1.4,0.8,7.0,1449.7233004729958,1491.8782571358838,-42.154956662888026,1.0,0.20000000000000018,0.0
2024-12-01,Chelsea,Aston Villa,3.0,0.0,H,2425,True,csv,1266,1.6,1.4,1.2,1.8,8.0,1.0,1.4,2.0,1.4,8.0,1608.518011818807,1585.6379739191832,22.880037899623858,0.3333333333333333,0.6000000000000001,0.0
2024-12-01,Liverpool,Manchester City,2.0,0.0,H,2425,True,csv,1267,2.6,2.2,1.2,2.4,7.0,1.2,1.0,1.8,1.4,8.0,1723.232051501832,1739.96227707711,-16.730225575277927,0.6666666666666666,1.4000000000000001,-1.0
2024-12-01,Manchester United,Everton,4.0,0.0,H,2425,True,csv,1268,1.6,1.6,1.0,1.4,7.0,1.2,0.6,0.4,1.0,8.0,1565.0288841925885,1465.0854877135453,99.94339647904326,3.0,0.40000000000000013,-1.0
2024-12-01,Tottenham Hotspur,Fulham,1.0,1.0,D,2425,True,csv,1269,1.8,2.6,1.0,1.8,8.0,1.4,1.4,1.8,1.6,8.0,1575.1044264338252,1511.2131884879752,63.89123794584998,2.0,0.40000000000000013,0.0
2024-12-03,Ipswich Town,Crystal Palace,0.0,1.0,A,2425,True,csv,1270,1.0,1.4,1.6,0.8,3.0,1.2,1.2,1.4,0.6,3.0,1467.5476889350082,1479.5972390850056,-12.049550149997458,,-0.19999999999999996,0.0
2024-12-03,Leicester City,West Ham United,3.0,1.0,H,2425,True,csv,1271,0.2,0.8,2.6,0.8,3.0,1.4,1.2,1.8,1.0,3.0,1415.136521410915,1498.0096477720635,-82.87312636114848,2.3333333333333335,-1.2,0.0
2024-12-04,Arsenal,Manchester United,2.0,0.0,H,2425,True,csv,1272,1.6,2.2,1.2,2.2,4.0,1.6,2.0,0.8,1.2,3.0,1719.3721215805022,1570.7251565008733,148.6469650796289,3.0,0.0,1.0
2024-12-04,Aston Villa,Brentford,3.0,1.0,H,2425,True,csv,1273,0.4,0.8,2.4,1.8,3.0,2.0,2.4,1.6,0.2,4.0,1577.9792112751984,1497.6624523650087,80.31675891018972,1.6666666666666667,-1.6,-1.0
2024-12-04,Everton,Wolverhampton Wanderers,4.0,0.0,H,2425,True,csv,1274,0.6,0.2,1.2,1.2,3.0,1.6,2.4,1.8,1.0,4.0,1459.3892154052605,1439.2101300191773,20.179085386083216,0.3333333333333333,-1.0,-1.0
2024-12-04,Manchester City,Nottingham Forest,3.0,0.0,H,2425,True,csv,1275,0.6,0.6,2.0,2.0,3.0,1.8,1.6,1.4,1.6,4.0,1731.2012821237647,1484.8711792080896,246.33010291567507,2.3333333333333335,-1.2000000000000002,-1.0
2024-12-04,Newcastle United,Liverpool,3.0,3.0,D,2425,True,csv,1276,1.4,1.2,1.2,1.4,4.0,2.6,2.2,1.0,2.6,3.0,1573.303886790023,1731.9930464551774,-158.68915966515442,0.0,-1.2000000000000002,1.0
2024-12-04,Southampton,Chelsea,1.0,5.0,A,2425,True,csv,1277,0.8,0.8,1.4,0.8,5.0,2.2,1.8,0.8,2.0,3.0,1338.8284461925907,1616.1767744627919,-277.34832827020114,2.0,-1.4000000000000001,2.0
2024-12-05,Bournemouth,Tottenham Hotspur,1.0,0.0,H,2425,True,csv,1278,1.4,2.0,1.8,1.8,5.0,1.4,2.0,1.0,1.2,4.0,1502.3914275897023,1571.682378359404,-69.2909507697018,1.0,0.0,1.0
2024-12-05,Fulham,Brighton & Hove Albion,3.0,1.0,H,2425,True,csv,1279,1.6,1.4,1.4,1.4,4.0,1.6,1.6,1.4,1.4,6.0,1514.6352365623964,1555.060907045227,-40.42567048283058,2.3333333333333335,0.0,-2.0
2024-12-07,Aston Villa,Southampton,1.0,0.0,H,2425,True,csv,1280,0.8,1.2,2.4,1.8,3.0,0.8,1.0,2.2,0.2,3.0,1584.146707576752,1334.378449684324,249.76825789242798,3.0,0.0,0.0
2024-12-07,Brentford,Newcastle United,4.0,2.0,H,2425,True,csv,1281,1.4,1.8,1.6,2.6,3.0,1.6,1.6,1.4,1.0,3.0,1491.494956063455,1576.0703818503964,-84.57542578694142,0.0,-0.20000000000000018,0.0
2024-12-07,Crystal Palace,Manchester City,2.0,2.0,D,2425,True,csv,1282,1.2,1.2,1.4,1.0,4.0,0.6,1.0,2.0,0.8,3.0,1490.968667605696,1734.1286380453244,-243.1599704396283,0.3333333333333333,0.6,1.0
2024-12-07,Manchester United,Nottingham Forest,2.0,3.0,A,2425,True,csv,1283,1.6,1.8,0.8,2.0,3.0,1.2,1.0,1.8,1.0,3.0,1566.0994526086067,1481.94382328653,84.15562932207672,2.0,0.40000000000000013,0.0
2024-12-08,Fulham,Arsenal,1.0,1.0,D,2425,True,csv,1284,2.0,1.8,1.4,1.8,3.0,2.0,2.2,0.8,1.0,4.0,1524.0724374110869,1723.9978254727687,-199.92538806168182,1.3333333333333333,0.0,-1.0
2024-12-08,Ipswich Town,Bournemouth,1.0,2.0,A,2425,True,csv,1285,1.0,0.8,1.0,0.6,5.0,1.8,2.0,1.6,0.8,3.0,1456.1762604143178,1512.6587789236444,-56.48251850932661,,-0.8,2.0
2024-12-08,Leicester City,Brighton & Hove Albion,2.0,2.0,D,2425,True,csv,1286,0.8,1.2,2.2,1.4,5.0,1.4,1.4,1.6,1.2,3.0,1425.7939134405951,1545.6237061965364,-119.8297927559413,0.6666666666666666,-0.5999999999999999,2.0
2024-12-08,Tottenham Hotspur,Chelsea,3.0,4.0,A,2425,True,csv,1287,1.4,2.0,1.0,2.0,3.0,2.2,2.4,0.8,2.0,4.0,1561.415027025462,1620.6267709710585,-59.21174394559648,1.0,-0.8000000000000003,-1.0
2024-12-09,West Ham United,Wolverhampton Wanderers,2.0,1.0,H,2425,True,csv,1288,0.8,1.0,2.2,1.4,6.0,1.4,2.0,2.2,0.8,5.0,1487.3522557423835,1431.4777564344847,55.87449930789876,2.0,-0.5999999999999999,1.0
2024-12-14,Arsenal,Everton,0.0,0.0,D,2425,True,csv,1289,2.2,2.4,0.8,2.6,6.0,1.0,0.8,1.0,1.0,10.0,1720.174935931463,1467.1215889899531,253.05334694150997,3.0,1.2000000000000002,-4.0
2024-12-14,Liverpool,Fulham,2.0,2.0,D,2425,True,csv,1290,2.6,2.4,1.2,3.0,10.0,1.6,1.6,1.4,1.6,6.0,1729.226551394804,1527.8953269523925,201.33122444241144,3.0,1.0,4.0
2024-12-14,Newcastle United,Leicester City,4.0,0.0,H,2425,True,csv,1291,1.0,1.8,2.2,1.0,7.0,0.8,1.4,2.4,0.8,6.0,1565.3642215467478,1427.4991309037136,137.86509064303414,2.3333333333333335,0.19999999999999996,1.0
2024-12-14,Nottingham Forest,Aston Villa,2.0,1.0,H,2425,True,csv,1292,1.2,1.0,2.2,1.8,7.0,1.4,1.2,1.6,0.8,7.0,1495.8701881780444,1587.024951865815,-91.15476368777058,1.0,-0.19999999999999996,0.0
2024-12-14,Wolverhampton Wanderers,Ipswich Town,1.0,2.0,A,2425,True,csv,1293,1.2,1.8,2.2,0.8,5.0,0.8,0.8,1.2,0.8,6.0,1424.6945002057892,1446.0750226176156,-21.380522411826405,,0.3999999999999999,-1.0
2024-12-15,Brighton & Hove Albion,Crystal Palace,1.0,3.0,A,2425,True,csv,1294,1.6,1.6,1.6,1.8,7.0,1.2,1.2,1.4,1.0,8.0,1543.918488733418,1495.800868053596,48.11762067982181,2.3333333333333335,0.40000000000000013,-1.0
2024-12-15,Chelsea,Brentford,2.0,1.0,H,2425,True,csv,1295,2.6,3.0,1.2,2.2,7.0,2.0,2.4,1.6,0.2,8.0,1630.649458765135,1502.2011163671036,128.4483423980314,0.3333333333333333,0.6000000000000001,-1.0
2024-12-15,Manchester City,Manchester United,1.0,2.0,A,2425,True,csv,1296,0.8,1.2,2.0,2.0,8.0,1.4,2.0,1.2,0.6,8.0,1729.2964375974243,1552.1730877170924,177.12334988033194,2.0,-0.5999999999999999,0.0
2024-12-15,Southampton,Tottenham Hotspur,0.0,5.0,A,2425,True,csv,1297,0.2,0.8,2.4,0.8,8.0,0.8,1.8,1.6,1.2,7.0,1331.5002053952612,1551.3923392313854,-219.89213383612423,1.3333333333333333,-0.6000000000000001,1.0
2024-12-16,Bournemouth,West Ham United,1.0,1.0,D,2425,True,csv,1298,1.8,2.0,1.6,2.4,8.0,1.4,1.4,1.8,0.8,7.0,1522.7600167203466,1494.135511971079,28.624504749267544,0.6666666666666666,0.40000000000000013,1.0
2024-12-21,Aston Villa,Manchester City,2.0,1.0,H,2425,True,csv,1299,1.4,1.4,1.6,1.8,7.0,0.8,1.2,2.0,0.8,6.0,1576.1306413977593,1713.3650418690656,-137.23440047130634,1.0,0.5999999999999999,1.0
2024-12-21,Brentford,Nottingham Forest,0.0,2.0,A,2425,True,csv,1300,1.4,2.0,1.6,3.0,6.0,1.8,1.2,1.8,1.4,7.0,1497.1491260064192,1506.7644986461,-9.6153726396808,2.3333333333333335,-0.40000000000000013,-1.0
2024-12-21,Crystal Palace,Arsenal,1.0,5.0,A,2425,True,csv,1301,1.8,1.8,1.2,1.0,6.0,2.2,2.2,0.6,1.0,7.0,1508.816038546782,1713.0068972427605,-204.19085869597848,0.0,-0.40000000000000013,-1.0
2024-12-21,Ipswich Town,Newcastle United,0.0,4.0,A,2425,True,csv,1302,0.8,0.8,1.2,0.4,7.0,1.0,2.0,2.0,1.0,7.0,1457.1820250559488,1570.2142906403988,-113.03226558444999,,-0.19999999999999996,0.0
2024-12-21,West Ham United,Brighton & Hove Albion,1.0,1.0,D,2425,True,csv,1303,1.4,1.6,2.0,2.0,5.0,1.0,1.4,2.0,1.4,6.0,1496.6324087535152,1530.903318240232,-34.270909486716846,1.3333333333333333,0.3999999999999999,-1.0
2024-12-22,Everton,Chelsea,0.0,0.0,D,2425,True,csv,1304,1.2,0.8,0.8,1.8,8.0,3.0,3.2,1.2,2.0,7.0,1474.2896276786557,1635.7014491258194,-161.41182144716367,1.3333333333333333,-1.8,1.0
2024-12-22,Fulham,Southampton,0.0,0.0,D,2425,True,csv,1305,1.2,1.6,1.8,1.4,8.0,0.2,0.8,3.0,0.2,7.0,1534.2597548252343,1325.8027308384703,208.45702398676394,3.0,1.0,1.0
2024-12-22,Leicester City,Wolverhampton Wanderers,0.0,3.0,A,2425,True,csv,1306,0.8,1.4,2.6,1.4,8.0,0.6,1.6,2.6,0.8,8.0,1422.6490618100627,1413.587497767456,9.061564042606733,2.0,0.20000000000000007,0.0
2024-12-22,Manchester United,Bournemouth,0.0,3.0,A,2425,True,csv,1307,1.4,1.8,1.4,2.0,7.0,2.0,1.8,1.2,1.4,6.0,1568.104483445451,1520.2631199379105,47.841363507540564,1.3333333333333333,-0.6000000000000001,1.0
2024-12-22,Tottenham Hotspur,Liverpool,3.0,6.0,A,2425,True,csv,1308,1.4,2.6,1.2,1.4,7.0,2.2,2.4,1.4,2.2,8.0,1557.0898137881763,1722.862123521962,-165.77230973378573,1.0,-0.8000000000000003,-1.0
2024-12-26,Bournemouth,Crystal Palace,0.0,0.0,D,2425,True,csv,1309,2.6,2.2,0.8,2.0,4.0,1.6,1.6,1.8,1.6,5.0,1533.27106025331,1502.7432610679762,30.527799185333834,2.0,1.0,-1.0
2024-12-26,Chelsea,Fulham,1.0,2.0,A,2425,True,csv,1310,2.6,2.8,1.0,2.2,4.0,1.4,1.4,1.0,1.2,4.0,1632.862745206795,1527.7748953360117,105.0878498707832,2.3333333333333335,1.2000000000000002,0.0
2024-12-26,Liverpool,Leicester City,3.0,1.0,H,2425,True,csv,1311,2.2,3.2,2.0,2.6,4.0,0.8,1.2,2.8,0.8,4.0,1729.9084438132375,1410.6870826888617,319.2213611243758,3.0,1.4000000000000001,0.0
2024-12-26,Manchester City,Everton,1.0,1.0,D,2425,True,csv,1312,0.8,1.4,1.6,1.8,5.0,1.2,0.8,0.8,1.0,4.0,1701.1779649759637,1477.1283315976802,224.0496333782835,3.0,-0.3999999999999999,1.0
2024-12-26,Newcastle United,Aston Villa,3.0,0.0,H,2425,True,csv,1313,1.6,2.8,1.6,1.4,5.0,1.8,1.4,1.4,0.6,5.0,1578.699644207243,1588.3177182908612,-9.61807408361824,2.0,-0.19999999999999996,0.0
2024-12-26,Nottingham Forest,Tottenham Hotspur,1.0,0.0,H,2425,True,csv,1314,2.4,1.6,1.2,2.4,5.0,0.8,2.4,2.4,1.2,4.0,1518.2046035931312,1550.043493496901,-31.83888990376977,0.0,1.5999999999999999,1.0
2024-12-26,Southampton,West Ham United,0.0,1.0,A,2425,True,csv,1315,0.4,0.4,2.4,0.6,4.0,1.0,1.4,2.2,0.8,5.0,1332.287590327693,1495.8932167581129,-163.60562643042,1.3333333333333333,-0.6,-1.0
2024-12-26,Wolverhampton Wanderers,Manchester United,2.0,0.0,H,2425,True,csv,1316,0.6,1.4,2.4,0.8,4.0,1.2,1.6,1.8,1.0,4.0,1425.549476888657,1555.0965431300515,-129.54706624139453,0.0,-0.6,0.0
2024-12-27,Arsenal,Ipswich Town,1.0,0.0,H,2425,True,csv,1317,2.2,2.6,0.8,2.2,6.0,0.6,0.6,1.8,1.2,6.0,1719.0796747215663,1448.6966714891046,270.38300323246176,,1.6,0.0
2024-12-27,Brighton & Hove Albion,Brentford,0.0,0.0,D,2425,True,csv,1318,0.6,1.2,2.0,1.6,6.0,1.2,2.0,2.0,0.2,6.0,1531.6425102356343,1485.709021059388,45.93348917624621,1.6666666666666667,-0.6,0.0
2024-12-29,Crystal Palace,Southampton,2.0,1.0,H,2425,True,csv,1319,1.6,1.4,1.6,1.0,3.0,0.2,0.2,2.4,0.4,3.0,1505.29145306013,1325.18424419113,180.10720886900003,3.0,1.4000000000000001,0.0
2024-12-29,Everton,Nottingham Forest,0.0,2.0,A,2425,True,csv,1320,1.2,1.0,1.0,1.4,3.0,2.4,1.6,1.2,1.8,3.0,1483.8657310948731,1527.395832064823,-43.5301009699499,2.3333333333333335,-1.2,0.0
2024-12-29,Fulham,Bournemouth,2.0,2.0,D,2425,True,csv,1321,1.8,1.6,1.0,1.6,3.0,2.2,1.4,0.4,2.0,3.0,1542.198494162939,1530.7228682611562,11.475625901782678,1.0,-0.40000000000000013,0.0
2024-12-29,Leicester City,Manchester City,0.0,2.0,A,2425,True,csv,1322,0.8,1.2,2.6,0.8,3.0,1.0,1.6,1.4,0.2,3.0,1408.6612843648886,1694.4405654787708,-285.77928111388223,0.0,-0.19999999999999996,0.0
2024-12-29,Tottenham Hotspur,Wolverhampton Wanderers,2.0,2.0,D,2425,True,csv,1323,0.6,2.2,2.4,0.8,3.0,1.2,1.4,1.6,1.4,3.0,1540.8522650252091,1437.5248882899245,103.32737673528459,0.0,-0.6,0.0
2024-12-29,West Ham United,Liverpool,0.0,5.0,A,2425,True,csv,1324,1.6,1.2,1.2,1.6,3.0,2.2,3.2,1.8,2.2,3.0,1502.996562894676,1731.9342421372105,-228.9376792425346,0.3333333333333333,-0.6000000000000001,0.0
2024-12-30,Aston Villa,Brighton & Hove Albion,2.0,2.0,D,2425,True,csv,1325,1.8,1.4,1.4,2.2,4.0,0.6,1.0,1.8,1.0,3.0,1579.7577470965384,1528.6845967170548,51.07315037948365,2.0,1.2000000000000002,1.0
2024-12-30,Ipswich Town,Chelsea,2.0,0.0,H,2425,True,csv,1326,0.6,0.6,1.8,0.4,3.0,2.0,2.4,1.4,2.2,4.0,1446.0986584270217,1618.4391463798677,-172.34048795284593,,-1.4,-1.0
2024-12-30,Manchester United,Newcastle United,0.0,2.0,A,2425,True,csv,1327,0.6,0.8,2.2,1.4,4.0,2.0,3.2,1.4,1.4,4.0,1543.121131728784,1587.2596154015657,-44.13848367278183,1.0,-1.4,0.0
2025-01-01,Brentford,Arsenal,1.0,3.0,A,2425,True,csv,1328,0.8,1.2,1.8,2.4,5.0,2.2,1.8,0.4,1.6,5.0,1488.6669345779676,1721.6776877836492,-233.01075320568157,0.3333333333333333,-1.4000000000000001,0.0
2025-01-04,Aston Villa,Leicester City,2.0,1.0,H,2425,True,csv,1329,1.4,1.2,1.6,2.2,5.0,0.2,0.6,2.8,0.2,6.0,1576.6654429769333,1404.3769405423463,172.28850243458692,2.0,1.2,-1.0
2025-01-04,Bournemouth,Everton,1.0,0.0,H,2425,True,csv,1330,1.8,1.6,0.8,1.6,6.0,1.2,1.0,0.6,0.6,6.0,1532.7515630209898,1473.3920440581244,59.35951896286542,2.0,0.6000000000000001,0.0
2025-01-04,Brighton & Hove Albion,Arsenal,1.0,1.0,D,2425,True,csv,1331,0.8,1.2,1.6,1.2,5.0,2.2,2.0,0.6,2.2,3.0,1531.77690083666,1727.0725356495236,-195.29563481286368,0.3333333333333333,-1.4000000000000001,2.0
2025-01-04,Crystal Palace,Chelsea,1.0,1.0,D,2425,True,csv,1332,1.6,1.6,1.8,1.0,6.0,1.4,1.4,1.6,2.0,5.0,1509.3046731224936,1605.3138907151001,-96.00921759260655,0.3333333333333333,0.20000000000000018,1.0
2025-01-04,Manchester City,West Ham United,4.0,1.0,H,2425,True,csv,1333,1.0,1.4,1.4,1.4,6.0,1.6,1.0,1.6,1.4,6.0,1698.7249093013131,1497.508847417481,201.21606188383203,3.0,-0.6000000000000001,0.0
2025-01-04,Southampton,Brentford,0.0,5.0,A,2425,True,csv,1334,0.2,0.2,1.8,0.6,6.0,0.8,1.2,1.8,0.4,3.0,1321.1710241287662,1483.2720867120931,-162.1010625833269,0.0,-0.6000000000000001,3.0
2025-01-04,Tottenham Hotspur,Newcastle United,1.0,2.0,A,2425,True,csv,1335,0.8,2.6,2.6,0.4,6.0,2.4,3.0,0.8,2.0,5.0,1536.46951257789,1597.7158296354182,-61.24631705752813,1.0,-1.5999999999999999,1.0
2025-01-05,Fulham,Ipswich Town,2.0,2.0,D,2425,True,csv,1336,1.4,1.4,1.2,1.2,7.0,1.2,1.0,1.6,1.2,6.0,1540.1697994031053,1459.2239140917893,80.94588531131603,1.0,0.19999999999999996,1.0
2025-01-05,Liverpool,Manchester United,2.0,2.0,D,2425,True,csv,1337,2.2,3.8,1.8,2.6,7.0,0.6,0.8,2.2,0.8,6.0,1737.4219576144053,1532.6649174949314,204.7570401194739,1.6666666666666667,1.6,1.0
2025-01-06,Wolverhampton Wanderers,Nottingham Forest,0.0,3.0,A,2425,True,csv,1338,1.4,1.8,1.2,1.4,8.0,3.0,2.0,0.6,1.8,8.0,1441.9076407372436,1537.8695191015718,-95.96187836432819,1.0,-1.6,0.0
2025-01-14,Brentford,Manchester City,2.0,2.0,D,2425,True,csv,1339,0.8,1.4,1.4,1.8,10.0,1.4,1.8,1.2,0.8,10.0,1490.415153717926,1702.3624538612444,-211.94730014331844,0.0,-0.5999999999999999,0.0
2025-01-14,Chelsea,Bournemouth,2.0,2.0,D,2425,True,csv,1340,1.0,0.8,1.2,2.0,10.0,1.8,1.4,0.6,2.0,10.0,1604.2811572940852,1539.4451837462527,64.83597354783251,2.3333333333333335,-0.8,0.0
2025-01-14,Nottingham Forest,Liverpool,1.0,1.0,D,2425,True,csv,1341,3.0,2.0,0.2,2.4,8.0,2.2,3.6,1.6,2.2,9.0,1546.8381337001024,1730.9992345954277,-184.16110089532526,1.0,0.7999999999999998,-1.0
2025-01-14,West Ham United,Fulham,3.0,2.0,H,2425,True,csv,1342,1.0,0.8,2.2,1.0,10.0,1.4,1.6,1.4,1.8,9.0,1493.8713028575498,1536.321858397549,-42.450555539999186,0.3333333333333333,-0.3999999999999999,1.0
2025-01-15,Arsenal,Tottenham Hotspur,2.0,1.0,H,2425,True,csv,1343,2.2,2.0,0.6,2.2,11.0,0.8,2.2,2.2,1.2,11.0,1723.3640023697765,1526.5053843124979,196.8586180572786,2.3333333333333335,1.4000000000000001,0.0
2025-01-15,Everton,Aston Villa,0.0,1.0,A,2425,True,csv,1344,0.6,0.2,0.8,1.2,11.0,1.4,1.4,1.8,0.0,11.0,1466.6984233328615,1580.8249922926057,-114.12656895974419,0.3333333333333333,-0.7999999999999999,0.0
2025-01-15,Leicester City,Crystal Palace,0.0,2.0,A,2425,True,csv,1345,0.0,0.4,2.8,0.8,11.0,1.6,1.4,1.6,1.8,11.0,1400.217391226674,1510.3374065435085,-110.1200153168345,0.6666666666666666,-1.6,0.0
2025-01-15,Newcastle United,Wolverhampton Wanderers,3.0,0.0,H,2425,True,csv,1346,3.0,3.0,0.2,2.0,11.0,1.4,1.6,1.4,1.4,9.0,1607.6799579008105,1432.939026138713,174.7409317620975,2.3333333333333335,1.6,2.0
2025-01-16,Ipswich Town,Brighton & Hove Albion,0.0,2.0,A,2425,True,csv,1347,1.4,1.2,1.6,0.8,11.0,0.8,1.0,1.4,1.2,12.0,1463.0718550973456,1535.485434116407,-72.41357901906144,1.0,0.5999999999999999,-1.0
2025-01-16,Manchester United,Southampton,3.0,1.0,H,2425,True,csv,1348,0.8,0.8,2.0,1.2,11.0,0.2,0.2,2.6,0.4,12.0,1539.087640513909,1314.0279571229335,225.05968339097558,2.3333333333333335,0.6000000000000001,-1.0
2025-01-18,Arsenal,Aston Villa,2.0,2.0,D,2425,True,csv,1349,2.6,2.4,0.8,2.6,3.0,2.0,1.4,1.4,0.6,3.0,1727.0767907349639,1589.2795866322897,137.7972041026742,1.0,0.6000000000000001,0.0
2025-01-18,Brentford,Liverpool,0.0,2.0,A,2425,True,csv,1350,1.0,1.6,1.4,1.4,4.0,2.2,3.4,1.4,2.2,4.0,1494.5295209352037,1727.5703306451953,-233.04080970999166,0.0,-1.2000000000000002,0.0
2025-01-18,Leicester City,Fulham,0.0,2.0,A,2425,True,csv,1351,0.0,0.4,2.4,0.8,3.0,1.2,1.6,1.6,1.6,4.0,1391.650037161646,1526.826542868664,-135.17650570701812,0.0,-1.2,-1.0
2025-01-18,Newcastle United,Bournemouth,1.0,4.0,A,2425,True,csv,1352,3.0,2.8,0.2,2.0,3.0,1.8,1.6,0.8,2.2,4.0,1611.7931900375333,1542.8912168619922,68.90197317554112,0.6666666666666666,1.2,-1.0
2025-01-18,West Ham United,Crystal Palace,0.0,2.0,A,2425,True,csv,1353,1.4,1.2,2.4,1.4,4.0,1.6,1.2,1.4,2.2,3.0,1503.3666183864348,1518.9047606085364,-15.53814222210167,1.3333333333333333,-0.20000000000000018,1.0
2025-01-19,Everton,Tottenham Hotspur,3.0,2.0,H,2425,True,csv,1354,0.4,0.2,1.0,1.0,4.0,0.2,1.4,2.6,1.2,4.0,1458.2438289931774,1522.7925959473105,-64.54876695413304,0.3333333333333333,0.2,0.0
2025-01-19,Ipswich Town,Manchester City,0.0,6.0,A,2425,True,csv,1355,0.8,0.8,1.8,0.6,3.0,1.6,2.0,1.2,1.0,5.0,1453.4289946637803,1698.2480866439666,-244.81909198018639,0.0,-0.8,-2.0
2025-01-19,Manchester United,Brighton & Hove Albion,1.0,3.0,A,2425,True,csv,1356,0.8,1.0,2.0,1.2,3.0,1.4,1.2,0.8,1.2,3.0,1542.334396848916,1545.1282945499725,-2.793897701056494,1.0,-0.5999999999999999,0.0
2025-01-19,Nottingham Forest,Southampton,3.0,2.0,H,2425,True,csv,1357,2.6,1.8,0.2,2.0,5.0,0.2,0.4,2.2,0.4,3.0,1550.2670376503347,1310.7812007879265,239.48583686240818,3.0,2.4,2.0
2025-01-20,Chelsea,Wolverhampton Wanderers,3.0,1.0,H,2425,True,csv,1358,0.6,0.8,1.4,1.6,6.0,1.4,1.4,1.6,0.8,5.0,1600.8351241783457,1428.82579400199,172.00933017635566,1.0,-0.7999999999999999,1.0
2025-01-25,Bournemouth,Nottingham Forest,5.0,0.0,H,2425,True,csv,1359,1.8,1.8,1.0,1.6,7.0,2.6,2.0,0.6,2.4,6.0,1556.4399625924602,1553.2942245587399,3.145738033720363,1.6666666666666667,-0.8,1.0
2025-01-25,Brighton & Hove Albion,Everton,0.0,1.0,A,2425,True,csv,1360,1.8,1.6,0.8,1.2,6.0,0.8,0.8,1.4,0.6,6.0,1556.7600988175748,1468.3747455503333,88.3853532672415,1.6666666666666667,1.0,0.0
2025-01-25,Liverpool,Ipswich Town,4.0,1.0,H,2425,True,csv,1361,2.2,2.6,0.8,2.2,7.0,0.8,0.8,2.2,1.4,6.0,1732.9644969070307,1448.297713437532,284.6667834694988,3.0,1.4000000000000001,1.0
2025-01-25,Manchester City,Chelsea,3.0,1.0,H,2425,True,csv,1362,2.2,3.0,0.8,1.4,6.0,1.0,1.4,1.6,1.6,5.0,1703.379367870215,1604.9999703179674,98.37939755224761,1.6666666666666667,1.2000000000000002,1.0
2025-01-25,Southampton,Newcastle United,1.0,3.0,A,2425,True,csv,1363,0.0,0.8,2.8,0.0,6.0,2.4,2.2,1.0,2.0,7.0,1307.7540138795214,1598.2444443070654,-290.49043042754397,0.0,-2.4,-1.0
2025-01-25,Wolverhampton Wanderers,Arsenal,0.0,1.0,A,2425,True,csv,1364,0.8,1.0,2.2,1.2,5.0,2.2,1.8,1.0,2.2,7.0,1424.6609478623684,1721.9282956871502,-297.26734782478184,0.0,-1.4000000000000001,-2.0
2025-01-26,Aston Villa,West Ham United,1.0,1.0,D,2425,True,csv,1365,1.6,1.4,1.6,2.6,8.0,1.2,1.0,2.6,1.4,8.0,1594.4280816801033,1492.0938436296726,102.33423805043071,2.3333333333333335,0.40000000000000013,0.0
2025-01-26,Crystal Palace,Brentford,1.0,2.0,A,2425,True,csv,1366,2.2,1.4,0.4,1.2,8.0,1.0,1.6,1.4,1.0,8.0,1530.1775353652986,1489.1353546733683,41.0421806919303,1.3333333333333333,1.2000000000000002,0.0
2025-01-26,Fulham,Manchester United,0.0,1.0,A,2425,True,csv,1367,1.6,2.0,1.6,1.4,8.0,0.8,1.2,2.0,1.0,7.0,1534.6959362426012,1530.7025925813136,3.993343661287554,1.0,0.8,1.0
2025-01-26,Tottenham Hotspur,Leicester City,1.0,2.0,A,2425,True,csv,1368,0.2,1.2,2.0,0.4,7.0,0.0,0.4,2.2,0.0,8.0,1512.6616793901546,1383.7806437877089,128.88103560244576,1.3333333333333333,0.2,-1.0
2025-02-01,Bournemouth,Liverpool,0.0,2.0,A,2425,True,csv,1369,2.2,2.8,1.0,2.2,7.0,2.2,2.8,0.8,2.2,7.0,1564.6422331108934,1735.3822278216824,-170.739994710789,0.0,0.0,0.0
2025-02-01,Everton,Leicester City,4.0,0.0,H,2425,True,csv,1370,1.2,0.8,1.2,1.4,7.0,0.6,0.6,1.8,0.6,6.0,1482.4035887284751,1398.7380524756295,83.66553625284564,0.6666666666666666,0.6,1.0
2025-02-01,Ipswich Town,Southampton,1.0,2.0,A,2425,True,csv,1371,0.8,1.0,2.8,0.6,7.0,0.0,1.0,3.2,0.2,7.0,1445.8799825228803,1303.5602621005391,142.3197204223411,1.0,0.8,0.0
2025-02-01,Newcastle United,Fulham,1.0,2.0,A,2425,True,csv,1372,2.4,2.2,1.2,2.0,7.0,1.0,1.6,1.6,1.6,6.0,1602.4381960860476,1522.8746095451734,79.56358654087421,2.0,1.4,1.0
2025-02-01,Nottingham Forest,Brighton & Hove Albion,7.0,0.0,H,2425,True,csv,1373,2.0,1.8,1.6,2.6,7.0,1.6,1.6,1.0,1.8,7.0,1545.0919540403067,1542.731255639433,2.3606984008738436,0.3333333333333333,0.3999999999999999,0.0
2025-02-01,Wolverhampton Wanderers,Aston Villa,2.0,0.0,H,2425,True,csv,1374,0.2,0.6,2.4,0.6,7.0,1.8,1.6,1.2,0.8,6.0,1420.5950293958333,1590.068452245166,-169.4734228493328,0.3333333333333333,-1.6,1.0
2025-02-02,Arsenal,Manchester City,5.0,1.0,H,2425,True,csv,1375,2.2,1.8,1.0,2.2,8.0,2.6,3.4,0.8,1.6,8.0,1725.9942141536853,1709.1123888279985,16.881825325686805,1.6666666666666667,-0.3999999999999999,0.0
2025-02-02,Brentford,Tottenham Hotspur,0.0,2.0,A,2425,True,csv,1376,1.4,2.0,1.6,0.8,7.0,0.2,1.4,2.2,0.6,7.0,1501.9642738503135,1497.704270702234,4.260003148079477,0.3333333333333333,1.2,0.0
2025-02-02,Manchester United,Crystal Palace,0.0,2.0,A,2425,True,csv,1377,1.4,1.4,1.6,0.6,7.0,2.0,1.6,0.8,2.6,7.0,1542.5239192787415,1517.3486161883534,25.17530309038807,0.3333333333333333,-0.6000000000000001,0.0
2025-02-03,Chelsea,West Ham United,2.0,1.0,H,2425,True,csv,1378,1.0,1.4,1.8,2.0,9.0,0.8,1.0,2.8,1.0,8.0,1599.2669493601838,1496.4534730646099,102.81347629557399,2.0,0.19999999999999996,1.0
2025-02-12,Everton,Liverpool,2.0,2.0,D,2425,True,csv,1379,1.8,1.6,0.8,1.4,11.0,2.2,2.2,0.8,2.6,11.0,1488.489161822364,1742.2985983302058,-253.80943650784184,1.0,-0.40000000000000013,0.0
2025-02-14,Brighton & Hove Albion,Chelsea,3.0,0.0,H,2425,True,csv,1380,1.4,1.2,2.0,0.6,13.0,1.6,1.8,1.6,1.0,11.0,1534.5071112566604,1604.8961547207546,-70.38904346409413,0.0,-0.20000000000000018,2.0
2025-02-15,Aston Villa,Ipswich Town,1.0,1.0,D,2425,True,csv,1381,1.6,1.2,1.2,2.2,14.0,0.2,0.8,3.2,0.8,14.0,1577.017848191056,1430.6364649343275,146.38138325672844,1.0,1.4000000000000001,0.0
2025-02-15,Crystal Palace,Everton,1.0,2.0,A,2425,True,csv,1382,2.0,1.6,0.6,1.0,13.0,2.0,2.0,1.0,1.0,3.0,1529.7521980776557,1493.5528059973544,36.19939208030132,0.3333333333333333,0.0,10.0
2025-02-15,Fulham,Nottingham Forest,2.0,1.0,H,2425,True,csv,1383,1.4,1.6,1.4,0.8,14.0,2.0,2.8,1.6,2.4,14.0,1536.6886039408412,1553.3160984230792,-16.627494482238035,2.0,-0.6000000000000001,0.0
2025-02-15,Leicester City,Arsenal,0.0,2.0,A,2425,True,csv,1384,0.6,0.6,2.2,0.2,14.0,2.2,2.2,1.0,2.2,13.0,1392.6524793817407,1733.816801924299,-341.16432254255824,0.0,-1.6,1.0
2025-02-15,Manchester City,Newcastle United,4.0,0.0,H,2425,True,csv,1385,2.0,3.2,1.8,2.0,13.0,1.8,2.0,1.6,2.4,14.0,1701.289801057385,1588.6242016903798,112.66559936700514,2.3333333333333335,0.19999999999999996,-1.0
2025-02-15,Southampton,Bournemouth,1.0,3.0,A,2425,True,csv,1386,0.6,1.2,3.0,0.0,14.0,2.0,2.4,1.0,2.2,14.0,1318.803779689092,1557.72586260237,-238.92208291327802,1.0,-1.4,0.0
2025-02-15,West Ham United,Brentford,0.0,1.0,A,2425,True,csv,1387,0.8,1.2,2.2,1.4,12.0,1.4,1.8,1.4,1.4,13.0,1490.8242677040391,1490.1355277145312,0.6887399895078943,1.3333333333333333,-0.5999999999999999,-1.0
2025-02-16,Liverpool,Wolverhampton Wanderers,2.0,1.0,H,2425,True,csv,1388,2.2,2.2,0.8,2.2,4.0,0.6,0.6,2.0,0.8,14.0,1737.2349541552153,1433.6456334499435,303.5893207052718,3.0,1.6,-10.0
2025-02-16,Tottenham Hotspur,Manchester United,1.0,0.0,H,2425,True,csv,1389,0.6,1.4,1.8,0.2,14.0,1.4,1.4,1.6,1.4,14.0,1509.5330168380162,1530.120337389439,-20.587320551422863,2.3333333333333335,-0.7999999999999999,0.0
2025-02-19,Aston Villa,Liverpool,2.0,2.0,D,2425,True,csv,1390,1.2,1.0,1.2,1.8,4.0,2.6,2.4,0.8,2.2,3.0,1571.6900889359242,1739.4305578405533,-167.7404689046291,0.3333333333333333,-1.4000000000000001,1.0
2025-02-21,Leicester City,Brentford,0.0,4.0,A,2425,True,csv,1391,0.6,0.4,2.2,0.0,6.0,1.4,1.0,1.4,2.0,6.0,1389.3442755118704,1501.8647386302225,-112.52046311835215,0.6666666666666666,-0.7999999999999999,0.0
2025-02-22,Arsenal,West Ham United,0.0,1.0,A,2425,True,csv,1392,2.6,2.4,0.8,2.2,7.0,0.8,1.0,1.6,1.0,7.0,1737.1250057941693,1479.0950567883478,258.02994900582144,2.0,1.8,0.0
2025-02-22,Aston Villa,Chelsea,2.0,1.0,H,2425,True,csv,1393,0.8,1.2,1.6,1.4,3.0,1.4,1.6,2.0,0.4,8.0,1574.69538778411,1594.597223102766,-19.90183531865614,1.3333333333333333,-0.5999999999999999,-5.0
2025-02-22,Bournemouth,Wolverhampton Wanderers,0.0,1.0,A,2425,True,csv,1394,2.0,2.8,1.2,1.6,7.0,0.6,0.8,1.8,0.8,6.0,1562.987706366642,1431.4500297646055,131.53767660203653,2.0,1.4,1.0
2025-02-22,Everton,Manchester United,2.0,2.0,D,2425,True,csv,1395,2.6,2.4,1.0,1.4,7.0,1.2,1.0,1.4,1.4,6.0,1506.2529940589664,1521.2498845021125,-14.996890443146185,0.0,1.4000000000000001,1.0
2025-02-22,Fulham,Crystal Palace,0.0,2.0,A,2425,True,csv,1396,1.8,1.6,1.2,1.2,7.0,1.8,1.6,0.8,2.6,7.0,1545.4466875538058,1517.0520100160438,28.394677537761936,1.6666666666666667,0.0,0.0
2025-02-22,Ipswich Town,Tottenham Hotspur,1.0,4.0,A,2425,True,csv,1397,0.2,0.6,3.0,0.6,7.0,1.2,1.4,1.4,1.2,6.0,1435.9642241894592,1518.4034697253428,-82.43924553588363,3.0,-1.0,1.0
2025-02-22,Southampton,Brighton & Hove Albion,0.0,4.0,A,2425,True,csv,1398,0.6,1.4,2.6,0.0,7.0,1.8,1.6,1.8,1.6,8.0,1313.5419359248199,1544.806042874649,-231.26410694982906,0.3333333333333333,-1.2000000000000002,-1.0
2025-02-23,Manchester City,Liverpool,0.0,2.0,A,2425,True,csv,1399,2.0,3.2,1.6,2.0,8.0,2.2,2.4,1.2,1.8,4.0,1706.6924800145196,1736.4252589923676,-29.732778977848056,0.6666666666666666,-0.20000000000000018,4.0
2025-02-23,Newcastle United,Nottingham Forest,4.0,3.0,H,2425,True,csv,1400,1.2,1.6,2.2,1.8,8.0,1.4,2.4,2.0,1.8,8.0,1583.2215227332451,1544.5580148101146,38.66350792313051,2.0,-0.19999999999999996,0.0
2025-02-25,Brighton & Hove Albion,Bournemouth,2.0,1.0,H,2425,True,csv,1401,1.8,2.0,1.8,1.0,3.0,1.8,2.4,1.0,2.2,3.0,1550.2405933353068,1547.9728440944746,2.267749240832245,2.0,0.0,0.0
2025-02-25,Chelsea,Southampton,4.0,0.0,H,2425,True,csv,1402,1.2,1.4,2.0,2.0,3.0,0.6,1.2,2.8,0.8,3.0,1585.7462439727021,1308.107385464162,277.6388585085401,1.0,0.6,0.0
2025-02-25,Crystal Palace,Aston Villa,4.0,1.0,H,2425,True,csv,1403,1.8,1.6,0.8,0.8,3.0,1.2,1.2,1.4,0.8,3.0,1529.5427032250439,1583.5463669141739,-54.00366368913001,1.3333333333333333,0.6000000000000001,0.0
2025-02-25,Wolverhampton Wanderers,Fulham,1.0,2.0,A,2425,True,csv,1404,1.2,1.0,1.2,1.2,3.0,1.8,1.2,1.0,2.0,3.0,1446.4648920367729,1532.9559943448057,-86.49110230803285,2.0,-0.6000000000000001,0.0
2025-02-26,Brentford,Everton,1.0,1.0,D,2425,True,csv,1405,1.8,1.4,1.0,0.2,5.0,2.2,2.2,1.0,1.6,4.0,1510.364488309266,1504.9648962388,5.399592070466042,0.3333333333333333,-0.40000000000000013,1.0
2025-02-26,Liverpool,Newcastle United,2.0,0.0,H,2425,True,csv,1406,2.2,2.0,1.0,2.2,3.0,1.2,1.8,2.8,2.4,3.0,1747.2942225044105,1590.4557094962672,156.8385130081433,2.3333333333333335,1.0000000000000002,0.0
2025-02-26,Manchester United,Ipswich Town,3.0,2.0,H,2425,True,csv,1407,0.8,0.8,1.6,0.6,4.0,0.2,0.8,3.4,1.0,4.0,1522.5379823222788,1426.6091810798082,95.92880124247063,1.0,0.6000000000000001,0.0
2025-02-26,Nottingham Forest,Arsenal,0.0,0.0,D,2425,True,csv,1408,1.2,2.8,2.6,2.6,3.0,2.0,2.0,0.8,2.6,4.0,1537.3238280470925,1719.888038277444,-182.56421023035136,0.0,-0.8,-1.0
2025-02-26,Tottenham Hotspur,Manchester City,0.0,1.0,A,2425,True,csv,1409,1.8,2.0,1.2,0.8,4.0,1.8,2.8,1.6,1.4,3.0,1527.7585128349938,1695.8235165024767,-168.06500366748287,1.3333333333333333,0.0,1.0
2025-02-27,West Ham United,Leicester City,2.0,0.0,H,2425,True,csv,1410,0.8,0.6,1.2,0.8,5.0,0.6,0.4,2.6,0.6,6.0,1496.3320243050732,1380.8445258328268,115.48749847224644,0.0,0.20000000000000007,-1.0
2025-03-08,Brentford,Aston Villa,0.0,1.0,A,2425,True,csv,1411,2.0,1.6,0.8,0.4,10.0,1.0,1.2,2.0,0.8,11.0,1508.504058220916,1573.7189382125687,-65.21487999165265,0.3333333333333333,1.0,-1.0
2025-03-08,Brighton & Hove Albion,Fulham,2.0,1.0,H,2425,True,csv,1412,1.8,1.8,1.8,1.6,11.0,1.8,1.2,1.2,2.4,11.0,1558.4673287633004,1542.1949932976604,16.272335465640026,0.3333333333333333,0.0,0.0
2025-03-08,Crystal Palace,Ipswich Town,1.0,0.0,H,2425,True,csv,1413,1.8,2.0,1.0,1.4,11.0,0.2,1.2,2.8,0.4,10.0,1539.370131926649,1420.8182952686334,118.55183665801565,3.0,1.6,1.0
2025-03-08,Liverpool,Southampton,3.0,1.0,H,2425,True,csv,1414,2.2,2.0,1.0,2.6,10.0,0.6,0.8,3.0,0.6,11.0,1751.7543810833768,1305.6023396990486,446.1520413843282,2.3333333333333335,1.6,-1.0
2025-03-08,Nottingham Forest,Manchester City,1.0,0.0,H,2425,True,csv,1415,0.8,2.2,2.2,2.2,10.0,1.8,1.8,1.6,2.0,10.0,1540.7121100076245,1702.8097228299882,-162.09761282236377,0.0,-1.0,0.0
2025-03-08,Wolverhampton Wanderers,Everton,1.0,1.0,D,2425,True,csv,1416,1.2,1.0,1.0,1.2,11.0,1.8,2.2,1.2,1.6,10.0,1437.2258930839182,1506.8253263271502,-69.59943324323194,2.0,-0.6000000000000001,1.0
2025-03-09,Chelsea,Leicester City,1.0,0.0,H,2425,True,csv,1417,1.2,1.6,1.8,2.0,12.0,0.6,0.4,2.6,0.6,10.0,1588.2512897378156,1375.505661668478,212.7456280693375,3.0,0.6,2.0
2025-03-09,Manchester United,Arsenal,1.0,1.0,D,2425,True,csv,1418,1.4,1.2,1.4,1.2,11.0,2.0,1.6,0.4,2.2,11.0,1528.3288681334536,1716.499756316912,-188.17088818345837,0.0,-0.6000000000000001,0.0
2025-03-09,Tottenham Hotspur,Bournemouth,2.0,2.0,D,2425,True,csv,1419,1.8,1.6,0.8,0.8,11.0,1.2,1.8,1.2,1.6,12.0,1520.7723065074822,1539.746108666481,-18.97380215899875,2.0,0.6000000000000001,-1.0
2025-03-10,West Ham United,Newcastle United,0.0,1.0,A,2425,True,csv,1420,1.4,1.0,0.8,1.2,11.0,1.2,1.6,2.4,1.8,12.0,1501.670888469422,1585.995550917301,-84.32466244787906,1.3333333333333333,0.19999999999999996,-1.0
2025-03-15,Bournemouth,Brentford,1.0,2.0,A,2425,True,csv,1421,0.8,1.2,1.6,1.4,6.0,1.4,1.2,0.8,2.6,7.0,1540.9214796770784,1498.6541432618792,42.267336415199225,0.3333333333333333,-0.5999999999999999,-1.0
2025-03-15,Everton,West Ham United,1.0,1.0,D,2425,True,csv,1422,1.4,1.6,1.4,1.6,7.0,1.2,0.8,0.8,1.4,5.0,1506.549102713139,1492.3698668503948,14.179235862744235,1.3333333333333333,0.19999999999999996,2.0
2025-03-15,Ipswich Town,Nottingham Forest,2.0,4.0,A,2425,True,csv,1423,0.2,1.0,2.2,0.6,7.0,1.4,2.4,1.2,1.2,7.0,1415.5481831961388,1553.568951813718,-138.02076861757928,0.0,-1.2,0.0
2025-03-15,Manchester City,Brighton & Hove Albion,2.0,2.0,D,2425,True,csv,1424,1.2,1.2,1.6,2.0,7.0,2.4,2.2,1.8,2.0,7.0,1689.9528810238946,1566.3066337175833,123.64624730631135,2.0,-1.2,0.0
2025-03-15,Southampton,Wolverhampton Wanderers,1.0,2.0,A,2425,True,csv,1425,0.6,0.8,3.0,0.0,7.0,1.4,1.2,1.0,0.8,7.0,1304.5726770689637,1437.5021166979293,-132.9294396289656,0.0,-0.7999999999999999,0.0
2025-03-16,Arsenal,Chelsea,1.0,0.0,H,2425,True,csv,1426,1.6,1.6,0.6,2.0,7.0,1.8,1.6,1.2,0.2,7.0,1712.969416636821,1591.6954748931034,121.27394174371761,1.6666666666666667,-0.19999999999999996,0.0
2025-03-16,Fulham,Tottenham Hotspur,2.0,0.0,H,2425,True,csv,1427,1.8,1.4,1.4,1.0,8.0,2.0,1.8,0.8,1.2,7.0,1534.3556883433776,1519.5969354968847,14.758752846492825,1.3333333333333333,-0.19999999999999996,1.0
2025-03-16,Leicester City,Manchester United,0.0,3.0,A,2425,True,csv,1428,0.0,0.0,2.6,0.0,7.0,1.0,1.2,1.6,1.0,7.0,1372.0614765131902,1531.8592078135446,-159.79773130035437,0.0,-1.0,0.0
2025-04-01,Arsenal,Fulham,2.0,1.0,H,2425,True,csv,1429,1.6,0.8,0.4,2.0,14.0,1.8,1.4,1.2,1.8,14.0,1718.1789340152895,1542.236562724063,175.94237129122644,0.6666666666666666,-0.19999999999999996,0.0
2025-04-01,Nottingham Forest,Manchester United,1.0,0.0,H,2425,True,csv,1430,1.4,1.8,1.6,2.2,14.0,1.6,1.8,1.2,1.6,14.0,1561.3603347545536,1539.063273603121,22.297061151432672,2.0,-0.20000000000000018,0.0
2025-04-01,Wolverhampton Wanderers,West Ham United,1.0,0.0,H,2425,True,csv,1431,1.4,1.2,1.2,0.8,14.0,1.4,0.8,0.6,1.0,14.0,1445.433334217139,1494.4730560523503,-49.03972183521137,0.0,0.0,0.0
2025-04-02,Bournemouth,Ipswich Town,1.0,2.0,A,2425,True,csv,1432,0.8,1.4,1.6,1.2,14.0,0.2,1.2,2.6,0.4,14.0,1528.0601521542276,1407.7568002553032,120.30335189892435,3.0,0.6000000000000001,0.0
2025-04-02,Brighton & Hove Albion,Aston Villa,0.0,3.0,A,2425,True,csv,1433,2.6,2.6,0.8,2.0,14.0,1.6,1.4,1.6,1.4,14.0,1571.1495549520464,1583.5688531716055,-12.419298219559096,1.3333333333333333,1.0,0.0
2025-04-02,Liverpool,Everton,1.0,0.0,H,2425,True,csv,1434,2.6,2.2,0.8,2.6,14.0,1.4,1.4,1.2,1.6,14.0,1752.7840437134616,1504.4459135111836,248.33813020227808,1.3333333333333333,1.2000000000000002,0.0
2025-04-02,Manchester City,Leicester City,2.0,0.0,H,2425,True,csv,1435,1.4,1.4,1.0,2.0,14.0,0.0,0.0,2.4,0.6,14.0,1685.1099597894315,1364.8574107236138,320.2525490658177,3.0,1.4,0.0
2025-04-02,Newcastle United,Brentford,2.0,1.0,H,2425,True,csv,1436,1.2,1.2,2.2,1.8,14.0,2.0,1.6,0.6,3.0,14.0,1595.296572536328,1511.51547078473,83.78110175159804,2.0,-0.8,0.0
2025-04-02,Southampton,Crystal Palace,1.0,1.0,D,2425,True,csv,1437,0.0,0.6,3.2,0.0,14.0,2.4,2.0,0.6,2.6,14.0,1296.641459549754,1544.6402439991436,-247.99878444938963,0.0,-2.4,0.0
2025-04-03,Chelsea,Tottenham Hotspur,1.0,0.0,H,2425,True,csv,1438,1.2,1.2,1.2,2.6,14.0,1.4,1.4,1.2,1.2,14.0,1586.485957514635,1511.7160611161992,74.76989639843578,3.0,-0.19999999999999996,0.0
2025-04-05,Aston Villa,Nottingham Forest,2.0,1.0,H,2425,True,csv,1439,2.0,1.8,1.4,1.8,3.0,2.0,1.8,1.2,1.2,4.0,1594.9298381273964,1569.0349632903005,25.894874837095813,1.0,0.0,-1.0
2025-04-05,Crystal Palace,Brighton & Hove Albion,2.0,1.0,H,2425,True,csv,1440,2.0,1.8,0.8,1.4,3.0,2.0,2.0,1.4,2.0,3.0,1539.7020120250572,1559.7885699962555,-20.086557971198317,1.3333333333333333,0.0,0.0
2025-04-05,Everton,Arsenal,1.0,1.0,D,2425,True,csv,1441,0.8,1.0,1.2,1.8,3.0,1.6,0.8,0.6,1.8,4.0,1501.5473246292909,1722.2696153763243,-220.7222907470334,0.3333333333333333,-0.8,-1.0
2025-04-05,Ipswich Town,Wolverhampton Wanderers,1.0,2.0,A,2425,True,csv,1442,0.6,1.4,2.6,0.0,3.0,2.0,1.2,0.8,1.2,4.0,1422.525729181559,1455.117976657039,-32.59224747548001,3.0,-1.4,-1.0
2025-04-05,West Ham United,Bournemouth,2.0,2.0,D,2425,True,csv,1443,1.4,0.8,0.6,1.2,4.0,0.2,1.0,1.8,1.6,3.0,1484.7884136124503,1513.2912232279718,-28.502809615521528,1.0,1.2,1.0
2025-04-06,Brentford,Chelsea,0.0,0.0,D,2425,True,csv,1444,1.4,1.6,1.0,0.4,4.0,1.8,1.4,0.6,0.2,3.0,1505.4327138950785,1592.7904823880622,-87.35776849298372,1.3333333333333333,-0.40000000000000013,1.0
2025-04-06,Fulham,Liverpool,3.0,2.0,H,2425,True,csv,1445,1.2,1.2,1.4,1.4,5.0,2.6,2.0,0.6,2.2,4.0,1538.1458813630284,1755.6826325953543,-217.53675123232597,0.3333333333333333,-1.4000000000000001,1.0
2025-04-06,Manchester United,Manchester City,0.0,0.0,D,2425,True,csv,1446,1.6,1.8,1.2,1.4,5.0,1.4,1.0,1.0,1.4,4.0,1531.388645067374,1687.1249765578532,-155.7363314904792,1.0,0.20000000000000018,1.0
2025-04-06,Tottenham Hotspur,Southampton,3.0,1.0,H,2425,True,csv,1447,0.8,1.2,1.4,0.8,3.0,0.2,0.6,2.8,0.6,4.0,1505.411536242772,1301.5796915238404,203.8318447189315,2.3333333333333335,0.6000000000000001,-1.0
2025-04-07,Leicester City,Newcastle United,0.0,3.0,A,2425,True,csv,1448,0.0,0.0,2.4,0.0,5.0,1.8,1.4,2.0,1.8,5.0,1362.8423939551922,1601.3793294259797,-238.5369354707875,0.3333333333333333,-1.8,0.0
2025-04-12,Arsenal,Brentford,1.0,1.0,D,2425,True,csv,1449,1.8,1.0,0.6,2.0,7.0,1.0,0.8,1.0,2.4,6.0,1717.9476392909073,1506.2185103817246,211.7291289091827,3.0,0.8,1.0
2025-04-12,Brighton & Hove Albion,Leicester City,2.0,2.0,D,2425,True,csv,1450,1.4,1.4,1.8,1.8,7.0,0.0,0.0,2.2,0.6,5.0,1550.9323439951008,1357.5719489360267,193.3603950590741,1.6666666666666667,1.4,2.0
2025-04-12,Manchester City,Crystal Palace,5.0,2.0,H,2425,True,csv,1451,1.6,1.0,0.6,2.0,6.0,2.6,2.0,0.6,2.6,7.0,1684.437149149129,1548.558238026212,135.8789111229171,1.6666666666666667,-1.0,-1.0
2025-04-12,Nottingham Forest,Everton,0.0,1.0,A,2425,True,csv,1452,2.0,1.4,0.8,2.6,7.0,0.8,0.8,1.0,1.6,7.0,1561.4580498682806,1505.8693007147078,55.588749153572735,1.0,1.2,0.0
2025-04-12,Southampton,Aston Villa,0.0,3.0,A,2425,True,csv,1453,0.2,0.8,2.6,0.2,6.0,2.4,1.8,1.2,1.4,7.0,1297.986743449569,1602.5067515494163,-304.52000809984725,0.0,-2.1999999999999997,-1.0
2025-04-13,Chelsea,Ipswich Town,2.0,2.0,D,2425,True,csv,1454,2.0,1.2,0.2,3.0,7.0,0.6,1.4,2.2,0.8,8.0,1592.004685901416,1411.73850293837,180.26618296304605,0.0,1.4,-1.0
2025-04-13,Liverpool,West Ham United,2.0,1.0,H,2425,True,csv,1455,2.4,2.0,0.8,3.0,7.0,1.0,1.0,1.0,1.0,8.0,1741.4355115486123,1483.8843270027382,257.5511845458741,2.3333333333333335,1.4,-1.0
2025-04-13,Newcastle United,Manchester United,4.0,1.0,H,2425,True,csv,1456,2.4,2.0,1.2,1.8,6.0,1.6,1.4,0.8,1.4,7.0,1606.649774445145,1534.0764724760982,72.57330196904695,2.0,0.7999999999999998,-1.0
2025-04-13,Wolverhampton Wanderers,Tottenham Hotspur,4.0,2.0,H,2425,True,csv,1457,2.0,1.4,1.0,1.4,8.0,0.8,1.0,1.4,1.2,7.0,1465.905202900228,1509.0044843170433,-43.0992814168153,2.3333333333333335,1.2,1.0
2025-04-14,Bournemouth,Fulham,1.0,0.0,H,2425,True,csv,1458,0.4,1.4,2.0,0.6,9.0,1.8,1.8,1.4,1.8,8.0,1514.195309837684,1552.3930024097704,-38.19769257208645,1.3333333333333333,-1.4,1.0
2025-04-16,Newcastle United,Crystal Palace,5.0,0.0,H,2425,True,csv,1459,2.4,2.0,0.8,1.8,3.0,2.0,2.0,1.6,2.0,4.0,1613.0090154161433,1543.6660401891231,69.34297522702013,1.3333333333333333,0.3999999999999999,-1.0
2025-04-19,Aston Villa,Newcastle United,4.0,1.0,H,2425,True,csv,1460,2.4,2.0,1.0,1.8,7.0,3.0,3.0,0.4,1.8,3.0,1606.4391028393516,1619.4491801401334,-13.010077300781859,0.0,-0.6000000000000001,4.0
2025-04-19,Brentford,Brighton & Hove Albion,4.0,2.0,H,2425,True,csv,1461,1.0,0.8,1.0,0.4,7.0,1.0,1.4,2.0,1.4,7.0,1512.75761038223,1544.7064045434247,-31.948794161194655,0.6666666666666666,0.0,0.0
2025-04-19,Crystal Palace,Bournemouth,0.0,0.0,D,2425,True,csv,1462,1.4,1.2,2.4,1.8,3.0,1.0,1.4,1.6,1.6,5.0,1537.225875465133,1523.5686113803044,13.657264084828512,0.3333333333333333,0.3999999999999999,-2.0
2025-04-19,Everton,Manchester City,0.0,2.0,A,2425,True,csv,1463,1.2,0.8,0.8,1.4,7.0,1.6,1.8,1.0,1.4,7.0,1519.0786690163059,1689.3293469862178,-170.25067796991198,0.3333333333333333,-0.40000000000000013,0.0
2025-04-19,West Ham United,Southampton,1.0,1.0,D,2425,True,csv,1464,0.4,0.8,1.4,0.8,6.0,0.2,0.8,2.4,0.6,7.0,1481.1147250923154,1294.054392159634,187.06033293268138,2.3333333333333335,0.2,-1.0
2025-04-20,Fulham,Chelsea,1.0,2.0,A,2425,True,csv,1465,1.2,1.4,1.4,1.8,6.0,1.6,0.8,0.6,0.2,7.0,1543.0197008671498,1586.0149711060715,-42.99527023892165,1.0,-0.40000000000000013,-1.0
2025-04-20,Ipswich Town,Arsenal,0.0,4.0,A,2425,True,csv,1466,0.8,1.4,2.0,0.0,7.0,1.8,1.2,0.8,1.8,8.0,1417.7282177337145,1711.408539290402,-293.68032155668743,0.0,-1.0,-1.0
2025-04-20,Leicester City,Liverpool,0.0,1.0,A,2425,True,csv,1467,0.2,0.4,2.2,0.0,8.0,2.4,2.0,1.0,1.6,7.0,1363.7978883877029,1744.2051134590351,-380.4072250713323,0.0,-2.1999999999999997,1.0
2025-04-20,Manchester United,Wolverhampton Wanderers,0.0,1.0,A,2425,True,csv,1468,1.0,1.0,1.2,1.0,7.0,2.6,2.0,1.0,1.8,7.0,1527.7172315051,1475.4191444359815,52.29808706911854,2.0,-1.6,0.0
2025-04-21,Tottenham Hotspur,Nottingham Forest,1.0,2.0,A,2425,True,csv,1469,0.8,1.4,2.0,1.4,8.0,1.8,1.4,1.0,0.6,9.0,1499.4905427812898,1548.2486815666825,-48.7581387853927,2.0,-1.0,-1.0
2025-04-22,Manchester City,Aston Villa,2.0,1.0,H,2425,True,csv,1470,2.2,2.2,0.8,2.0,3.0,3.0,2.6,0.4,1.8,3.0,1696.2584675076987,1615.0948107578945,81.1636567498042,1.0,-0.7999999999999998,0.0
2025-04-23,Arsenal,Crystal Palace,2.0,2.0,D,2425,True,csv,1471,2.2,1.8,0.6,2.0,3.0,1.0,1.0,2.4,1.4,4.0,1715.5417553189313,1535.13704979363,180.40470552530132,3.0,1.2000000000000002,-1.0
2025-04-26,Brighton & Hove Albion,West Ham United,3.0,2.0,H,2425,True,csv,1472,0.4,1.4,2.6,2.0,7.0,0.6,1.0,1.4,0.8,7.0,1535.5120333841232,1475.0010836274603,60.51094975666297,0.6666666666666666,-0.19999999999999996,0.0
2025-04-26,Chelsea,Everton,1.0,0.0,H,2425,True,csv,1473,1.6,1.0,0.8,2.6,6.0,1.0,0.6,1.0,1.6,7.0,1596.5040161364584,1512.149548494825,84.35446764163339,1.3333333333333333,0.6000000000000001,-1.0
2025-04-26,Newcastle United,Ipswich Town,3.0,0.0,H,2425,True,csv,1474,2.4,3.0,1.2,2.4,7.0,0.8,1.4,2.6,1.0,6.0,1610.7934722215905,1413.595001705185,197.19847051640545,3.0,1.5999999999999999,1.0
2025-04-26,Southampton,Fulham,1.0,2.0,A,2425,True,csv,1475,0.4,0.8,2.0,0.2,7.0,1.2,1.4,1.4,1.2,6.0,1300.1680336244892,1532.530655836763,-232.36262221227366,0.3333333333333333,-0.7999999999999999,1.0
2025-04-26,Wolverhampton Wanderers,Leicester City,3.0,0.0,H,2425,True,csv,1476,3.0,2.0,0.8,2.0,6.0,0.2,0.4,2.2,0.2,6.0,1488.5432988619707,1361.0672824139583,127.47601644801239,1.0,2.8,0.0
2025-04-27,Bournemouth,Manchester United,1.0,1.0,D,2425,True,csv,1477,1.0,1.0,1.2,0.6,8.0,0.8,0.8,1.2,0.8,7.0,1525.6574370518074,1514.5930770791108,11.064359972696593,2.3333333333333335,0.19999999999999996,1.0
2025-04-27,Liverpool,Tottenham Hotspur,5.0,1.0,H,2425,True,csv,1478,2.4,1.8,1.0,3.0,7.0,0.6,1.2,2.0,1.2,6.0,1746.9357194327797,1489.167088878299,257.76863055448075,2.0,1.7999999999999998,1.0
2025-05-01,Nottingham Forest,Brentford,0.0,2.0,A,2425,True,csv,1479,1.8,1.6,1.2,2.0,10.0,1.6,1.6,1.2,2.0,12.0,1558.5721354696734,1521.9519815415315,36.62015392814192,1.3333333333333333,0.19999999999999996,-2.0
2025-05-02,Manchester City,Wolverhampton Wanderers,1.0,0.0,H,2425,True,csv,1480,2.6,2.2,0.6,2.0,10.0,3.0,2.2,0.6,2.4,6.0,1702.4051879003614,1493.6164525586496,208.7887353417118,2.0,-0.3999999999999999,4.0
2025-05-03,Arsenal,Bournemouth,1.0,2.0,A,2425,True,csv,1481,1.8,2.0,1.0,1.6,10.0,1.2,1.0,1.0,1.2,6.0,1709.5494845375865,1523.6400950264185,185.909389511168,2.0,0.6000000000000001,4.0
2025-05-03,Aston Villa,Fulham,1.0,0.0,H,2425,True,csv,1482,2.4,2.6,0.8,2.2,11.0,1.2,1.4,1.6,1.2,7.0,1608.9480903652318,1537.9402148493823,71.00787551584949,3.0,1.2,4.0
2025-05-03,Everton,Ipswich Town,2.0,2.0,D,2425,True,csv,1483,0.8,0.4,1.0,0.8,7.0,0.8,1.0,2.4,0.8,7.0,1506.0807530438335,1409.8881248156565,96.192628228177,3.0,0.0,0.0
2025-05-03,Leicester City,Southampton,2.0,0.0,H,2425,True,csv,1484,0.2,0.4,2.2,0.0,7.0,0.4,0.8,2.0,0.8,7.0,1355.9941287172794,1294.7584746118698,61.235654105409594,1.0,-0.2,0.0
2025-05-04,Brentford,Manchester United,4.0,3.0,H,2425,True,csv,1485,1.6,1.6,1.0,1.0,3.0,0.4,0.4,1.4,1.0,7.0,1534.6633934484678,1516.6104191044997,18.052974343968117,0.3333333333333333,1.2000000000000002,-4.0
2025-05-04,Brighton & Hove Albion,Newcastle United,1.0,1.0,D,2425,True,csv,1486,0.8,1.6,2.6,2.0,8.0,2.4,3.2,1.0,1.2,8.0,1542.176168688637,1614.500349111119,-72.32418042248196,2.3333333333333335,-1.5999999999999999,0.0
2025-05-04,Chelsea,Liverpool,3.0,1.0,H,2425,True,csv,1487,2.2,1.2,0.6,2.6,8.0,2.4,2.2,1.0,1.6,7.0,1602.57281158745,1749.7023360068895,-147.12952441943958,0.3333333333333333,-0.19999999999999973,1.0
2025-05-04,West Ham United,Tottenham Hotspur,1.0,1.0,D,2425,True,csv,1488,0.4,1.2,1.8,1.0,8.0,0.6,1.4,2.6,0.6,7.0,1468.3369483229465,1486.4004723041892,-18.063523981242724,1.3333333333333333,-0.19999999999999996,1.0
2025-05-05,Crystal Palace,Nottingham Forest,1.0,1.0,D,2425,True,csv,1489,1.0,1.2,2.6,2.0,12.0,1.2,0.8,1.2,1.2,4.0,1541.1293205749748,1545.8607235627371,-4.731402987762294,0.6666666666666666,-0.19999999999999996,8.0
2025-05-10,Bournemouth,Aston Villa,0.0,1.0,A,2425,True,csv,1490,1.8,1.2,0.8,0.8,7.0,2.4,2.2,0.8,1.8,7.0,1539.732949334395,1615.346479576758,-75.61353024236291,0.6666666666666666,-0.5999999999999999,0.0
2025-05-10,Fulham,Everton,1.0,3.0,A,2425,True,csv,1491,1.2,1.2,1.4,1.8,7.0,1.0,0.8,1.2,1.0,7.0,1531.5418256378562,1501.8653926238567,29.676433013999485,1.6666666666666667,0.19999999999999996,0.0
2025-05-10,Ipswich Town,Brentford,0.0,1.0,A,2425,True,csv,1492,0.4,1.0,2.6,0.0,7.0,2.2,2.2,1.2,2.0,6.0,1414.1034852356333,1542.45389466882,-128.35040943318677,0.0,-1.8000000000000003,1.0
2025-05-10,Southampton,Manchester City,0.0,0.0,D,2425,True,csv,1493,0.2,0.6,2.2,0.2,7.0,2.6,2.0,0.6,1.4,8.0,1288.1128639074807,1705.9147994308314,-417.8019355233507,0.0,-2.4,-1.0
2025-05-10,Wolverhampton Wanderers,Brighton & Hove Albion,0.0,2.0,A,2425,True,csv,1494,2.4,2.0,0.8,2.0,8.0,1.0,1.8,2.2,0.8,6.0,1490.1068410281796,1542.5307384150178,-52.423897386838235,0.6666666666666666,1.4,2.0
2025-05-11,Liverpool,Arsenal,2.0,2.0,D,2425,True,csv,1495,1.8,2.2,1.6,3.0,7.0,1.2,1.8,1.2,1.8,8.0,1737.2458287222344,1693.45663022961,43.78919849262434,0.6666666666666666,0.6000000000000001,-1.0
2025-05-11,Manchester United,West Ham United,0.0,2.0,A,2425,True,csv,1496,0.4,1.0,2.0,1.0,7.0,0.6,1.4,1.8,0.8,7.0,1508.8199178841473,1467.1357473646542,41.68417051949314,1.0,-0.19999999999999996,0.0
2025-05-11,Newcastle United,Chelsea,2.0,0.0,H,2425,True,csv,1497,2.0,2.8,1.2,3.0,7.0,2.2,1.6,0.8,0.8,7.0,1614.1457793847383,1615.029318872105,-0.883539487366761,1.0,-0.20000000000000018,0.0
2025-05-11,Nottingham Forest,Leicester City,2.0,2.0,D,2425,True,csv,1498,0.8,0.8,1.4,1.4,6.0,0.8,0.8,1.8,0.2,8.0,1547.4381979947423,1362.6397394216685,184.79845857307373,2.0,0.0,-2.0
2025-05-11,Tottenham Hotspur,Crystal Palace,0.0,2.0,A,2425,True,csv,1499,0.8,1.6,2.6,1.4,7.0,0.6,1.0,2.6,1.0,6.0,1487.6016732624814,1539.5518461429697,-51.95017288048825,2.0,0.20000000000000007,1.0
2025-05-16,Aston Villa,Tottenham Hotspur,2.0,0.0,H,2425,True,csv,1500,2.4,2.0,0.6,2.6,6.0,0.2,1.0,2.8,0.2,5.0,1624.8973883313022,1477.370022063183,147.5273662681193,1.0,2.1999999999999997,1.0
2025-05-16,Chelsea,Manchester United,1.0,0.0,H,2425,True,csv,1501,2.0,1.6,1.2,2.6,5.0,0.2,1.0,2.4,0.8,5.0,1606.7145950331435,1495.9740084058117,110.74058662733182,1.3333333333333333,1.8,0.0
2025-05-18,Arsenal,Newcastle United,1.0,0.0,H,2425,True,csv,1502,1.2,2.0,1.4,1.6,7.0,2.0,2.4,1.0,1.4,7.0,1696.3581236522457,1622.4605032236998,73.8976204285459,1.0,-0.8,0.0
2025-05-18,Brentford,Fulham,2.0,3.0,A,2425,True,csv,1503,2.6,2.4,1.2,1.6,8.0,0.6,0.8,1.6,0.6,8.0,1550.511604188524,1519.016561071617,31.495043116907027,1.3333333333333333,2.0,0.0
2025-05-18,Everton,Southampton,2.0,0.0,H,2425,True,csv,1504,1.4,1.2,1.2,0.8,8.0,0.4,0.4,1.6,0.2,8.0,1514.390657190096,1295.8512924982085,218.53936469188739,1.0,0.9999999999999999,0.0
2025-05-18,Leicester City,Ipswich Town,2.0,0.0,H,2425,True,csv,1505,1.0,1.2,1.6,0.6,7.0,0.4,0.8,2.4,1.0,8.0,1368.712449489815,1406.0457757159295,-37.33332622611442,1.0,0.6,-1.0
2025-05-18,West Ham United,Nottingham Forest,1.0,2.0,A,2425,True,csv,1506,1.0,1.4,1.4,1.2,7.0,1.0,1.0,1.4,1.4,7.0,1479.9816568429899,1541.3654879265957,-61.383831083605855,1.0,0.0,0.0
2025-05-19,Brighton & Hove Albion,Liverpool,3.0,2.0,H,2425,True,csv,1507,1.6,2.0,1.8,1.6,9.0,2.0,2.2,1.4,1.4,8.0,1552.748761621776,1734.3443352995987,-181.59557367782259,0.3333333333333333,-0.3999999999999999,1.0
2025-05-20,Crystal Palace,Wolverhampton Wanderers,4.0,2.0,H,2425,True,csv,1508,1.2,1.0,1.6,2.2,9.0,1.8,1.6,1.0,2.4,10.0,1549.7834973422682,1479.8888178214213,69.89467952084692,2.3333333333333335,-0.6000000000000001,-1.0
2025-05-20,Manchester City,Bournemouth,3.0,1.0,H,2425,True,csv,1509,2.6,2.0,0.6,2.6,10.0,1.6,0.8,0.6,1.2,10.0,1698.1763708401036,1530.1820405798508,167.9943302602528,2.0,1.0,0.0
2025-05-25,Bournemouth,Leicester City,2.0,0.0,H,2425,True,csv,1510,1.0,0.8,1.2,0.8,5.0,1.4,1.2,1.2,0.4,7.0,1525.940466866553,1378.0609741936967,147.87949267285626,2.0,-0.3999999999999999,-2.0
2025-05-25,Fulham,Manchester City,0.0,2.0,A,2425,True,csv,1511,1.2,1.4,1.8,1.2,7.0,2.6,1.6,0.4,1.6,5.0,1531.5907663622997,1702.4179445534014,-170.82717819110167,0.0,-1.4000000000000001,2.0
2025-05-25,Ipswich Town,West Ham United,1.0,3.0,A,2425,True,csv,1512,0.2,0.4,2.4,0.0,7.0,1.0,1.4,1.4,0.8,7.0,1396.697251012048,1470.0214864926727,-73.3242354806248,0.0,-0.8,0.0
2025-05-25,Liverpool,Crystal Palace,1.0,1.0,D,2425,True,csv,1513,1.4,2.2,1.8,2.6,6.0,1.8,1.8,1.0,1.0,5.0,1720.980755505831,1556.2098028821933,164.77095262363764,2.0,-0.40000000000000013,1.0
2025-05-25,Manchester United,Aston Villa,2.0,0.0,H,2425,True,csv,1514,0.2,0.8,1.8,1.0,9.0,2.4,1.8,0.6,2.4,9.0,1490.527522316385,1629.546049083185,-139.01852676679982,2.3333333333333335,-2.1999999999999997,0.0
2025-05-25,Newcastle United,Everton,0.0,1.0,A,2425,True,csv,1515,1.4,1.4,1.2,3.0,7.0,1.4,1.4,1.2,1.4,7.0,1616.1342807709846,1517.7407921688275,98.39348860215705,0.6666666666666666,0.0,0.0
2025-05-25,Nottingham Forest,Chelsea,0.0,1.0,A,2425,True,csv,1516,1.6,1.4,1.4,1.4,7.0,2.4,1.4,0.8,0.8,9.0,1551.325658276913,1612.16108112257,-60.83542284565715,1.3333333333333333,-0.7999999999999998,-2.0
2025-05-25,Southampton,Arsenal,1.0,2.0,A,2425,True,csv,1517,0.4,0.4,1.4,0.4,7.0,1.6,2.0,1.2,1.4,7.0,1292.501157519477,1702.684346104961,-410.183188585484,0.6666666666666666,-1.2000000000000002,0.0
2025-05-25,Tottenham Hotspur,Brighton & Hove Albion,1.0,4.0,A,2425,True,csv,1518,0.2,0.6,2.4,0.8,9.0,2.0,2.2,1.8,1.4,6.0,1472.7213613113001,1566.1123414155438,-93.39098010424368,1.0,-1.8,3.0
2025-05-25,Wolverhampton Wanderers,Brentford,1.0,1.0,D,2425,True,csv,1519,1.2,1.2,1.4,2.0,5.0,2.4,2.6,1.6,2.0,7.0,1473.4625122814962,1537.9373988978411,-64.47488661634497,1.0,-1.2,-2.0
2025-08-15,Liverpool,Bournemouth,4.0,2.0,H,2526,True,csv,1520,1.0,2.2,2.0,2.2,14.0,1.4,1.2,1.2,1.2,14.0,1715.2846726421915,1530.5818988753686,184.70277376682293,3.0,-0.3999999999999999,0.0
2025-08-16,Aston Villa,Newcastle United,0.0,0.0,D,2526,True,csv,1521,1.8,1.0,0.8,3.0,14.0,1.4,1.2,0.6,1.4,14.0,1617.310132476862,1601.8669700046169,15.443162472245149,1.0,0.40000000000000013,0.0
2025-08-16,Brighton & Hove Albion,Fulham,1.0,1.0,D,2526,True,csv,1522,2.6,2.6,1.2,1.6,14.0,1.2,1.2,1.8,1.2,14.0,1575.1542198500692,1524.6766664127053,50.477553437363895,1.0,1.4000000000000001,0.0
2025-08-16,Sunderland,West Ham United,3.0,0.0,H,2526,True,csv,1523,,,,,,1.4,1.8,1.4,1.2,14.0,1500.0,1479.638172067996,20.361827932003962,,,
2025-08-16,Tottenham Hotspur,Burnley,3.0,0.0,H,2526,True,csv,1524,0.2,0.6,2.8,0.8,14.0,0.8,1.6,2.0,1.0,14.0,1463.6794828767747,1381.4862713292262,82.19321154754857,3.0,-0.6000000000000001,0.0
2025-08-16,Wolverhampton Wanderers,Manchester City,0.0,4.0,A,2526,True,csv,1525,0.8,1.2,1.6,2.0,14.0,2.6,1.6,0.4,1.6,14.0,1473.5913027501645,1709.3320445029958,-235.74074175283135,0.0,-1.8,0.0
2025-08-17,Chelsea,Crystal Palace,0.0,0.0,D,2526,True,csv,1526,2.4,1.2,0.6,2.6,14.0,1.8,2.0,1.2,1.0,14.0,1622.1370357665276,1561.9058857458328,60.23115002069471,1.6666666666666667,0.5999999999999999,0.0
2025-08-17,Manchester United,Arsenal,0.0,1.0,A,2526,True,csv,1527,0.8,1.2,1.6,1.0,14.0,1.6,1.6,1.4,1.8,14.0,1502.763438922708,1705.0353914992043,-202.27195257649623,0.3333333333333333,-0.8,0.0
2025-08-17,Nottingham Forest,Brentford,3.0,1.0,H,2526,True,csv,1528,1.0,1.0,1.4,0.8,14.0,2.0,2.0,1.4,1.6,14.0,1541.3497036329554,1537.8086084291729,3.541095203782561,1.0,-1.0,0.0
2025-08-18,Leeds United,Everton,1.0,0.0,H,2526,True,csv,1529,0.2,1.2,3.0,0.4,14.0,2.0,1.6,0.8,1.8,14.0,1394.5960398294299,1532.0081029351952,-137.41206310576536,0.3333333333333333,-1.8,0.0
2025-08-22,West Ham United,Chelsea,1.0,5.0,A,2526,True,csv,1530,1.4,1.4,1.4,0.6,6.0,2.0,1.0,0.6,1.4,5.0,1471.9107871777824,1618.8083301076333,-146.89754292985094,0.0,-0.6000000000000001,1.0
2025-08-23,Arsenal,Leeds United,5.0,0.0,H,2526,True,csv,1531,2.0,1.4,1.0,1.6,6.0,0.8,1.2,2.2,0.0,5.0,1711.1549823479777,1406.787985122999,304.3669972249786,3.0,1.2,1.0
2025-08-23,Bournemouth,Wolverhampton Wanderers,1.0,0.0,H,2526,True,csv,1532,1.2,1.4,1.8,1.4,8.0,0.2,0.6,2.4,1.8,7.0,1526.652870248589,1468.2581419685876,58.394728280001345,2.0,1.0,1.0
2025-08-23,Brentford,Aston Villa,1.0,0.0,H,2526,True,csv,1533,1.4,1.8,2.0,1.4,6.0,2.0,0.8,0.4,1.8,7.0,1529.6173471883228,1615.17220045684,-85.55485326851726,0.3333333333333333,-0.6000000000000001,-1.0
2025-08-23,Burnley,Sunderland,2.0,0.0,H,2526,True,csv,1534,0.2,0.8,2.4,1.0,7.0,,,,,7.0,1375.3647552193815,1507.7273848902137,-132.36262967083212,,,0.0
2025-08-23,Manchester City,Tottenham Hotspur,0.0,2.0,A,2526,True,csv,1535,2.6,2.0,0.2,3.0,7.0,0.8,1.0,1.8,0.2,7.0,1714.6652052845727,1469.8009989866193,244.8642062979534,2.0,1.8,0.0
2025-08-24,Crystal Palace,Nottingham Forest,1.0,1.0,D,2526,True,csv,1536,1.8,1.6,0.8,2.2,7.0,1.6,1.6,1.2,2.0,7.0,1565.234591404727,1549.5409648738055,15.69362653092162,0.6666666666666666,0.19999999999999996,0.0
2025-08-24,Everton,Brighton & Hove Albion,2.0,0.0,H,2526,True,csv,1537,2.0,1.6,0.8,1.2,6.0,2.2,2.2,1.0,1.4,8.0,1519.816157641626,1572.0774273559741,-52.261269714348145,1.3333333333333333,-0.20000000000000018,-2.0
2025-08-24,Fulham,Manchester United,1.0,1.0,D,2526,True,csv,1538,0.8,1.0,1.8,1.2,8.0,0.6,1.0,1.6,0.2,7.0,1527.7534589068005,1496.6438480739346,31.109610832865883,1.0,0.20000000000000007,1.0
2025-08-25,Newcastle United,Liverpool,2.0,3.0,A,2526,True,csv,1539,1.0,0.6,0.6,2.4,9.0,1.0,2.0,2.2,1.2,10.0,1604.0049020246388,1719.2137012689711,-115.20879924433234,0.3333333333333333,0.0,-1.0
2025-08-30,Chelsea,Fulham,2.0,0.0,H,2526,True,csv,1540,2.0,1.4,0.6,2.2,8.0,1.0,1.2,1.8,1.4,6.0,1626.3580978986938,1525.189615080484,101.1684828182099,2.0,1.0,2.0
2025-08-30,Leeds United,Newcastle United,0.0,0.0,D,2526,True,csv,1541,0.8,1.0,2.8,1.0,7.0,0.8,0.8,1.0,1.0,5.0,1404.6011161210615,1595.5806981217247,-190.97958200066319,0.6666666666666666,0.0,2.0
2025-08-30,Manchester United,Burnley,3.0,2.0,H,2526,True,csv,1542,0.8,0.6,1.0,0.8,6.0,0.6,1.0,2.2,0.8,7.0,1499.2076919002511,1387.417916560724,111.78977533952707,1.6666666666666667,0.20000000000000007,-1.0
2025-08-30,Sunderland,Brentford,2.0,1.0,H,2526,True,csv,1543,,,,,7.0,1.4,1.2,1.4,1.6,7.0,1495.6742235488712,1540.3515514501503,-44.677327901279114,,,0.0
2025-08-30,Tottenham Hotspur,Bournemouth,0.0,1.0,A,2526,True,csv,1544,1.2,1.2,1.6,1.2,7.0,1.2,1.2,1.6,1.0,7.0,1486.8524935368648,1533.371246810741,-46.5187532738762,1.3333333333333333,0.0,0.0
2025-08-30,Wolverhampton Wanderers,Everton,2.0,3.0,A,2526,True,csv,1545,0.2,0.6,2.4,1.4,7.0,2.4,1.6,0.4,1.8,6.0,1461.5397654064354,1529.5934559072523,-68.05369050081686,1.3333333333333333,-2.1999999999999997,1.0
2025-08-31,Aston Villa,Crystal Palace,0.0,3.0,A,2526,True,csv,1546,1.4,0.6,0.6,2.6,8.0,1.8,1.6,0.8,1.2,7.0,1604.4379961950126,1563.0897810135484,41.348215181464184,0.3333333333333333,-0.40000000000000013,1.0
2025-08-31,Brighton & Hove Albion,Manchester City,2.0,1.0,H,2526,True,csv,1547,2.0,2.0,1.2,1.8,7.0,2.0,1.8,0.6,2.2,8.0,1562.3001290903478,1697.6137107343272,-135.31358164397943,1.3333333333333333,0.0,-1.0
2025-08-31,Liverpool,Arsenal,1.0,0.0,H,2526,True,csv,1548,1.6,2.4,2.0,2.2,6.0,2.6,2.2,0.6,2.2,8.0,1727.6379051718852,1713.3418513499153,14.296053821969963,0.6666666666666666,-1.0,-2.0
2025-08-31,Nottingham Forest,West Ham United,0.0,3.0,A,2526,True,csv,1549,1.6,1.6,1.2,0.8,7.0,1.2,1.4,2.2,1.2,9.0,1551.6857752649842,1464.3610193867219,87.3247558782623,3.0,0.40000000000000013,-2.0
2025-09-13,Arsenal,Nottingham Forest,3.0,0.0,H,2526,True,csv,1550,2.4,1.8,0.4,1.6,13.0,1.4,1.2,1.4,1.6,13.0,1705.4482538879129,1537.6825350183103,167.76571886960255,2.3333333333333335,1.0,0.0
2025-09-13,Bournemouth,Brighton & Hove Albion,2.0,1.0,H,2526,True,csv,1551,1.8,1.4,1.4,2.0,14.0,2.0,2.0,1.4,1.2,13.0,1543.75907366388,1574.4345016631344,-30.675427999254453,1.0,-0.19999999999999996,1.0
2025-09-13,Brentford,Chelsea,2.0,2.0,D,2526,True,csv,1552,0.8,1.2,1.8,2.0,14.0,2.6,1.8,0.2,2.0,14.0,1530.7922876971516,1632.025684072997,-101.23339637584536,0.6666666666666666,-1.8,0.0
2025-09-13,Crystal Palace,Sunderland,0.0,0.0,D,2526,True,csv,1553,1.8,1.8,0.8,1.8,13.0,2.0,1.6666666666666667,1.0,,14.0,1575.9268016346805,1505.23348730187,70.69331433281059,,-0.19999999999999996,-1.0
2025-09-13,Everton,Aston Villa,0.0,0.0,D,2526,True,csv,1554,2.4,1.6,0.6,1.6,14.0,0.8,0.4,1.2,1.2,13.0,1539.3616935706007,1591.6009755738805,-52.23928200327987,0.3333333333333333,1.5999999999999999,1.0
2025-09-13,Fulham,Leeds United,1.0,0.0,H,2526,True,csv,1555,1.0,1.0,1.6,0.8,14.0,0.8,0.6,2.4,0.0,14.0,1519.5220289061808,1408.2020181705147,111.32001073566607,3.0,0.19999999999999996,0.0
2025-09-13,Newcastle United,Wolverhampton Wanderers,1.0,0.0,H,2526,True,csv,1556,0.4,0.4,1.0,1.8,14.0,0.2,1.0,2.6,1.2,14.0,1591.9797960722715,1451.771527743087,140.20826832918442,3.0,0.2,0.0
2025-09-13,West Ham United,Tottenham Hotspur,0.0,3.0,A,2526,True,csv,1557,1.2,1.6,2.2,0.6,13.0,1.2,1.2,1.4,0.8,14.0,1478.3642596333957,1476.464666683726,1.8995929496697954,0.6666666666666666,0.0,-1.0
2025-09-14,Burnley,Liverpool,0.0,1.0,A,2526,True,csv,1558,0.6,1.2,2.0,1.0,14.0,2.0,2.2,1.6,1.2,14.0,1381.9953341905991,1735.5315026338876,-353.5361684432885,0.0,-1.4,0.0
2025-09-14,Manchester City,Manchester United,3.0,0.0,H,2526,True,csv,1559,1.8,2.0,1.0,2.4,14.0,1.4,1.2,1.0,0.4,14.0,1685.4793381615407,1504.630274270376,180.84906389116463,1.3333333333333333,0.40000000000000013,0.0
2025-09-20,Brighton & Hove Albion,Tottenham Hotspur,2.0,2.0,D,2526,True,csv,1560,1.4,1.6,1.4,2.2,7.0,1.8,1.8,1.0,1.4,7.0,1565.2765321418262,1488.227666140897,77.04886600092914,2.0,-0.40000000000000013,0.0
2025-09-20,Burnley,Nottingham Forest,1.0,1.0,D,2526,True,csv,1561,0.6,1.0,1.8,0.8,6.0,0.8,0.8,1.8,1.6,7.0,1378.8791072071574,1533.4365615554743,-154.55745434831692,0.5,-0.20000000000000007,-1.0
2025-09-20,Fulham,Brentford,3.0,1.0,H,2526,True,csv,1562,1.0,0.6,1.2,0.8,7.0,1.0,1.2,1.6,1.4,7.0,1524.9553057976782,1531.9735395603625,-7.018233762684304,2.3333333333333335,0.0,0.0
2025-09-20,Liverpool,Everton,2.0,1.0,H,2526,True,csv,1563,2.6,2.0,1.0,2.2,6.0,2.0,1.2,0.6,1.8,7.0,1738.6477296173293,1539.138359293795,199.5093703235343,1.3333333333333333,0.6000000000000001,-1.0
2025-09-20,Manchester United,Chelsea,2.0,1.0,H,2526,True,csv,1564,1.4,1.2,1.4,1.2,6.0,2.2,2.0,0.6,2.0,7.0,1500.630736008222,1630.844432209786,-130.21369620156406,0.3333333333333333,-0.8000000000000003,-1.0
2025-09-20,West Ham United,Crystal Palace,1.0,2.0,A,2526,True,csv,1565,1.2,1.4,2.4,0.4,7.0,1.4,1.0,0.4,1.8,7.0,1466.6012601762245,1572.3330727902855,-105.73181261406103,1.0,-0.19999999999999996,0.0
2025-09-20,Wolverhampton Wanderers,Leeds United,1.0,3.0,A,2526,True,csv,1566,0.2,0.6,2.0,0.8,7.0,0.8,0.4,2.0,0.0,7.0,1446.9708416135209,1402.7687412790174,44.202100334503484,0.0,-0.6000000000000001,0.0
2025-09-21,Arsenal,Manchester City,1.0,1.0,D,2526,True,csv,1567,2.4,2.2,0.4,2.0,8.0,1.8,2.0,0.8,2.0,7.0,1709.6942273507489,1689.4788764236948,20.215350927054033,1.6666666666666667,0.5999999999999999,1.0
2025-09-21,Bournemouth,Newcastle United,0.0,0.0,D,2526,True,csv,1568,2.4,1.6,1.0,2.0,8.0,1.0,0.6,0.8,0.6,8.0,1552.917043185188,1596.7804822018377,-43.863439016649636,1.6666666666666667,1.4,0.0
2025-09-21,Sunderland,Aston Villa,1.0,1.0,D,2526,True,csv,1569,1.75,1.25,0.75,,8.0,0.4,0.0,1.2,0.8,8.0,1508.8272161462648,1591.8243098506862,-82.99709370442133,,1.35,0.0
2025-09-27,Brentford,Manchester United,3.0,1.0,H,2526,True,csv,1570,0.8,1.2,2.0,2.0,7.0,1.4,1.2,1.6,0.4,7.0,1523.4867658194655,1512.6245788228098,10.862186996655737,1.3333333333333333,-0.5999999999999999,0.0
2025-09-27,Chelsea,Brighton & Hove Albion,1.0,3.0,A,2526,True,csv,1571,1.6,2.0,1.0,2.6,7.0,1.0,1.2,1.6,1.2,7.0,1618.850589395198,1561.5245586312446,57.32603076395344,2.0,0.6000000000000001,0.0
2025-09-27,Crystal Palace,Liverpool,2.0,1.0,H,2526,True,csv,1572,1.8,1.2,0.4,1.4,7.0,3.0,2.2,1.0,1.8,7.0,1581.0243548069768,1742.3146029240854,-161.2902481171086,1.3333333333333333,-1.2,0.0
2025-09-27,Leeds United,Bournemouth,2.0,2.0,D,2526,True,csv,1573,1.4,0.8,1.4,1.2,7.0,2.0,1.2,1.0,1.4,6.0,1415.6811147183967,1552.452929293286,-136.77181457488928,1.5,-0.6000000000000001,1.0
2025-09-27,Manchester City,Burnley,5.0,1.0,H,2526,True,csv,1574,1.4,1.8,1.0,2.4,6.0,0.8,1.0,1.6,0.8,7.0,1691.7474929478726,1381.5354264927118,310.21206645516077,3.0,0.5999999999999999,-1.0
2025-09-27,Nottingham Forest,Sunderland,0.0,1.0,A,2526,True,csv,1575,1.0,1.0,1.8,0.8,7.0,1.6,1.2,0.8,,6.0,1530.7802422699199,1509.4881607395116,21.292081530408268,,-0.6000000000000001,1.0
2025-09-27,Tottenham Hotspur,Wolverhampton Wanderers,1.0,1.0,D,2526,True,csv,1576,2.0,2.0,0.6,0.6,7.0,0.0,0.6,2.4,0.6,7.0,1491.9796396514787,1434.0584681741416,57.92117147733711,0.3333333333333333,2.0,0.0
2025-09-28,Aston Villa,Fulham,3.0,1.0,H,2526,True,csv,1577,0.6,0.2,1.0,2.0,7.0,1.6,1.2,1.0,1.4,8.0,1591.1633652574394,1533.4420795385752,57.72128571886424,3.0,-1.0,-1.0
2025-09-28,Newcastle United,Arsenal,1.0,2.0,A,2526,True,csv,1578,1.2,0.6,0.6,1.8,7.0,2.0,2.0,0.4,2.0,7.0,1597.2445960937398,1707.425610826571,-110.18101473283127,1.0,-0.8,0.0
2025-09-29,Everton,West Ham United,1.0,1.0,D,2526,True,csv,1579,1.4,1.2,1.0,1.6,9.0,0.6,1.0,2.6,1.8,9.0,1535.471485987039,1457.9099781595332,77.5615078275057,0.6666666666666666,0.7999999999999999,0.0
2025-10-03,Bournemouth,Fulham,3.0,1.0,H,2526,True,csv,1580,2.2,1.2,0.6,2.0,6.0,1.4,1.2,1.4,0.8,5.0,1550.278533514462,1526.7063961451918,23.572137369270195,1.3333333333333333,0.8000000000000003,1.0
2025-10-04,Arsenal,West Ham United,2.0,0.0,H,2526,True,csv,1581,2.0,2.2,0.6,2.0,6.0,0.8,1.2,2.2,2.0,5.0,1715.9912452659273,1461.6746225552129,254.31662271071446,2.0,1.2,1.0
2025-10-04,Chelsea,Liverpool,2.0,1.0,H,2526,True,csv,1582,1.4,2.2,1.6,2.0,7.0,2.4,1.6,1.0,1.2,7.0,1605.5964406751255,1729.479116515399,-123.88267584027358,1.0,-1.0,0.0
2025-10-04,Leeds United,Tottenham Hotspur,1.0,2.0,A,2526,True,csv,1583,1.0,1.0,1.8,1.2,7.0,1.6,1.6,0.8,1.6,7.0,1417.8555104972206,1488.7101838806213,-70.85467338340072,0.0,-0.6000000000000001,0.0
2025-10-04,Manchester United,Sunderland,2.0,0.0,H,2526,True,csv,1584,1.4,1.4,2.0,1.8,7.0,1.6,0.8,0.8,1.3333333333333333,7.0,1504.636338001727,1521.7861523361998,-17.14981433447292,,-0.20000000000000018,0.0
2025-10-05,Aston Villa,Burnley,2.0,1.0,H,2526,True,csv,1585,1.0,0.8,1.2,2.0,7.0,0.8,1.2,2.0,0.2,8.0,1597.8990486508228,1379.413236984033,218.4858116667899,2.3333333333333335,0.19999999999999996,-1.0
2025-10-05,Brentford,Manchester City,0.0,1.0,A,2526,True,csv,1586,1.4,1.6,1.6,2.0,8.0,1.4,2.0,1.2,1.6,8.0,1531.4750066405484,1693.8696824565516,-162.3946758160032,0.3333333333333333,0.0,0.0
2025-10-05,Everton,Crystal Palace,2.0,1.0,H,2526,True,csv,1587,1.6,1.4,1.0,1.8,6.0,2.2,1.6,0.6,2.2,8.0,1531.7068415913593,1593.8598412156632,-62.1529996243039,2.3333333333333335,-0.6000000000000001,-2.0
2025-10-05,Newcastle United,Nottingham Forest,2.0,0.0,H,2526,True,csv,1588,1.0,0.8,1.0,1.2,7.0,0.4,0.4,1.8,1.2,8.0,1588.6789616543836,1518.4822506732316,70.19671098115191,3.0,0.6,-1.0
2025-10-05,Wolverhampton Wanderers,Brighton & Hove Albion,1.0,1.0,D,2526,True,csv,1589,0.2,0.8,1.8,0.2,8.0,1.4,1.6,1.6,1.8,8.0,1437.327923944999,1574.7787073513173,-137.45078340631835,0.6666666666666666,-1.2,0.0
2025-10-18,Brighton & Hove Albion,Newcastle United,2.0,1.0,H,2526,True,csv,1590,1.6,1.8,1.4,1.8,13.0,1.6,0.8,0.4,0.8,13.0,1572.585701169439,1595.0976866164237,-22.51198544698468,1.6666666666666667,0.0,0.0
2025-10-18,Burnley,Leeds United,2.0,0.0,H,2526,True,csv,1591,0.2,1.0,2.4,0.8,13.0,1.0,1.2,1.2,0.6,14.0,1376.0622421462915,1408.1678315012095,-32.10558935491804,0.5,-0.8,-1.0
2025-10-18,Crystal Palace,Bournemouth,3.0,3.0,D,2526,True,csv,1592,2.0,1.6,0.8,1.8,13.0,2.2,1.6,0.8,1.4,14.0,1583.7978736983584,1557.9184766419967,25.879397056361768,0.6666666666666666,-0.20000000000000018,-1.0
2025-10-18,Fulham,Arsenal,0.0,1.0,A,2526,True,csv,1593,1.2,1.2,1.8,1.4,14.0,2.0,1.6,0.6,2.0,14.0,1519.066453017657,1718.8055746603607,-199.7391216427036,1.3333333333333333,-0.8,0.0
2025-10-18,Manchester City,Everton,2.0,0.0,H,2526,True,csv,1594,2.0,2.2,0.8,2.4,13.0,1.6,1.4,1.2,1.8,13.0,1701.004990234875,1541.768809108664,159.23618112621102,2.3333333333333335,0.3999999999999999,0.0
2025-10-18,Nottingham Forest,Chelsea,0.0,3.0,A,2526,True,csv,1595,0.2,0.2,2.0,0.8,13.0,1.4,1.6,1.6,1.4,14.0,1512.0635257111915,1617.4146875810077,-105.35116186981622,0.3333333333333333,-1.2,-1.0
2025-10-18,Sunderland,Wolverhampton Wanderers,2.0,0.0,H,2526,True,csv,1596,1.6,0.8,0.8,2.3333333333333335,14.0,0.4,1.0,1.8,0.2,13.0,1513.0132642677868,1439.5209301268771,73.49233414090963,,1.2000000000000002,1.0
2025-10-19,Liverpool,Manchester United,1.0,2.0,A,2526,True,csv,1597,1.8,1.2,1.0,2.2,14.0,1.8,1.6,1.8,0.2,14.0,1717.6608696095168,1513.40922607014,204.2516435393768,1.6666666666666667,0.0,0.0
2025-10-19,Tottenham Hotspur,Aston Villa,1.0,2.0,A,2526,True,csv,1598,1.6,1.6,1.0,0.8,14.0,1.6,1.2,1.2,1.0,14.0,1498.3978628766324,1601.2500434885642,-102.85218061193177,2.0,0.0,0.0
2025-10-20,West Ham United,Brentford,0.0,2.0,A,2526,True,csv,1599,0.8,1.0,1.6,0.2,14.0,0.8,1.4,1.8,0.8,14.0,1458.8602931607795,1524.3396988622249,-65.47940570144533,1.3333333333333333,0.0,0.0
2025-10-24,Leeds United,West Ham United,2.0,1.0,H,2526,True,csv,1600,0.8,1.2,1.6,1.0,6.0,0.2,0.4,2.0,1.4,4.0,1398.9689765413593,1449.0179900602257,-50.04901351886633,1.3333333333333333,0.6000000000000001,2.0
2025-10-25,Brentford,Liverpool,3.0,2.0,H,2526,True,csv,1601,1.4,1.6,1.4,1.4,5.0,1.2,1.2,1.4,1.2,6.0,1534.1820019627787,1701.2467004354646,-167.0646984726859,0.0,0.19999999999999996,-1.0
2025-10-25,Chelsea,Sunderland,1.0,2.0,A,2526,True,csv,1602,1.4,1.8,1.6,2.0,7.0,1.6,0.8,0.6,1.0,7.0,1626.116739498477,1519.3495817255543,106.7671577729227,,-0.20000000000000018,0.0
2025-10-25,Manchester United,Brighton & Hove Albion,4.0,2.0,H,2526,True,csv,1603,1.8,1.4,1.6,2.4,6.0,1.6,1.8,1.4,1.4,7.0,1529.8233952441922,1581.5108772589358,-51.68748201474364,1.0,0.19999999999999996,-1.0
2025-10-25,Newcastle United,Fulham,2.0,1.0,H,2526,True,csv,1604,1.4,1.0,0.8,1.2,7.0,1.2,1.2,1.6,0.8,7.0,1586.172510526927,1512.8847639511084,73.28774657581857,1.0,0.19999999999999996,0.0
2025-10-26,Arsenal,Crystal Palace,1.0,0.0,H,2526,True,csv,1605,2.6,1.8,0.4,2.6,8.0,1.6,1.6,1.4,1.6,8.0,1724.9872637269093,1581.3752064551886,143.6120572717207,2.3333333333333335,1.0,0.0
2025-10-26,Aston Villa,Manchester City,1.0,0.0,H,2526,True,csv,1606,2.2,1.6,0.8,2.0,7.0,2.6,2.4,0.4,2.0,8.0,1610.022875002464,1705.4175004916137,-95.3946254891498,1.0,-0.3999999999999999,-1.0
2025-10-26,Bournemouth,Nottingham Forest,2.0,0.0,H,2526,True,csv,1607,1.8,2.0,1.4,2.6,8.0,0.2,0.2,2.0,1.0,8.0,1560.3411438851665,1503.361473793722,56.979670091444405,1.6666666666666667,1.6,0.0
2025-10-26,Everton,Tottenham Hotspur,0.0,3.0,A,2526,True,csv,1608,1.0,0.8,1.2,2.2,8.0,1.6,1.8,1.2,2.0,7.0,1537.3562988519254,1489.6250313627327,47.73126748919276,1.3333333333333333,-0.6000000000000001,1.0
2025-10-26,Wolverhampton Wanderers,Burnley,2.0,3.0,A,2526,True,csv,1609,0.4,0.6,1.6,0.4,8.0,0.8,1.0,1.8,0.0,8.0,1433.1846126691096,1385.2610971061417,47.92351556296785,1.3333333333333333,-0.4,0.0
2025-11-01,Brighton & Hove Albion,Leeds United,3.0,0.0,H,2526,True,csv,1610,1.6,2.0,1.8,2.2,7.0,1.4,1.6,1.6,0.6,8.0,1571.7500851180102,1408.6826424181977,163.06744269981255,1.6666666666666667,0.20000000000000018,-1.0
2025-11-01,Burnley,Arsenal,0.0,2.0,A,2526,True,csv,1611,1.4,1.6,2.0,1.4,6.0,2.6,1.4,0.4,2.4,6.0,1398.2711878594255,1729.7168292844094,-331.44564142498393,0.3333333333333333,-1.2000000000000002,0.0
2025-11-01,Crystal Palace,Brentford,2.0,0.0,H,2526,True,csv,1612,1.4,1.6,1.6,1.8,6.0,1.8,1.8,1.4,0.8,7.0,1576.6456408976885,1547.1695969587645,29.476043938924022,1.0,-0.40000000000000013,-1.0
2025-11-01,Fulham,Wolverhampton Wanderers,3.0,0.0,H,2526,True,csv,1613,0.6,1.2,2.0,1.4,7.0,0.4,1.0,2.0,0.2,6.0,1506.5433472788625,1420.1745219158258,86.36882536303665,1.0,0.19999999999999996,1.0
2025-11-01,Liverpool,Aston Villa,2.0,0.0,H,2526,True,csv,1614,0.6,1.4,2.0,2.0,7.0,2.6,1.8,0.8,1.0,6.0,1688.2591054394788,1621.0381045253998,67.22100091407901,1.6666666666666667,-2.0,1.0
2025-11-01,Nottingham Forest,Manchester United,2.0,2.0,D,2526,True,csv,1615,0.2,0.2,1.8,0.6,6.0,2.4,2.2,1.4,0.8,7.0,1496.6067062348825,1539.5841873851177,-42.977481150235235,3.0,-2.1999999999999997,-1.0
2025-11-01,Tottenham Hotspur,Chelsea,0.0,1.0,A,2526,True,csv,1616,1.6,1.8,1.2,0.8,6.0,1.2,1.6,1.6,2.0,7.0,1502.6300892906725,1611.6543477291837,-109.0242584385112,0.0,0.40000000000000013,-1.0
2025-11-02,Manchester City,Bournemouth,3.0,1.0,H,2526,True,csv,1617,2.0,1.8,0.6,2.4,7.0,1.8,2.0,1.2,1.0,7.0,1694.4022709686778,1567.095911444006,127.30635952467173,2.0,0.19999999999999996,0.0
2025-11-02,West Ham United,Newcastle United,3.0,1.0,H,2526,True,csv,1618,0.2,0.6,1.8,0.0,9.0,1.4,1.2,1.0,0.6,8.0,1439.3043241833873,1592.513927199173,-153.20960301578566,1.0,-1.2,1.0
2025-11-03,Sunderland,Everton,1.0,1.0,D,2526,True,csv,1619,2.0,1.2,0.8,2.5,9.0,0.8,0.8,1.8,1.2,8.0,1533.8119734948477,1524.3512409239856,9.460732570862092,,1.2,1.0
2025-11-08,Chelsea,Wolverhampton Wanderers,3.0,0.0,H,2526,True,csv,1620,1.8,1.6,1.2,1.4,7.0,0.4,0.8,2.0,0.2,7.0,1620.2526067558708,1414.1546322102568,206.09797454561408,2.0,1.4,0.0
2025-11-08,Everton,Fulham,2.0,0.0,H,2526,True,csv,1621,1.0,0.8,1.6,1.6,5.0,0.6,1.2,1.8,0.2,7.0,1526.3242642916405,1512.5632369844316,13.761027307208906,1.6666666666666667,0.4,-2.0
2025-11-08,Sunderland,Arsenal,2.0,2.0,D,2526,True,csv,1622,2.0,1.2,0.8,2.2,5.0,3.0,1.6,0.2,2.4,7.0,1531.838950127193,1733.182402245372,-201.34345211817913,,-1.0,-2.0
2025-11-08,Tottenham Hotspur,Manchester United,2.0,2.0,D,2526,True,csv,1623,1.4,1.4,1.0,0.8,7.0,2.0,2.2,1.6,1.0,7.0,1494.0318302639853,1540.0737432008038,-46.04191293681856,2.3333333333333335,-0.6000000000000001,0.0
2025-11-08,West Ham United,Burnley,3.0,2.0,H,2526,True,csv,1624,0.8,1.0,1.6,0.6,6.0,1.2,1.4,2.2,0.6,7.0,1451.9245495122245,1394.8056148984629,57.11893461376167,1.6666666666666667,-0.3999999999999999,-1.0
2025-11-09,Aston Villa,Bournemouth,4.0,0.0,H,2526,True,csv,1625,2.4,1.6,1.0,2.0,8.0,1.6,2.2,1.8,1.0,7.0,1614.5444886500338,1562.019059058189,52.52542959184484,2.3333333333333335,0.7999999999999998,1.0
2025-11-09,Brentford,Newcastle United,3.0,1.0,H,2526,True,csv,1626,1.8,1.6,1.2,2.0,8.0,1.2,1.4,1.6,0.6,7.0,1539.6894608793057,1579.8937018703357,-40.20424099103002,1.0,0.6000000000000001,1.0
2025-11-09,Crystal Palace,Brighton & Hove Albion,0.0,0.0,D,2526,True,csv,1627,1.4,1.6,1.4,1.8,8.0,2.0,2.2,1.4,0.8,8.0,1584.1257769771473,1576.0872174394958,8.038559537651508,2.0,-0.6000000000000001,0.0
2025-11-09,Manchester City,Liverpool,3.0,0.0,H,2526,True,csv,1628,2.4,2.2,0.6,2.4,7.0,0.6,1.4,1.8,1.2,8.0,1699.479123354495,1694.7527213148448,4.726402039650111,0.3333333333333333,1.7999999999999998,-1.0
2025-11-09,Nottingham Forest,Leeds United,3.0,1.0,H,2526,True,csv,1629,0.2,0.4,2.0,0.8,8.0,0.8,1.0,2.0,0.6,8.0,1496.1171504191964,1404.3455100967121,91.77164032248425,1.5,-0.6000000000000001,0.0
2025-11-22,Bournemouth,West Ham United,2.0,2.0,D,2526,True,csv,1630,1.4,1.8,2.2,2.6,13.0,1.2,1.4,1.8,0.8,14.0,1555.1491170578622,1458.6757313237993,96.47338573406296,1.0,0.19999999999999996,-1.0
2025-11-22,Brighton & Hove Albion,Brentford,2.0,1.0,H,2526,True,csv,1631,1.6,1.6,1.2,2.2,13.0,1.8,1.6,1.2,0.6,13.0,1578.0208692644926,1549.1203088904622,28.90056037403042,0.6666666666666666,-0.19999999999999996,0.0
2025-11-22,Burnley,Chelsea,0.0,2.0,A,2526,True,csv,1632,1.2,1.6,1.8,1.4,14.0,2.4,2.0,0.6,2.0,14.0,1388.0544330868881,1623.807265767953,-235.75283268106477,0.3333333333333333,-1.2,0.0
2025-11-22,Fulham,Sunderland,1.0,0.0,H,2526,True,csv,1633,0.6,1.0,1.6,2.0,14.0,1.6,1.4,1.2,1.4,14.0,1504.6549187145515,1535.6966354214235,-31.041716706871966,,-1.0,0.0
2025-11-22,Liverpool,Nottingham Forest,0.0,3.0,A,2526,True,csv,1634,0.6,1.2,2.0,2.4,13.0,0.8,1.0,2.0,0.4,13.0,1686.5944393557193,1502.0069841085117,184.58745524720757,1.3333333333333333,-0.20000000000000007,0.0
2025-11-22,Newcastle United,Manchester City,2.0,1.0,H,2526,True,csv,1635,1.2,1.4,1.8,1.8,13.0,2.4,1.8,0.4,1.4,13.0,1570.4628538591792,1707.6374053136205,-137.17455145444137,0.3333333333333333,-1.2,0.0
2025-11-22,Wolverhampton Wanderers,Crystal Palace,0.0,2.0,A,2526,True,csv,1636,0.2,0.6,2.4,0.2,14.0,1.0,1.2,1.2,1.4,13.0,1410.5999731981747,1582.1921251521505,-171.59215195397587,0.3333333333333333,-0.8,1.0
2025-11-23,Arsenal,Tottenham Hotspur,4.0,1.0,H,2526,True,csv,1637,2.6,1.6,0.4,2.6,14.0,1.4,1.6,1.2,2.6,14.0,1729.3247169511415,1493.6303002237667,235.6944167273748,3.0,1.2000000000000002,0.0
2025-11-23,Leeds United,Aston Villa,1.0,2.0,A,2526,True,csv,1638,0.6,0.8,2.2,1.6,14.0,2.4,1.8,0.8,1.0,14.0,1398.4556764073968,1621.4144306503606,-222.95875424296378,0.3333333333333333,-1.7999999999999998,0.0
2025-11-24,Manchester United,Everton,0.0,1.0,A,2526,True,csv,1639,2.2,2.4,1.4,2.4,14.0,1.4,1.0,1.4,0.8,14.0,1540.4752732410225,1534.2325825615205,6.242690679501948,2.3333333333333335,0.8000000000000003,0.0
2025-11-29,Brentford,Burnley,3.0,1.0,H,2526,True,csv,1640,1.8,1.8,1.4,2.0,7.0,1.2,1.4,1.8,0.6,7.0,1541.6246543502523,1382.7215445124432,158.9031098378091,2.0,0.6000000000000001,0.0
2025-11-29,Everton,Newcastle United,1.0,4.0,A,2526,True,csv,1641,1.4,0.8,1.2,1.6,5.0,1.2,1.4,2.0,0.4,7.0,1546.1164284550746,1582.648290494217,-36.531862039142425,1.6666666666666667,0.19999999999999996,-2.0
2025-11-29,Manchester City,Leeds United,3.0,2.0,H,2526,True,csv,1642,1.8,1.8,0.8,3.0,7.0,0.6,0.8,2.2,0.6,6.0,1695.4519686785827,1392.829853048998,302.62211562958464,3.0,1.2000000000000002,1.0
2025-11-29,Sunderland,Bournemouth,3.0,2.0,H,2526,True,csv,1643,1.6,1.4,1.0,1.8,7.0,1.0,1.6,2.4,1.0,7.0,1526.528197087089,1550.9271139591092,-24.39891687202021,,0.6000000000000001,0.0
2025-11-29,Tottenham Hotspur,Fulham,1.0,2.0,A,2526,True,csv,1644,0.8,1.4,1.8,0.4,6.0,1.2,1.0,1.0,0.0,7.0,1490.546616944262,1513.823357048886,-23.27674010462397,0.3333333333333333,-0.3999999999999999,-1.0
2025-11-30,Aston Villa,Wolverhampton Wanderers,1.0,0.0,H,2526,True,csv,1645,2.4,1.8,0.8,2.4,7.0,0.0,0.4,2.6,0.2,8.0,1627.0402540087593,1403.7057807068347,223.33447330192462,2.0,2.4,-1.0
2025-11-30,Chelsea,Arsenal,1.0,1.0,D,2526,True,csv,1646,2.4,2.0,0.4,1.8,8.0,2.6,2.0,0.6,2.0,7.0,1629.1401543423979,1732.408400230646,-103.2682458882482,0.3333333333333333,-0.20000000000000018,1.0
2025-11-30,Crystal Palace,Manchester United,1.0,2.0,A,2526,True,csv,1647,1.6,1.4,0.8,1.8,8.0,1.6,2.0,1.6,1.0,6.0,1589.0863176434905,1528.5914273474684,60.49489029602205,2.3333333333333335,0.0,2.0
2025-11-30,Nottingham Forest,Brighton & Hove Albion,0.0,2.0,A,2526,True,csv,1648,1.4,1.6,1.6,0.8,8.0,2.0,1.8,1.2,1.0,8.0,1518.0758592485774,1585.5165238047025,-67.44066455612506,1.3333333333333333,-0.6000000000000001,0.0
2025-11-30,West Ham United,Liverpool,0.0,2.0,A,2526,True,csv,1649,1.4,1.8,1.8,1.2,8.0,0.6,1.0,2.2,0.6,8.0,1462.8977344225523,1670.5255642156535,-207.62782979310123,0.3333333333333333,0.7999999999999999,0.0
2025-12-02,Bournemouth,Everton,0.0,1.0,A,2526,True,csv,1650,0.8,1.4,2.4,2.2,3.0,1.4,1.0,1.6,1.4,3.0,1541.9482242080535,1535.4419865627403,6.506237645313149,3.0,-0.5999999999999999,0.0
2025-12-02,Fulham,Manchester City,4.0,5.0,A,2526,True,csv,1651,1.8,1.4,1.0,2.4,3.0,1.8,2.0,1.2,0.8,3.0,1524.8764187235222,1697.6584784502518,-172.78205972672959,0.0,0.0,0.0
2025-12-02,Newcastle United,Tottenham Hotspur,2.0,2.0,D,2526,True,csv,1652,1.8,2.0,1.8,2.4,3.0,0.8,1.4,1.8,2.0,3.0,1593.3227323865513,1479.4935552696259,113.8291771169254,3.0,1.0,0.0
2025-12-03,Arsenal,Brentford,2.0,0.0,H,2526,True,csv,1653,2.2,2.0,0.8,2.6,3.0,1.8,2.0,1.6,0.6,4.0,1731.1694385034518,1546.0437617722848,185.125676731167,2.3333333333333335,0.40000000000000013,-1.0
2025-12-03,Brighton & Hove Albion,Aston Villa,3.0,4.0,A,2526,True,csv,1654,2.0,1.8,1.0,2.6,3.0,2.4,1.6,0.6,1.6,3.0,1595.302396998517,1630.3141104818662,-35.01171348334924,1.3333333333333333,-0.3999999999999999,0.0
2025-12-03,Burnley,Crystal Palace,0.0,1.0,A,2526,True,csv,1655,0.6,1.2,2.4,0.8,4.0,1.4,1.0,0.6,1.8,3.0,1378.3024370904106,1575.7508637460228,-197.44842665561214,0.3333333333333333,-0.7999999999999999,1.0
2025-12-03,Leeds United,Chelsea,3.0,1.0,H,2526,True,csv,1656,0.6,1.2,2.4,1.0,4.0,2.0,1.6,0.6,2.0,3.0,1390.623343277329,1630.379116069592,-239.7557727922631,1.0,-1.4,1.0
2025-12-03,Liverpool,Sunderland,1.0,1.0,D,2526,True,csv,1657,1.2,1.2,1.8,1.8,3.0,1.6,1.6,1.4,1.4,4.0,1676.515001328582,1535.5070868381447,141.00791449043732,,-0.40000000000000013,-1.0
2025-12-03,Wolverhampton Wanderers,Nottingham Forest,0.0,1.0,A,2526,True,csv,1658,0.0,0.4,2.4,0.2,3.0,1.4,1.6,1.4,0.8,3.0,1400.4319242337278,1508.289986054763,-107.85806182103511,0.6666666666666666,-1.4,0.0
2025-12-04,Manchester United,West Ham United,1.0,1.0,D,2526,True,csv,1659,1.6,2.0,1.6,2.4,4.0,1.4,1.8,1.8,1.0,4.0,1541.926881244936,1456.9082973096238,85.01858393531234,1.0,0.20000000000000018,0.0
2025-12-06,Aston Villa,Arsenal,2.0,1.0,H,2526,True,csv,1660,2.4,2.2,1.2,3.0,3.0,2.2,2.2,0.8,2.2,3.0,1641.0320936183903,1735.0907869267437,-94.05869330835344,1.3333333333333333,0.19999999999999973,0.0
2025-12-06,Bournemouth,Chelsea,0.0,0.0,D,2526,True,csv,1661,0.2,1.0,2.6,1.6,4.0,2.0,1.6,0.8,1.8,3.0,1530.0570630694444,1615.6223725036486,-85.56530943420421,0.3333333333333333,-1.8,1.0
2025-12-06,Everton,Nottingham Forest,3.0,0.0,H,2526,True,csv,1662,2.0,1.2,1.0,1.4,4.0,2.0,1.8,1.0,1.4,3.0,1547.3331477013494,1516.9211667568343,30.411980944515108,2.0,0.0,1.0
2025-12-06,Leeds United,Liverpool,3.0,3.0,D,2526,True,csv,1663,0.6,1.4,2.4,1.4,3.0,1.4,1.0,1.4,0.6,3.0,1405.3800868432725,1671.2989136876058,-265.91882684433335,1.0,-0.7999999999999999,0.0
2025-12-06,Manchester City,Sunderland,3.0,0.0,H,2526,True,csv,1664,2.4,3.0,1.8,3.0,4.0,1.2,1.4,1.4,1.4,3.0,1704.5217592487406,1540.7231744791209,163.79858476961977,,1.2,1.0
2025-12-06,Newcastle United,Burnley,2.0,1.0,H,2526,True,csv,1665,1.4,2.0,2.0,2.0,4.0,0.0,0.6,2.2,0.6,3.0,1588.699039915146,1372.0642876853601,216.63475222978582,3.0,1.4,1.0
2025-12-06,Tottenham Hotspur,Brentford,2.0,0.0,H,2526,True,csv,1666,0.4,1.2,2.2,0.4,4.0,1.2,1.4,1.6,0.6,3.0,1484.1172477410312,1542.122413348993,-58.00516560796177,3.0,-0.7999999999999999,1.0
2025-12-07,Brighton & Hove Albion,West Ham United,1.0,1.0,D,2526,True,csv,1667,2.0,2.0,1.0,2.0,4.0,1.6,1.8,1.6,0.6,3.0,1584.584413861993,1460.8556504354167,123.72876342657628,1.6666666666666667,0.3999999999999999,1.0
2025-12-07,Fulham,Crystal Palace,1.0,2.0,A,2526,True,csv,1668,1.8,2.0,1.6,1.8,5.0,2.0,1.2,0.4,1.8,4.0,1518.0131379250333,1581.9890131510733,-63.97587522603999,1.3333333333333333,-0.19999999999999996,1.0
2025-12-08,Wolverhampton Wanderers,Manchester United,1.0,4.0,A,2526,True,csv,1669,0.0,0.0,2.0,0.2,5.0,1.2,1.4,1.4,1.6,4.0,1391.8007435316565,1537.9795281191432,-146.1787845874867,2.0,-1.2,1.0
2025-12-13,Arsenal,Wolverhampton Wanderers,2.0,1.0,H,2526,True,csv,1670,1.6,2.0,1.2,2.6,7.0,0.0,0.2,2.2,0.2,5.0,1724.1136269831504,1384.2315203827893,339.8821066003611,3.0,1.6,2.0
2025-12-13,Burnley,Fulham,2.0,3.0,A,2526,True,csv,1671,0.0,0.8,2.2,0.8,7.0,1.2,1.6,2.0,0.6,6.0,1368.6834634019258,1508.1275678179197,-139.44410441599393,2.0,-1.2,1.0
2025-12-13,Chelsea,Everton,2.0,0.0,H,2526,True,csv,1672,1.6,1.4,0.8,1.4,7.0,2.4,1.6,0.8,1.4,7.0,1614.8878689121452,1554.7880730361453,60.09979587599992,2.3333333333333335,-0.7999999999999998,0.0
2025-12-13,Liverpool,Brighton & Hove Albion,2.0,0.0,H,2526,True,csv,1673,1.0,1.2,2.0,1.4,7.0,1.6,1.6,1.2,1.6,6.0,1665.9806956147293,1579.7396748627202,86.24102075200904,2.0,-0.6000000000000001,1.0
2025-12-14,Brentford,Leeds United,1.0,1.0,D,2526,True,csv,1674,1.2,1.4,1.6,2.4,8.0,0.8,2.0,2.4,0.6,8.0,1532.1798286672545,1410.698304916149,121.48152375110544,1.3333333333333333,0.3999999999999999,0.0
2025-12-14,Crystal Palace,Manchester City,0.0,3.0,A,2526,True,csv,1675,2.0,1.2,0.6,1.6,7.0,2.4,3.0,1.6,1.4,8.0,1591.874583258187,1708.8446130385448,-116.97002978035789,0.3333333333333333,-0.3999999999999999,-1.0
2025-12-14,Nottingham Forest,Tottenham Hotspur,3.0,0.0,H,2526,True,csv,1676,1.8,1.4,1.2,0.8,8.0,1.0,1.6,2.0,1.6,8.0,1509.4662414220384,1494.0598324227697,15.406408999268706,2.0,0.8,0.0
2025-12-14,Sunderland,Newcastle United,1.0,0.0,H,2526,True,csv,1677,1.0,1.2,1.8,1.8,8.0,2.0,2.2,1.6,0.8,8.0,1536.4003206893167,1592.0798641985803,-55.67954350926357,,-1.0,0.0
2025-12-14,West Ham United,Aston Villa,2.0,3.0,A,2526,True,csv,1678,1.2,1.4,1.6,1.2,7.0,3.0,2.6,1.0,2.0,8.0,1465.7003894346894,1652.0092535619835,-186.3088641272941,0.6666666666666666,-1.8,-1.0
2025-12-15,Manchester United,Bournemouth,4.0,4.0,D,2526,True,csv,1679,1.6,1.8,1.2,2.0,7.0,0.4,0.8,2.0,0.4,9.0,1545.5487512680106,1530.7915666609479,14.757184607062754,0.6666666666666666,1.2000000000000002,-2.0
2025-12-20,Bournemouth,Burnley,1.0,1.0,D,2526,True,csv,1680,0.6,1.6,2.0,1.6,5.0,0.0,0.8,2.2,0.6,7.0,1532.9106491696514,1360.931013553072,171.97963561657934,3.0,0.6,-2.0
2025-12-20,Brighton & Hove Albion,Sunderland,0.0,0.0,D,2526,True,csv,1681,1.4,1.6,1.6,2.0,7.0,1.4,1.0,1.4,0.8,6.0,1573.7166889149455,1546.275974364843,27.440714550102484,,0.0,1.0
2025-12-20,Everton,Arsenal,0.0,1.0,A,2526,True,csv,1682,1.8,1.2,1.2,1.8,7.0,2.0,2.0,1.0,1.6,7.0,1548.1134165054425,1725.9329308466222,-177.81951434117968,0.6666666666666666,-0.19999999999999996,0.0
2025-12-20,Leeds United,Crystal Palace,4.0,1.0,H,2526,True,csv,1683,1.0,2.0,2.0,1.4,6.0,1.8,1.2,1.2,1.8,6.0,1415.4933897951325,1583.4997730087534,-168.0063832136209,0.3333333333333333,-0.8,0.0
2025-12-20,Manchester City,West Ham United,3.0,0.0,H,2526,True,csv,1684,2.4,3.0,1.6,3.0,6.0,0.6,1.2,1.8,0.6,6.0,1717.2194232879783,1459.183726774985,258.03569651299335,3.0,1.7999999999999998,0.0
2025-12-20,Newcastle United,Chelsea,2.0,2.0,D,2526,True,csv,1685,2.0,2.0,1.2,2.6,6.0,1.6,1.2,0.8,2.0,7.0,1582.204210523054,1621.562525442848,-39.35831491979411,1.0,0.3999999999999999,-1.0
2025-12-20,Tottenham Hotspur,Liverpool,1.0,2.0,A,2526,True,csv,1686,0.8,1.2,2.2,0.8,6.0,1.6,1.6,1.4,0.8,7.0,1486.19675492169,1672.003681562504,-185.80692664081403,0.0,-0.8,-1.0
2025-12-20,Wolverhampton Wanderers,Brentford,0.0,2.0,A,2526,True,csv,1687,0.0,0.4,2.0,0.2,7.0,0.8,1.0,1.6,0.6,6.0,1382.4122165193176,1527.384743788271,-144.9725272689534,0.3333333333333333,-0.8,1.0
2025-12-21,Aston Villa,Manchester United,2.0,1.0,H,2526,True,csv,1688,3.0,2.4,1.4,3.0,7.0,1.6,2.2,1.6,2.2,6.0,1658.525916221688,1543.429668759307,115.09624746238092,0.3333333333333333,1.4,1.0
2025-12-22,Fulham,Nottingham Forest,1.0,0.0,H,2526,True,csv,1689,1.8,2.2,2.0,1.2,9.0,1.8,1.4,1.0,1.2,8.0,1515.8800176667735,1517.329318923118,-1.4493012563445973,2.0,0.0,1.0
2025-12-26,Manchester United,Newcastle United,1.0,0.0,H,2526,True,csv,1690,1.6,2.4,1.8,1.6,5.0,1.6,2.0,1.4,0.6,6.0,1538.081985469973,1581.6107931057415,-43.528807635768544,1.0,0.0,-1.0
2025-12-27,Arsenal,Brighton & Hove Albion,2.0,1.0,H,2526,True,csv,1691,2.0,1.4,0.8,3.0,7.0,1.0,1.2,1.4,1.0,7.0,1732.6660884908958,1571.251767201923,161.41432128897281,1.6666666666666667,1.0,0.0
2025-12-27,Brentford,Bournemouth,4.0,1.0,H,2526,True,csv,1692,1.4,1.2,1.2,2.0,7.0,0.6,1.4,1.8,0.4,7.0,1534.9866618488038,1527.0760590059842,7.910602842819571,3.0,0.7999999999999999,0.0
2025-12-27,Burnley,Everton,0.0,0.0,D,2526,True,csv,1693,0.2,1.0,2.0,0.6,7.0,1.2,1.0,1.4,1.4,7.0,1366.7656037167392,1541.3802588611688,-174.61465514442966,1.0,-1.0,0.0
2025-12-27,Chelsea,Aston Villa,1.0,2.0,A,2526,True,csv,1694,1.2,1.2,1.2,2.0,7.0,3.0,2.4,1.4,2.4,6.0,1622.1559428601604,1663.8735995110221,-41.71765665086173,1.3333333333333333,-1.8,1.0
2025-12-27,Liverpool,Wolverhampton Wanderers,2.0,1.0,H,2526,True,csv,1695,2.2,2.0,1.0,1.4,7.0,0.0,0.4,2.0,0.0,7.0,1678.5330445894301,1374.8102984587847,303.7227461306454,3.0,2.2,0.0
2025-12-27,Nottingham Forest,Manchester City,1.0,2.0,A,2526,True,csv,1696,1.2,0.8,1.2,1.4,5.0,3.0,3.4,1.2,1.8,7.0,1508.998769311446,1719.9823769856473,-210.98360767420127,1.0,-1.8,-2.0
2025-12-27,West Ham United,Fulham,0.0,1.0,A,2526,True,csv,1697,0.4,0.8,2.0,1.2,7.0,1.8,2.2,2.0,1.2,5.0,1456.420773077316,1524.2105672784455,-67.78979420112955,1.3333333333333333,-1.4,2.0
2025-12-28,Crystal Palace,Tottenham Hotspur,0.0,1.0,A,2526,True,csv,1698,1.2,1.0,2.0,1.0,8.0,0.8,1.2,1.8,1.4,8.0,1570.487513396043,1479.6673918947638,90.82012150127912,2.0,0.3999999999999999,0.0
2025-12-28,Sunderland,Leeds United,1.0,1.0,D,2526,True,csv,1699,1.6,1.0,1.2,2.2,8.0,1.6,2.6,1.8,0.2,8.0,1548.7408960778655,1428.505649407843,120.23524667002243,,0.0,0.0
2025-12-30,Arsenal,Aston Villa,4.0,1.0,H,2526,True,csv,1700,2.4,1.6,0.8,3.0,3.0,3.0,2.6,1.6,2.4,3.0,1737.035630352817,1674.3993225077531,62.63630784506381,1.3333333333333333,-0.6000000000000001,0.0
2025-12-30,Burnley,Newcastle United,1.0,3.0,A,2526,True,csv,1701,0.4,0.8,1.4,0.2,3.0,1.0,1.2,1.4,0.6,4.0,1369.949800546241,1572.0845172841082,-202.13471673786717,0.0,-0.6,-1.0
2025-12-30,Chelsea,Bournemouth,2.0,2.0,D,2526,True,csv,1702,1.0,1.2,1.4,1.4,3.0,0.6,1.2,2.0,0.2,3.0,1611.6302198634294,1519.006165392522,92.62405447090737,1.6666666666666667,0.4,0.0
2025-12-30,Manchester United,Wolverhampton Wanderers,1.0,1.0,D,2526,True,csv,1703,1.6,2.2,1.6,1.6,4.0,0.0,0.6,2.2,0.0,3.0,1547.6082612916064,1372.6161955475832,174.9920657440232,1.0,1.6,1.0
2025-12-30,Nottingham Forest,Everton,0.0,2.0,A,2526,True,csv,1704,1.2,1.0,1.2,1.4,3.0,1.4,0.8,0.6,1.6,3.0,1503.090068338055,1538.196062031667,-35.105993693611936,1.0,-0.19999999999999996,0.0
2025-12-30,West Ham United,Brighton & Hove Albion,2.0,2.0,D,2526,True,csv,1705,0.4,0.8,1.8,1.2,3.0,0.4,1.0,1.8,0.8,3.0,1446.644943815571,1566.882225340002,-120.23728152443095,0.6666666666666666,0.0,0.0
2026-01-01,Brentford,Tottenham Hotspur,0.0,0.0,D,2526,True,csv,1706,1.4,1.4,1.2,2.6,5.0,1.4,1.2,1.4,1.4,4.0,1543.056555462266,1493.7547722995128,49.30178316275328,0.0,0.0,1.0
2026-01-01,Crystal Palace,Fulham,1.0,1.0,D,2526,True,csv,1707,1.2,0.8,1.8,0.8,4.0,1.8,2.0,1.8,1.8,5.0,1556.400132991294,1533.9863965401905,22.413736451103432,2.0,-0.6000000000000001,-1.0
2026-01-01,Liverpool,Leeds United,0.0,0.0,D,2526,True,csv,1708,2.2,2.0,1.2,2.0,5.0,1.8,2.4,1.4,0.4,4.0,1680.7271475006314,1433.273063774475,247.45408372615634,1.3333333333333333,0.40000000000000013,1.0
2026-01-01,Sunderland,Manchester City,0.0,0.0,D,2526,True,csv,1709,1.2,0.6,1.0,1.8,4.0,3.0,3.2,1.0,1.8,5.0,1543.9734817112335,1725.8910779590383,-181.9175962478048,0.0,-1.8,-1.0
2026-01-03,Aston Villa,Nottingham Forest,3.0,1.0,H,2526,True,csv,1710,2.4,2.0,1.8,3.0,4.0,0.6,0.8,1.6,1.2,4.0,1667.789441240208,1492.3747848680314,175.41465637217652,2.0,1.7999999999999998,0.0
2026-01-03,Bournemouth,Arsenal,2.0,3.0,A,2526,True,csv,1711,0.8,1.6,2.2,1.2,4.0,2.4,2.0,1.0,1.6,4.0,1523.1367008538637,1743.6455116203622,-220.50881076649853,2.0,-1.5999999999999999,0.0
2026-01-03,Brighton & Hove Albion,Burnley,2.0,0.0,H,2526,True,csv,1712,0.6,0.8,1.4,1.6,4.0,0.4,1.0,1.8,0.8,4.0,1565.1656227260585,1363.8268539872856,201.33876873877284,0.6666666666666666,0.19999999999999996,0.0
2026-01-03,Wolverhampton Wanderers,West Ham United,3.0,0.0,H,2526,True,csv,1713,0.2,0.8,2.2,0.0,4.0,0.4,1.0,2.0,0.6,4.0,1378.5076847491823,1448.3615464295144,-69.8538616803321,1.0,-0.2,0.0
2026-01-04,Everton,Brentford,2.0,4.0,A,2526,True,csv,1714,1.4,1.0,0.6,1.2,5.0,1.6,1.4,0.8,0.6,3.0,1548.9113455016907,1540.010432527443,8.900912974247603,1.6666666666666667,-0.20000000000000018,2.0
2026-01-04,Fulham,Liverpool,2.0,2.0,D,2526,True,csv,1715,2.0,1.4,1.0,1.8,3.0,2.2,1.8,1.0,1.4,3.0,1536.3149443524514,1673.6383722157939,-137.32342786334243,1.3333333333333333,-0.20000000000000018,0.0
2026-01-04,Leeds United,Manchester United,1.0,1.0,D,2526,True,csv,1716,1.4,1.8,1.2,2.0,3.0,1.6,2.2,1.6,1.6,5.0,1440.3618390593126,1541.7167720900072,-101.35493303069461,0.3333333333333333,-0.20000000000000018,-2.0
2026-01-04,Manchester City,Chelsea,1.0,1.0,D,2526,True,csv,1717,2.6,2.2,0.2,3.0,3.0,1.2,1.4,1.2,1.6,5.0,1722.5192807884112,1607.4996844020877,115.01959638632343,2.3333333333333335,1.4000000000000001,-2.0
2026-01-04,Newcastle United,Crystal Palace,2.0,0.0,H,2526,True,csv,1718,1.4,1.4,1.2,2.2,5.0,0.8,0.8,2.0,1.8,3.0,1578.2074638430636,1554.071585179033,24.135878664030542,1.3333333333333333,0.5999999999999999,2.0
2026-01-04,Tottenham Hotspur,Sunderland,1.0,1.0,D,2526,True,csv,1719,1.4,0.8,1.0,0.8,3.0,1.2,0.4,0.8,1.0,3.0,1496.8008952343357,1547.3452788818606,-50.54438364752491,,0.19999999999999996,0.0
2026-01-06,West Ham United,Nottingham Forest,1.0,2.0,A,2526,True,csv,1720,0.2,0.8,2.4,0.8,3.0,0.6,1.0,1.6,1.2,3.0,1438.0780055131854,1488.2742097337796,-50.196204220594154,1.0,-0.39999999999999997,0.0
2026-01-07,Bournemouth,Tottenham Hotspur,3.0,2.0,H,2526,True,csv,1721,0.6,2.0,2.8,0.6,4.0,1.0,0.6,1.2,1.0,3.0,1517.4536789155898,1496.5288078919143,20.92487102367545,2.3333333333333335,-0.4,1.0
2026-01-07,Brentford,Sunderland,3.0,0.0,H,2526,True,csv,1722,2.2,2.2,0.8,2.2,3.0,1.4,0.6,0.4,0.6,3.0,1551.9679653271664,1547.617366224282,4.350599102884416,0.0,0.8000000000000003,0.0
2026-01-07,Burnley,Manchester United,2.0,2.0,D,2526,True,csv,1723,0.4,0.8,1.8,0.2,4.0,1.2,1.6,1.6,1.6,3.0,1360.1914110451103,1540.532071074372,-180.3406600292617,0.3333333333333333,-0.7999999999999999,1.0
2026-01-07,Crystal Palace,Aston Villa,0.0,0.0,D,2526,True,csv,1724,0.2,0.4,2.2,0.4,3.0,2.4,2.2,1.8,2.4,4.0,1546.446958197168,1671.8900163744597,-125.44305817729173,2.3333333333333335,-2.1999999999999997,-1.0
2026-01-07,Everton,Wolverhampton Wanderers,1.0,1.0,D,2526,True,csv,1725,0.8,0.8,1.4,1.2,3.0,0.8,1.2,1.4,0.2,4.0,1536.9538127019673,1388.7912256655113,148.162587036456,2.3333333333333335,0.0,-1.0
2026-01-07,Fulham,Chelsea,2.0,1.0,H,2526,True,csv,1726,2.2,1.6,1.0,1.4,3.0,1.2,1.6,1.4,1.2,3.0,1538.504460954995,1612.150272250053,-73.64581129505791,1.0,1.0000000000000002,0.0
2026-01-07,Manchester City,Brighton & Hove Albion,1.0,1.0,D,2526,True,csv,1727,2.2,1.8,0.4,2.6,3.0,1.0,1.0,1.2,1.0,4.0,1717.868692940446,1568.8010656682338,149.06762727221212,0.3333333333333333,1.2000000000000002,-1.0
2026-01-07,Newcastle United,Leeds United,4.0,3.0,H,2526,True,csv,1728,1.4,1.4,1.0,2.2,3.0,1.4,1.4,0.8,0.6,3.0,1585.8320908249286,1441.5465400749479,144.28555074998076,1.0,0.0,0.0
2026-01-08,Arsenal,Liverpool,0.0,0.0,D,2526,True,csv,1729,3.0,2.4,1.0,3.0,5.0,2.2,1.6,0.8,1.6,4.0,1749.328533558636,1671.4488556132503,77.87967794538577,0.6666666666666666,0.7999999999999998,1.0
2026-01-17,Chelsea,Brentford,2.0,0.0,H,2526,True,csv,1730,0.6,1.4,1.8,1.6,10.0,2.6,2.6,0.6,1.2,10.0,1601.7577160593305,1560.1366989554256,41.62101710390493,1.6666666666666667,-2.0,0.0
2026-01-17,Leeds United,Fulham,1.0,0.0,H,2526,True,csv,1731,1.2,1.8,1.4,1.6,10.0,2.2,1.4,0.8,2.0,10.0,1436.8309603305904,1548.8970171457174,-112.06605681512701,0.0,-1.0000000000000002,0.0
2026-01-17,Liverpool,Burnley,1.0,1.0,D,2526,True,csv,1732,1.8,1.2,0.8,1.6,9.0,0.6,0.8,1.6,0.2,10.0,1675.2213570946785,1363.5229191162152,311.6984379784633,3.0,1.2000000000000002,-1.0
2026-01-17,Manchester United,Manchester City,2.0,0.0,H,2526,True,csv,1733,1.2,1.2,1.2,1.2,10.0,1.8,1.4,0.6,2.0,10.0,1537.200563003267,1712.4857918592136,-175.28522885594657,1.3333333333333333,-0.6000000000000001,0.0
2026-01-17,Nottingham Forest,Arsenal,0.0,0.0,D,2526,True,csv,1734,0.6,0.8,1.8,1.2,11.0,2.6,2.0,0.8,1.6,9.0,1498.55631079028,1745.5560320772079,-246.99972128692798,0.3333333333333333,-2.0,2.0
2026-01-17,Sunderland,Crystal Palace,2.0,1.0,H,2526,True,csv,1735,0.8,0.4,1.0,1.8,10.0,0.4,0.4,1.6,1.8,10.0,1539.448632596023,1548.308596011001,-8.85996341497821,1.0,0.4,0.0
2026-01-17,Tottenham Hotspur,West Ham United,1.0,2.0,A,2526,True,csv,1736,1.0,1.0,1.2,1.0,10.0,0.2,0.6,2.2,0.6,11.0,1488.816786025254,1427.795904456685,61.02088156856894,2.3333333333333335,0.8,-1.0
2026-01-18,Aston Villa,Everton,0.0,1.0,A,2526,True,csv,1737,2.0,1.6,1.4,3.0,11.0,1.0,1.0,1.2,2.0,11.0,1670.0283785606266,1531.5894388052561,138.43893975537048,2.3333333333333335,1.0,0.0
2026-01-18,Wolverhampton Wanderers,Newcastle United,0.0,0.0,D,2526,True,csv,1738,1.0,1.2,1.2,0.6,11.0,2.0,2.2,1.4,1.2,11.0,1394.1555995622225,1590.547670569286,-196.39207100706358,0.0,-1.0,0.0
2026-01-19,Brighton & Hove Albion,Bournemouth,1.0,1.0,D,2526,True,csv,1739,1.2,1.2,1.0,1.6,12.0,1.0,1.8,2.4,0.4,12.0,1574.1839667494662,1525.16570078225,49.018265967216166,2.0,0.19999999999999996,0.0
2026-01-24,Bournemouth,Liverpool,3.0,2.0,H,2526,True,csv,1740,1.0,1.8,2.4,1.0,5.0,1.4,1.0,0.8,1.8,7.0,1528.2044187786425,1667.3273699856682,-139.1229512070256,0.0,-0.3999999999999999,-2.0
2026-01-24,Burnley,Tottenham Hotspur,2.0,2.0,D,2526,True,csv,1741,0.6,0.8,1.6,0.4,7.0,1.0,1.0,1.2,1.0,7.0,1371.4169062252256,1475.4678839624419,-104.05097773721627,0.0,-0.4,0.0
2026-01-24,Fulham,Brighton & Hove Albion,2.0,1.0,H,2526,True,csv,1742,1.6,1.2,1.0,1.4,7.0,1.2,1.4,1.2,1.0,5.0,1537.409553818546,1571.1452487530737,-33.7356949345276,1.3333333333333333,0.40000000000000013,2.0
2026-01-24,Manchester City,Wolverhampton Wanderers,2.0,0.0,H,2526,True,csv,1743,1.2,0.8,1.0,2.2,7.0,1.2,1.2,0.8,0.4,6.0,1699.2842619560777,1397.8913186687562,301.3929432873215,3.0,0.0,1.0
2026-01-24,West Ham United,Sunderland,3.0,1.0,H,2526,True,csv,1744,0.8,1.0,1.8,0.2,7.0,1.2,0.8,1.2,0.6,7.0,1441.1448065194973,1547.9872428384979,-106.84243631900063,0.0,-0.3999999999999999,0.0
2026-01-25,Arsenal,Manchester United,2.0,3.0,A,2526,True,csv,1745,2.2,1.8,0.8,2.6,8.0,1.8,1.4,0.8,1.6,8.0,1740.6395739931584,1550.402092906403,190.23748108675545,2.3333333333333335,0.40000000000000013,0.0
2026-01-25,Brentford,Nottingham Forest,0.0,2.0,A,2526,True,csv,1746,2.0,2.2,1.0,2.2,8.0,0.8,0.8,1.6,1.2,8.0,1552.9809378652315,1503.4727688743294,49.50816899090205,1.0,1.2,0.0
2026-01-25,Crystal Palace,Chelsea,1.0,3.0,A,2526,True,csv,1747,0.4,0.4,1.2,0.4,8.0,1.0,1.4,1.4,0.6,8.0,1539.769985768526,1608.9134771495246,-69.14349138099851,1.0,-0.6,0.0
2026-01-25,Newcastle United,Aston Villa,0.0,2.0,A,2526,True,csv,1748,2.0,1.8,1.0,2.2,7.0,1.4,1.2,1.4,2.0,7.0,1586.8119514627524,1654.866321799976,-68.05437033722365,1.3333333333333333,0.6000000000000001,0.0
2026-01-26,Everton,Leeds United,1.0,1.0,D,2526,True,csv,1749,1.6,1.2,1.0,0.8,8.0,1.2,1.2,1.2,0.6,9.0,1546.7514955659067,1448.3184236577617,98.43307190814494,1.3333333333333333,0.40000000000000013,-1.0
2026-01-31,Brighton & Hove Albion,Everton,1.0,1.0,D,2526,True,csv,1750,1.2,1.4,1.2,1.2,7.0,1.6,1.4,1.2,2.0,5.0,1561.8997595330272,1542.4832530114165,19.4165065216107,1.0,-0.40000000000000013,2.0
2026-01-31,Chelsea,West Ham United,3.0,2.0,H,2526,True,csv,1751,1.6,1.8,1.2,1.6,6.0,1.4,1.6,1.8,1.0,7.0,1618.6503670521997,1452.4849300763522,166.16543697584757,3.0,0.20000000000000018,-1.0
2026-01-31,Leeds United,Arsenal,0.0,4.0,A,2526,True,csv,1752,1.2,1.2,1.2,2.2,5.0,1.6,1.8,1.2,1.6,6.0,1452.5866662122519,1724.468986104049,-271.8823198917971,0.0,-0.40000000000000013,-1.0
2026-01-31,Liverpool,Newcastle United,4.0,1.0,H,2526,True,csv,1753,0.8,1.0,1.2,1.8,7.0,2.0,1.8,1.2,1.4,6.0,1655.0885982528132,1577.0437333561574,78.04486489665578,2.3333333333333335,-1.2,1.0
2026-01-31,Wolverhampton Wanderers,Bournemouth,0.0,2.0,A,2526,True,csv,1754,1.2,1.0,0.8,0.8,7.0,1.6,2.2,2.0,0.6,7.0,1395.6708804480243,1540.4431905114975,-144.77231006347324,1.0,-0.40000000000000013,0.0
2026-02-01,Aston Villa,Brentford,0.0,1.0,A,2526,True,csv,1755,1.4,1.2,1.2,2.4,7.0,1.4,1.4,1.2,1.2,7.0,1664.634539906571,1539.9294268332192,124.70511307335187,2.0,0.0,0.0
2026-02-01,Manchester United,Fulham,3.0,2.0,H,2526,True,csv,1756,1.8,1.8,1.2,1.8,7.0,1.6,1.4,1.2,2.0,8.0,1566.5726807955123,1546.6550430385926,19.917637756919703,2.3333333333333335,0.19999999999999996,-1.0
2026-02-01,Nottingham Forest,Crystal Palace,1.0,1.0,D,2526,True,csv,1757,1.4,1.0,1.2,0.8,7.0,0.4,0.6,1.6,1.2,7.0,1516.5242799063417,1530.033095865851,-13.50881595950932,1.6666666666666667,0.9999999999999999,0.0
2026-02-01,Tottenham Hotspur,Manchester City,2.0,2.0,D,2526,True,csv,1758,0.6,1.2,1.6,0.8,8.0,1.2,0.8,0.8,2.0,8.0,1474.2067454527298,1701.5047001768096,-227.29795472407977,2.0,-0.6,0.0
2026-02-02,Sunderland,Burnley,3.0,0.0,H,2526,True,csv,1759,1.0,0.8,1.6,2.2,9.0,0.6,1.2,2.0,0.4,9.0,1536.647119281643,1372.6780447349377,163.96907454670531,0.0,0.4,0.0
2026-02-06,Leeds United,Nottingham Forest,3.0,1.0,H,2526,True,csv,1760,1.0,1.2,2.0,1.6,6.0,1.6,1.2,1.0,1.2,5.0,1448.0268554515358,1515.194085978666,-67.16723052713019,1.0,-0.6000000000000001,1.0
2026-02-07,Arsenal,Sunderland,3.0,0.0,H,2526,True,csv,1761,1.6,1.8,1.0,2.0,7.0,1.4,1.4,1.6,0.4,5.0,1729.0287968647651,1540.9666484623012,188.0621484024639,1.0,0.20000000000000018,2.0
2026-02-07,Bournemouth,Aston Villa,1.0,1.0,D,2526,True,csv,1762,2.0,2.2,1.6,1.6,7.0,1.4,1.0,0.6,2.0,6.0,1548.0505406345128,1649.7683244674658,-101.71778383295305,0.3333333333333333,0.6000000000000001,1.0
2026-02-07,Burnley,West Ham United,0.0,2.0,A,2526,True,csv,1763,0.6,1.0,2.0,0.6,5.0,1.2,1.6,2.0,0.8,7.0,1368.3585155542794,1448.2080650067355,-79.84954945245613,0.3333333333333333,-0.6,-2.0
2026-02-07,Fulham,Everton,1.0,2.0,A,2526,True,csv,1764,1.4,1.6,1.6,2.0,6.0,1.2,1.2,1.4,1.6,7.0,1538.9155301180483,1544.7300489433444,-5.814518825296091,0.3333333333333333,0.19999999999999996,-1.0
2026-02-07,Manchester United,Tottenham Hotspur,2.0,0.0,H,2526,True,csv,1765,2.2,2.2,1.4,2.2,6.0,0.6,1.6,2.0,1.0,6.0,1574.3121937160565,1478.681364228885,95.63082948717147,0.3333333333333333,1.6,0.0
2026-02-07,Newcastle United,Brentford,2.0,3.0,A,2526,True,csv,1766,1.4,1.4,1.8,2.0,7.0,1.8,1.6,1.2,1.8,6.0,1570.8203119245816,1554.7956422723244,16.024669652257217,1.0,-0.40000000000000013,1.0
2026-02-07,Wolverhampton Wanderers,Chelsea,1.0,3.0,A,2526,True,csv,1767,1.0,0.8,1.0,0.8,7.0,2.0,2.0,1.2,1.2,7.0,1388.063530325009,1622.9272321218164,-234.8637017968074,0.0,-1.0,0.0
2026-02-08,Brighton & Hove Albion,Crystal Palace,0.0,1.0,A,2526,True,csv,1768,1.2,1.2,1.0,1.4,8.0,0.4,0.6,1.6,0.8,7.0,1559.6529636010994,1531.3632897935267,28.289673807572626,0.3333333333333333,0.7999999999999999,1.0
2026-02-08,Liverpool,Manchester City,1.0,2.0,A,2526,True,csv,1769,1.2,1.8,1.4,2.2,8.0,1.2,1.2,1.2,1.6,7.0,1661.312019684389,1697.0300814006544,-35.71806171626531,2.0,0.0,1.0
2026-02-10,Chelsea,Leeds United,2.0,2.0,D,2526,True,csv,1770,2.4,2.4,1.2,2.0,3.0,1.4,1.6,2.0,0.8,4.0,1628.2801615661476,1458.2331156712369,170.04704589491075,1.0,1.0,-1.0
2026-02-10,Everton,Bournemouth,1.0,2.0,A,2526,True,csv,1771,1.8,1.2,0.8,1.0,3.0,2.2,2.0,1.2,1.2,3.0,1556.2771096937577,1549.2455374792914,7.031572214466223,1.0,-0.40000000000000013,0.0
2026-02-10,Tottenham Hotspur,Newcastle United,1.0,2.0,A,2526,True,csv,1772,0.4,1.4,2.2,1.0,3.0,0.8,1.4,2.4,0.8,3.0,1472.8834189898732,1558.6664135232018,-85.78299453332852,0.3333333333333333,-0.4,0.0
2026-02-10,West Ham United,Manchester United,1.0,1.0,D,2526,True,csv,1773,1.8,2.0,1.4,0.8,3.0,2.6,2.4,1.2,1.6,3.0,1457.6373698332754,1580.1101389550684,-122.47276912179291,2.3333333333333335,-0.8,0.0
2026-02-11,Aston Villa,Brighton & Hove Albion,1.0,0.0,H,2526,True,csv,1774,1.0,0.6,0.6,1.8,4.0,0.6,0.8,1.2,0.4,3.0,1648.5733276226872,1547.1651053688252,101.40822225386205,2.3333333333333335,0.4,1.0
2026-02-11,Crystal Palace,Burnley,2.0,3.0,A,2526,True,csv,1775,1.0,0.8,1.2,0.4,3.0,0.6,1.0,2.0,0.4,4.0,1543.851148025801,1358.9292107277395,184.9219372980615,3.0,0.4,-1.0
2026-02-11,Manchester City,Fulham,3.0,0.0,H,2526,True,csv,1776,1.6,1.4,1.2,2.2,3.0,1.2,1.4,1.6,1.4,4.0,1707.7278360787782,1527.368469367635,180.35936671114314,3.0,0.40000000000000013,-1.0
2026-02-11,Nottingham Forest,Wolverhampton Wanderers,0.0,0.0,D,2526,True,csv,1777,1.6,1.2,1.0,1.0,5.0,0.4,0.4,1.6,0.4,4.0,1504.9878257589648,1382.7106008806777,122.27722487828714,2.3333333333333335,1.2000000000000002,1.0
2026-02-11,Sunderland,Liverpool,0.0,1.0,A,2526,True,csv,1778,1.2,1.2,2.0,2.2,4.0,1.0,1.6,1.4,1.2,3.0,1537.0983152841768,1650.6142650062652,-113.51594972208841,1.0,0.19999999999999996,1.0
2026-02-12,Brentford,Arsenal,1.0,1.0,D,2526,True,csv,1779,1.8,1.4,1.2,1.6,5.0,1.6,1.8,0.6,2.0,5.0,1566.9495406737042,1732.8971300428896,-165.94758936918538,0.3333333333333333,0.19999999999999996,0.0
2026-02-18,Wolverhampton Wanderers,Arsenal,2.0,2.0,D,2526,True,csv,1780,0.4,0.2,1.4,0.8,7.0,1.6,2.0,0.8,2.2,6.0,1387.5233026543867,1729.9388462002112,-342.41554354582445,0.0,-1.2000000000000002,1.0
2026-02-21,Aston Villa,Leeds United,1.0,1.0,D,2526,True,csv,1781,1.4,0.8,0.6,1.8,10.0,1.6,1.4,1.6,0.8,11.0,1654.2353103822145,1464.030898259131,190.20441212308356,2.3333333333333335,-0.20000000000000018,-1.0
2026-02-21,Brentford,Brighton & Hove Albion,0.0,2.0,A,2526,True,csv,1782,1.4,1.0,1.4,1.6,9.0,0.4,0.6,1.2,0.4,10.0,1569.9078245163826,1541.5031226092979,28.4047019070847,1.3333333333333333,0.9999999999999999,-1.0
2026-02-21,Chelsea,Burnley,1.0,1.0,D,2526,True,csv,1783,2.6,2.6,1.2,1.6,11.0,1.0,1.2,2.0,1.0,10.0,1622.4823789782536,1375.004163676584,247.47821530166948,2.3333333333333335,1.6,1.0
2026-02-21,Manchester City,Newcastle United,2.0,1.0,H,2526,True,csv,1784,2.0,1.8,1.0,2.2,10.0,0.8,1.0,2.0,1.4,11.0,1711.736401744232,1567.9256785404693,143.81072320376256,1.3333333333333333,1.2,-1.0
2026-02-21,West Ham United,Bournemouth,0.0,0.0,D,2526,True,csv,1785,2.0,2.0,1.2,1.0,11.0,2.2,1.8,1.0,1.6,11.0,1459.4163491998163,1561.1512740056348,-101.73492480581854,1.0,-0.20000000000000018,0.0
2026-02-22,Crystal Palace,Wolverhampton Wanderers,1.0,0.0,H,2526,True,csv,1786,0.8,1.2,1.8,0.4,11.0,0.4,0.6,1.8,0.6,4.0,1527.7761950769564,1394.2349372390422,133.54125783791415,2.3333333333333335,0.4,7.0
2026-02-22,Nottingham Forest,Liverpool,0.0,1.0,A,2526,True,csv,1787,1.2,0.8,0.8,0.6,11.0,1.4,1.8,1.4,1.6,11.0,1500.1751239852558,1659.0860192826465,-158.91089529739065,2.3333333333333335,-0.19999999999999996,0.0
2026-02-22,Sunderland,Fulham,1.0,3.0,A,2526,True,csv,1788,1.2,1.2,1.6,1.6,11.0,0.6,1.0,2.0,0.8,11.0,1528.6265610077955,1523.3599037021813,5.266657305614217,0.0,0.6,0.0
2026-02-22,Tottenham Hotspur,Arsenal,1.0,4.0,A,2526,True,csv,1789,0.4,1.2,2.0,0.4,12.0,1.6,2.4,1.2,1.8,4.0,1463.6241539726057,1723.2272116155557,-259.60305764295003,0.0,-1.2000000000000002,8.0
2026-02-23,Everton,Manchester United,0.0,1.0,A,2526,True,csv,1790,1.6,1.2,1.0,0.4,13.0,2.6,2.2,1.0,1.2,13.0,1544.3713731674143,1578.3311595885275,-33.95978642111322,1.3333333333333333,-1.0,0.0
2026-02-27,Wolverhampton Wanderers,Aston Villa,2.0,0.0,H,2526,True,csv,1791,0.4,0.6,1.6,1.0,5.0,1.6,1.0,0.6,1.6,6.0,1389.2928395073254,1648.0653119196747,-258.7724724123493,1.0,-1.2000000000000002,-1.0
2026-02-28,Bournemouth,Sunderland,1.0,1.0,D,2526,True,csv,1792,2.2,1.6,0.8,1.6,7.0,0.6,1.0,2.0,0.4,6.0,1559.9557908520883,1516.7698249209109,43.18596593117741,0.0,1.6,1.0
2026-02-28,Burnley,Brentford,3.0,4.0,A,2526,True,csv,1793,1.0,1.2,2.0,0.6,7.0,1.4,1.0,1.4,2.4,7.0,1382.0932844841848,1557.4168606835572,-175.32357619937238,1.0,-0.3999999999999999,0.0
2026-02-28,Leeds United,Manchester City,0.0,1.0,A,2526,True,csv,1794,1.2,1.4,1.8,2.0,7.0,2.6,2.2,0.8,1.6,7.0,1470.2008967216707,1716.461838815565,-246.2609420938943,0.0,-1.4000000000000001,0.0
2026-02-28,Liverpool,West Ham United,5.0,2.0,H,2526,True,csv,1795,1.8,1.8,1.2,1.6,6.0,1.6,1.6,1.0,1.2,7.0,1666.313631649929,1460.6118323533628,205.70179929656615,3.0,0.19999999999999996,-1.0
2026-02-28,Newcastle United,Everton,2.0,3.0,A,2526,True,csv,1796,0.6,1.2,2.4,1.4,7.0,1.0,1.0,1.2,2.2,5.0,1563.2002414691362,1533.62327585189,29.576965617246287,1.3333333333333333,-0.4,2.0
2026-03-01,Arsenal,Chelsea,2.0,1.0,H,2526,True,csv,1797,2.2,2.8,0.8,2.0,7.0,2.2,2.4,1.4,1.6,8.0,1728.0406196650874,1615.3932581706529,112.64736149443456,1.6666666666666667,0.0,-1.0
2026-03-01,Brighton & Hove Albion,Nottingham Forest,2.0,1.0,H,2526,True,csv,1798,0.8,0.8,1.0,1.2,8.0,1.0,0.8,1.0,1.2,7.0,1553.9940864421233,1492.9475116179733,61.04657482414996,1.3333333333333333,-0.19999999999999996,1.0
2026-03-01,Fulham,Tottenham Hotspur,2.0,1.0,H,2526,True,csv,1799,1.2,1.6,2.0,2.0,7.0,0.4,1.2,2.4,1.0,7.0,1535.216639789066,1458.810745923074,76.40589386599208,2.3333333333333335,0.7999999999999999,0.0
2026-03-01,Manchester United,Crystal Palace,2.0,1.0,H,2526,True,csv,1800,2.6,2.0,1.0,2.6,6.0,1.4,1.2,1.4,0.8,7.0,1589.0792569040518,1532.7182928086731,56.36096409537868,1.3333333333333333,1.2000000000000002,-1.0
2026-03-03,Bournemouth,Brentford,0.0,0.0,D,2526,True,csv,1801,1.8,1.2,0.6,1.6,3.0,2.0,1.8,1.6,2.4,3.0,1557.070206172048,1564.2143402197244,-7.144134047676289,0.0,-0.19999999999999996,0.0
2026-03-03,Everton,Burnley,2.0,0.0,H,2526,True,csv,1802,1.4,1.4,1.4,0.4,3.0,0.8,1.4,2.4,1.0,3.0,1546.1458598887343,1375.2958049480176,170.85005494071675,2.3333333333333335,0.5999999999999999,0.0
2026-03-03,Leeds United,Sunderland,0.0,1.0,A,2526,True,csv,1803,1.0,1.2,1.8,1.4,3.0,0.8,1.0,1.6,0.4,3.0,1465.101213967579,1519.655409600951,-54.554195633372046,1.0,0.19999999999999996,0.0
2026-03-03,Wolverhampton Wanderers,Liverpool,2.0,1.0,H,2526,True,csv,1804,1.0,1.0,1.2,1.0,4.0,2.4,2.4,1.0,1.6,3.0,1404.4619345660822,1669.874961386211,-265.41302682012883,0.0,-1.4,1.0
2026-03-04,Aston Villa,Chelsea,1.0,4.0,A,2526,True,csv,1805,1.0,0.6,1.0,1.4,5.0,1.6,2.0,1.6,1.4,3.0,1632.896216860918,1609.9901652208212,22.906051640096848,2.0,-0.6000000000000001,2.0
2026-03-04,Brighton & Hove Albion,Arsenal,0.0,1.0,A,2526,True,csv,1806,1.4,1.0,0.8,1.6,3.0,2.2,2.4,1.0,1.8,3.0,1560.6445278215006,1733.4437126149191,-172.7991847934186,0.6666666666666666,-0.8000000000000003,0.0
2026-03-04,Fulham,West Ham United,0.0,1.0,A,2526,True,csv,1807,1.2,1.6,2.0,2.0,3.0,1.0,1.4,1.8,1.2,4.0,1541.4805783566414,1457.0505026170808,84.4300757395606,1.3333333333333333,0.19999999999999996,-1.0
2026-03-04,Manchester City,Nottingham Forest,2.0,2.0,D,2526,True,csv,1808,2.6,2.0,0.8,2.2,4.0,0.4,0.6,1.4,1.2,3.0,1721.5615215696566,1486.297070238596,235.26445133106063,2.0,2.2,1.0
2026-03-04,Newcastle United,Manchester United,2.0,1.0,H,2526,True,csv,1809,0.6,1.6,2.6,1.2,4.0,2.6,1.8,0.8,1.8,3.0,1550.6776574322919,1595.8499660153823,-45.1723085830904,2.0,-2.0,1.0
2026-03-05,Tottenham Hotspur,Crystal Palace,1.0,3.0,A,2526,True,csv,1810,0.2,1.0,2.4,0.4,4.0,1.4,1.2,1.2,0.8,4.0,1452.5468073554985,1525.9475836973427,-73.40077634184422,1.0,-1.2,0.0
2026-03-14,Arsenal,Everton,2.0,0.0,H,2526,True,csv,1811,2.2,2.0,1.0,2.0,10.0,1.8,1.6,1.2,2.6,11.0,1740.306549017611,1550.3327544897186,189.97379452789232,1.6666666666666667,0.40000000000000013,-1.0
2026-03-14,Burnley,Bournemouth,0.0,0.0,D,2526,True,csv,1812,0.8,1.4,2.2,0.4,11.0,1.4,0.8,0.6,1.8,11.0,1371.1089103470333,1555.5605208309853,-184.45161048395198,0.3333333333333333,-0.5999999999999999,0.0
2026-03-14,Chelsea,Newcastle United,0.0,1.0,A,2526,True,csv,1813,1.6,2.2,1.4,1.8,10.0,1.2,1.8,2.0,1.4,10.0,1622.3321102589293,1560.2511410838113,62.08096917511807,1.3333333333333333,0.40000000000000013,0.0
2026-03-14,Sunderland,Brighton & Hove Albion,0.0,1.0,A,2526,True,csv,1814,0.8,0.6,1.6,1.4,11.0,1.2,0.8,0.8,1.0,10.0,1529.8121396152749,1553.7816914188088,-23.969551803533932,1.0,-0.3999999999999999,1.0
2026-03-14,West Ham United,Manchester City,1.0,1.0,D,2526,True,csv,1815,1.6,1.2,1.2,1.2,10.0,2.6,2.0,0.8,1.6,10.0,1470.9835468703916,1714.6516659488175,-243.6681190784259,0.0,-1.0,0.0
2026-03-15,Crystal Palace,Leeds United,0.0,0.0,D,2526,True,csv,1816,1.8,1.6,1.2,1.0,10.0,1.0,1.2,1.2,0.8,12.0,1535.5620695051025,1454.9444839532553,80.61758555184724,2.0,0.8,-2.0
2026-03-15,Liverpool,Tottenham Hotspur,1.0,1.0,D,2526,True,csv,1817,1.8,1.8,1.2,1.6,12.0,0.0,0.8,2.6,0.4,10.0,1654.5671919600138,1442.9323215477386,211.63487041227518,3.0,1.8,2.0
2026-03-15,Manchester United,Aston Villa,3.0,1.0,H,2526,True,csv,1818,2.0,1.4,0.8,2.6,11.0,1.0,0.8,1.6,1.0,11.0,1586.276482363863,1620.5542718228098,-34.27778945894693,1.3333333333333333,1.0,0.0
2026-03-15,Nottingham Forest,Fulham,0.0,0.0,D,2526,True,csv,1819,0.4,0.8,1.6,0.6,11.0,1.2,1.2,1.6,0.8,11.0,1493.2069258594352,1527.5475341033307,-34.34060824389553,0.0,-0.7999999999999999,0.0
2026-03-16,Brentford,Wolverhampton Wanderers,2.0,2.0,D,2526,True,csv,1820,1.6,1.6,1.6,1.0,13.0,1.6,1.2,0.8,0.6,13.0,1565.7240255607871,1419.7697039922793,145.9543215685078,2.3333333333333335,0.0,0.0
2026-03-20,Bournemouth,Manchester United,2.0,2.0,D,2526,True,csv,1821,1.4,0.6,0.4,1.8,6.0,2.0,1.6,1.0,1.6,5.0,1552.1242405572302,1595.5374873082685,-43.41324675103829,1.6666666666666667,-0.6000000000000001,1.0
2026-03-21,Brighton & Hove Albion,Liverpool,2.0,1.0,H,2526,True,csv,1822,1.8,1.0,0.6,1.0,7.0,2.0,1.8,1.0,1.4,6.0,1564.8150293846554,1648.0296451480485,-83.21461576339311,1.0,-0.19999999999999996,1.0
2026-03-21,Everton,Chelsea,3.0,0.0,H,2526,True,csv,1823,1.2,1.2,1.4,1.0,7.0,1.0,1.6,1.4,1.8,7.0,1546.498640461792,1608.956146098107,-62.45750563631486,0.3333333333333333,0.19999999999999996,0.0
2026-03-21,Fulham,Burnley,3.0,1.0,H,2526,True,csv,1824,1.4,1.0,1.2,1.8,6.0,1.0,1.4,1.8,1.0,7.0,1528.284730939063,1374.5451906207884,153.73954031827452,1.3333333333333333,0.3999999999999999,-1.0
2026-03-21,Leeds United,Brentford,0.0,0.0,D,2526,True,csv,1825,0.6,0.6,1.0,1.2,6.0,1.2,1.4,1.6,2.0,5.0,1458.7843719203822,1560.4050748568295,-101.62070293644729,0.6666666666666666,-0.6,1.0
2026-03-22,Aston Villa,West Ham United,2.0,0.0,H,2526,True,csv,1826,0.8,0.8,2.0,0.8,7.0,1.2,1.0,1.4,1.8,8.0,1611.2932668784042,1475.826949963417,135.46631691498715,2.3333333333333335,-0.3999999999999999,-1.0
2026-03-22,Newcastle United,Sunderland,1.0,2.0,A,2526,True,csv,1827,1.8,1.6,1.4,1.2,8.0,0.8,0.6,1.2,0.8,8.0,1573.6271052446336,1518.7788016494283,54.84830359520538,0.0,1.0,0.0
2026-03-22,Tottenham Hotspur,Nottingham Forest,0.0,3.0,A,2526,True,csv,1828,0.2,1.0,2.4,0.2,7.0,0.6,0.6,1.0,1.4,7.0,1449.469868359704,1492.469729023703,-42.999860663999016,0.0,-0.39999999999999997,0.0
2026-04-10,West Ham United,Wolverhampton Wanderers,4.0,0.0,H,2526,True,csv,1829,1.0,0.8,1.6,1.2,14.0,1.6,1.6,1.2,0.6,14.0,1470.92596964094,1425.088654696237,45.83731494470294,1.0,-0.6000000000000001,0.0
2026-04-11,Arsenal,Bournemouth,1.0,2.0,A,2526,True,csv,1830,2.6,2.2,0.8,2.0,14.0,1.0,0.6,0.6,1.8,14.0,1744.1406630455374,1551.6471977859198,192.49346525961755,1.0,1.6,0.0
2026-04-11,Brentford,Everton,2.0,2.0,D,2526,True,csv,1831,1.2,1.2,1.4,1.0,14.0,1.8,1.6,1.0,2.0,14.0,1559.2128324149178,1556.5693719802546,2.6434604346632113,1.6666666666666667,-0.6000000000000001,0.0
2026-04-11,Burnley,Brighton & Hove Albion,0.0,2.0,A,2526,True,csv,1832,0.4,1.0,2.0,0.6,14.0,2.4,1.4,0.6,1.4,14.0,1370.0229050885962,1575.4822071571741,-205.45930206857793,0.6666666666666666,-2.0,0.0
2026-04-11,Liverpool,Fulham,2.0,0.0,H,2526,True,csv,1833,1.4,1.8,1.4,1.6,14.0,2.0,1.6,0.8,0.8,14.0,1637.3624673755298,1532.807016471255,104.55545090427472,0.6666666666666666,-0.6000000000000001,0.0
2026-04-12,Chelsea,Manchester City,0.0,3.0,A,2526,True,csv,1834,0.8,1.2,1.6,1.6,14.0,2.2,1.8,0.8,1.6,14.0,1598.8854145796445,1709.808262855792,-110.92284827614753,0.3333333333333333,-1.4000000000000001,0.0
2026-04-12,Crystal Palace,Newcastle United,2.0,1.0,H,2526,True,csv,1835,1.4,1.4,1.2,1.0,14.0,1.2,1.4,1.6,1.4,14.0,1531.7221815379755,1560.4368666161397,-28.714685078164166,0.3333333333333333,0.19999999999999996,0.0
2026-04-12,Nottingham Forest,Aston Villa,1.0,1.0,D,2526,True,csv,1836,1.0,1.2,1.0,0.8,14.0,0.8,1.0,2.0,1.0,14.0,1502.9586422469424,1616.1942472008814,-113.23560495393895,1.0,0.19999999999999996,0.0
2026-04-12,Sunderland,Tottenham Hotspur,1.0,0.0,H,2526,True,csv,1837,1.4,1.0,1.2,1.2,14.0,0.2,0.8,2.6,0.4,14.0,1531.9690402779222,1438.9809551364644,92.98808514145776,1.0,1.2,0.0
2026-04-13,Manchester United,Leeds United,1.0,2.0,A,2526,True,csv,1838,2.0,1.8,1.2,3.0,14.0,0.6,0.2,0.6,0.8,14.0,1596.014530079579,1459.976614362294,136.03791571728493,1.6666666666666667,1.4,0.0
2026-04-18,Brentford,Fulham,0.0,0.0,D,2526,True,csv,1839,1.4,1.6,1.4,0.6,7.0,1.4,1.0,1.0,0.8,7.0,1557.42909605519,1527.2182818447181,30.21081421047188,0.0,0.0,0.0
2026-04-18,Chelsea,Manchester United,0.0,1.0,A,2526,True,csv,1840,0.6,1.0,2.0,1.0,6.0,1.4,1.8,1.6,1.6,5.0,1590.3406861010062,1580.9033461850624,9.437339915943767,1.3333333333333333,-0.7999999999999999,1.0
2026-04-18,Leeds United,Wolverhampton Wanderers,3.0,0.0,H,2526,True,csv,1841,1.0,0.4,0.6,0.8,5.0,1.4,1.2,1.6,0.4,8.0,1475.0877982568104,1418.0440420806801,57.04375617613027,3.0,-0.3999999999999999,-3.0
2026-04-18,Newcastle United,Bournemouth,1.0,2.0,A,2526,True,csv,1842,1.2,1.4,1.6,0.6,6.0,1.4,1.0,0.8,2.2,7.0,1551.3349044726442,1567.857833318856,-16.5229288462117,0.6666666666666666,-0.19999999999999996,-1.0
2026-04-18,Tottenham Hotspur,Brighton & Hove Albion,2.0,2.0,D,2526,True,csv,1843,0.2,0.6,2.0,0.2,6.0,2.4,1.4,0.6,1.8,7.0,1433.1201768554397,1581.5241510167778,-148.40397416133806,0.3333333333333333,-2.1999999999999997,-1.0
2026-04-19,Aston Villa,Sunderland,4.0,3.0,H,2526,True,csv,1844,0.8,1.0,2.0,1.4,7.0,2.0,1.0,0.6,1.4,7.0,1614.6738829648557,1537.829818558947,76.84406440590874,1.0,-1.2,0.0
2026-04-19,Everton,Liverpool,1.0,2.0,A,2526,True,csv,1845,2.0,2.0,1.2,1.4,8.0,1.4,2.0,1.4,1.2,8.0,1558.3531083399823,1642.9512020020668,-84.59809366208447,0.3333333333333333,0.6000000000000001,0.0
2026-04-19,Manchester City,Arsenal,2.0,1.0,H,2526,True,csv,1846,2.2,1.8,0.8,2.2,7.0,2.4,2.0,0.8,2.2,8.0,1718.3529913344303,1727.9300275126013,-9.577036178171056,0.6666666666666666,-0.19999999999999973,-1.0
2026-04-19,Nottingham Forest,Burnley,4.0,1.0,H,2526,True,csv,1847,1.2,1.4,1.0,0.8,7.0,0.2,0.8,2.2,0.8,8.0,1504.479006482968,1363.9809612289926,140.49804525397553,1.6666666666666667,1.0,-1.0
2026-04-20,Crystal Palace,West Ham United,0.0,0.0,D,2526,True,csv,1848,2.0,1.4,0.8,1.4,8.0,1.4,1.6,1.6,1.2,10.0,1540.824143681471,1477.9705822564968,62.85356142497426,2.0,0.6000000000000001,-2.0
2026-04-21,Brighton & Hove Albion,Chelsea,3.0,0.0,H,2526,True,csv,1849,2.0,1.4,0.8,1.4,3.0,0.6,0.8,1.8,1.8,3.0,1579.0332068304776,1578.3683098265176,0.6648970039600499,2.0,1.4,0.0
2026-04-22,Bournemouth,Leeds United,2.0,2.0,D,2526,True,csv,1850,1.8,1.2,0.8,1.4,4.0,1.6,1.0,0.4,1.4,4.0,1579.1027128165965,1481.8409156276175,97.26179718897902,1.3333333333333333,0.19999999999999996,0.0
2026-04-22,Burnley,Manchester City,0.0,1.0,A,2526,True,csv,1851,0.2,0.4,2.2,0.4,3.0,2.2,1.8,0.8,2.2,3.0,1359.186358247765,1726.9118058762008,-367.72544762843586,0.0,-2.0,0.0
2026-04-24,Sunderland,Nottingham Forest,0.0,5.0,A,2526,True,csv,1852,1.8,1.4,1.2,1.2,5.0,1.8,2.0,0.8,1.4,5.0,1531.576726095754,1509.2736094641957,22.303116631558396,3.0,0.0,0.0
2026-04-25,Arsenal,Newcastle United,1.0,0.0,H,2526,True,csv,1853,1.8,1.4,1.0,1.8,6.0,1.2,1.2,1.4,1.2,7.0,1719.3712129708308,1540.0900249749036,179.2811879959272,2.0,0.6000000000000001,-1.0
2026-04-25,Fulham,Aston Villa,1.0,0.0,H,2526,True,csv,1854,1.0,0.6,0.8,1.8,7.0,1.4,1.8,2.2,1.0,6.0,1529.7579407130177,1620.9269754280485,-91.16903471503088,0.0,-0.3999999999999999,1.0
2026-04-25,Liverpool,Crystal Palace,3.0,1.0,H,2526,True,csv,1855,1.4,1.4,1.2,2.0,6.0,1.6,1.2,0.8,1.4,5.0,1652.24439252096,1537.4284917203493,114.81590080061073,1.3333333333333333,-0.20000000000000018,1.0
2026-04-25,West Ham United,Everton,2.0,1.0,H,2526,True,csv,1856,1.6,1.2,0.6,1.8,5.0,1.4,1.6,1.2,1.6,6.0,1481.3662342176185,1549.0599178210891,-67.69368360347062,1.0,0.20000000000000018,-1.0
2026-04-25,Wolverhampton Wanderers,Tottenham Hotspur,0.0,1.0,A,2526,True,csv,1857,1.4,1.2,2.0,1.4,7.0,0.4,0.8,2.0,0.4,7.0,1411.290924709873,1435.6111210417398,-24.320196331866782,1.6666666666666667,0.9999999999999999,0.0
2026-04-27,Manchester United,Brentford,2.0,1.0,H,2526,True,csv,1858,1.4,1.6,1.4,2.4,9.0,1.0,0.8,0.8,2.2,9.0,1592.875722459551,1554.8894371868905,37.98628527266055,1.0,0.3999999999999999,0.0
2026-05-01,Leeds United,Burnley,3.0,1.0,H,2526,True,csv,1859,1.8,1.4,0.6,1.4,9.0,0.2,0.4,2.0,0.8,9.0,1486.0815481779773,1356.2790170385056,129.80253113947174,1.3333333333333333,1.6,0.0
2026-05-02,Arsenal,Fulham,3.0,0.0,H,2526,True,csv,1860,1.8,1.2,0.8,2.4,7.0,1.6,0.8,0.6,1.0,7.0,1723.3997082881108,1540.6526586475914,182.74704964051944,2.3333333333333335,0.19999999999999996,0.0
2026-05-02,Brentford,West Ham United,3.0,0.0,H,2526,True,csv,1861,0.8,1.0,1.2,0.8,5.0,1.6,1.4,0.8,1.4,7.0,1547.6372397887988,1491.5876400435582,56.049599745240585,2.3333333333333335,-0.8,-2.0
2026-05-02,Newcastle United,Brighton & Hove Albion,3.0,1.0,H,2526,True,csv,1862,0.6,0.8,1.4,0.6,7.0,2.6,2.0,0.6,2.0,11.0,1536.0615296576236,1587.304661658742,-51.24313200111828,0.3333333333333333,-2.0,-4.0
2026-05-02,Wolverhampton Wanderers,Sunderland,1.0,1.0,D,2526,True,csv,1863,0.8,0.8,2.2,1.4,7.0,1.2,1.2,2.2,1.4,8.0,1400.2675723778661,1519.251189765955,-118.98361738808876,0.0,-0.3999999999999999,-1.0
2026-05-03,Aston Villa,Tottenham Hotspur,1.0,2.0,A,2526,True,csv,1864,1.4,1.6,1.6,2.0,8.0,1.0,0.8,1.4,0.8,8.0,1610.0322574934748,1446.6344733737467,163.39778411972816,2.0,0.3999999999999999,0.0
2026-05-03,Bournemouth,Crystal Palace,3.0,0.0,H,2526,True,csv,1865,1.8,1.6,1.2,1.0,11.0,1.6,1.2,1.0,1.4,8.0,1574.8620802662367,1532.0744834964635,42.787596769773245,1.0,0.19999999999999996,3.0
2026-05-03,Manchester United,Liverpool,3.0,2.0,H,2526,True,csv,1866,2.0,1.8,1.2,2.4,6.0,2.0,1.8,1.0,1.8,8.0,1600.1279198576428,1657.5984007448458,-57.47048088720294,1.3333333333333333,0.0,-2.0
2026-05-04,Chelsea,Nottingham Forest,1.0,3.0,A,2526,True,csv,1867,0.0,0.0,2.2,0.4,13.0,2.2,2.6,0.4,1.4,10.0,1570.0968549982533,1521.599145793995,48.4977092042584,2.3333333333333335,-2.2,3.0
2026-05-04,Everton,Manchester City,3.0,3.0,D,2526,True,csv,1868,0.8,1.4,1.6,1.2,9.0,2.2,1.8,0.8,2.6,12.0,1538.8385119951495,1729.8191470854601,-190.98063509031067,0.3333333333333333,-1.4000000000000001,-3.0
2026-05-09,Brighton & Hove Albion,Wolverhampton Wanderers,3.0,0.0,H,2526,True,csv,1869,2.0,2.0,1.2,1.8,7.0,0.4,0.6,2.2,0.4,7.0,1577.5566512231228,1401.9491333614892,175.6075178616336,1.6666666666666667,1.6,0.0
2026-05-09,Fulham,Bournemouth,0.0,1.0,A,2526,True,csv,1870,1.4,0.8,1.2,1.8,7.0,2.2,2.2,1.2,2.2,6.0,1536.6879649822597,1581.9870103199758,-45.29904533771605,0.3333333333333333,-0.8000000000000003,1.0
2026-05-09,Liverpool,Chelsea,1.0,1.0,D,2526,True,csv,1871,1.8,2.0,1.4,2.0,6.0,0.0,0.2,2.6,1.2,5.0,1647.6712048710112,1557.071742528682,90.59946234232916,1.0,1.8,1.0
2026-05-09,Manchester City,Brentford,3.0,0.0,H,2526,True,csv,1872,2.2,2.0,1.0,2.6,5.0,1.2,1.2,0.8,1.6,7.0,1726.2182186558703,1554.4159784444057,171.80224021146455,2.3333333333333335,1.0000000000000002,-2.0
2026-05-09,Sunderland,Manchester United,0.0,0.0,D,2526,True,csv,1873,1.4,1.4,2.2,0.6,7.0,2.0,1.8,1.4,1.6,6.0,1517.5696287823318,1610.0551157314774,-92.48548694914552,0.0,-0.6000000000000001,1.0
2026-05-10,Burnley,Aston Villa,2.0,2.0,D,2526,True,csv,1874,0.0,0.6,2.6,0.2,9.0,1.4,1.6,1.4,0.4,7.0,1351.2564039743681,1594.3629343313733,-243.1065303570051,0.0,-1.4,2.0
2026-05-10,Crystal Palace,Everton,2.0,2.0,D,2526,True,csv,1875,1.0,0.6,1.4,1.6,7.0,1.0,2.0,1.8,1.4,6.0,1524.9495534427244,1542.4394404247394,-17.489886982014923,0.0,0.0,1.0
2026-05-10,Nottingham Forest,Newcastle United,1.0,1.0,D,2526,True,csv,1876,2.6,3.2,0.6,1.2,6.0,0.6,1.2,1.6,1.2,8.0,1534.6242582635662,1545.8095400932427,-11.185281829676569,0.0,2.0,-2.0
2026-05-10,West Ham United,Arsenal,0.0,1.0,A,2526,True,csv,1877,1.4,1.2,1.2,1.8,8.0,1.8,1.6,0.8,1.6,8.0,1484.8089013879512,1727.3644019534424,-242.55550056549123,1.0,-0.40000000000000013,0.0
2026-05-11,Tottenham Hotspur,Leeds United,1.0,1.0,D,2526,True,csv,1878,1.4,1.0,1.4,0.2,8.0,2.2,2.0,0.8,1.4,10.0,1462.3037965358483,1491.1041612421147,-28.800364706266464,3.0,-0.8000000000000003,-2.0
2026-05-13,Manchester City,Crystal Palace,3.0,0.0,H,2526,True,csv,1879,2.6,2.4,0.8,2.6,4.0,1.0,1.0,1.8,1.2,3.0,1730.3869971895463,1523.732083354522,206.65491383502422,2.3333333333333335,1.6,1.0
2026-05-15,Aston Villa,Liverpool,4.0,2.0,H,2526,True,csv,1880,1.0,1.6,1.8,1.4,5.0,2.0,2.0,1.2,1.2,6.0,1589.5319129446666,1643.5891158655759,-54.057202920909276,0.3333333333333333,-1.0,-1.0
2026-05-17,Brentford,Crystal Palace,2.0,2.0,D,2526,True,csv,1881,1.0,1.2,1.4,1.2,8.0,0.4,0.6,2.2,0.6,4.0,1550.2471999107297,1520.186785413446,30.060414497283773,2.0,0.6,4.0
2026-05-17,Everton,Sunderland,1.0,3.0,A,2526,True,csv,1882,0.6,1.8,2.2,1.4,7.0,1.0,1.0,2.0,1.6,8.0,1543.6569105129417,1518.5019210185892,25.15498949435255,1.0,-0.4,-1.0
2026-05-17,Leeds United,Brighton & Hove Albion,1.0,0.0,H,2526,True,csv,1883,2.2,2.2,1.0,1.4,6.0,2.0,2.2,1.0,2.0,8.0,1491.9997528746305,1581.653608468993,-89.65385559436254,0.3333333333333333,0.20000000000000018,-2.0
2026-05-17,Manchester United,Nottingham Forest,3.0,2.0,H,2526,True,csv,1884,2.0,1.4,1.0,2.4,8.0,2.2,2.8,0.8,2.0,7.0,1609.12282349522,1533.2284303403148,75.89439315490517,0.3333333333333333,-0.20000000000000018,1.0
2026-05-17,Newcastle United,West Ham United,3.0,1.0,H,2526,True,csv,1885,0.8,1.2,1.4,1.2,7.0,1.4,1.2,1.0,0.8,7.0,1547.205368016494,1479.6277550577888,67.57761295870523,1.0,-0.5999999999999999,0.0
2026-05-17,Wolverhampton Wanderers,Fulham,1.0,1.0,D,2526,True,csv,1886,0.2,0.2,2.4,1.6,8.0,0.8,0.2,1.2,1.0,8.0,1397.852176115619,1526.2650898313957,-128.41291371577677,1.0,-0.6000000000000001,0.0
2026-05-18,Arsenal,Burnley,1.0,0.0,H,2526,True,csv,1887,1.8,1.4,0.8,2.4,8.0,0.2,0.8,2.4,0.2,8.0,1732.5455482836048,1356.0874253610748,376.45812292253004,3.0,1.6,0.0
2026-05-19,Bournemouth,Manchester City,1.0,1.0,D,2526,True,csv,1888,2.6,2.0,0.8,1.4,10.0,2.6,2.4,0.8,2.2,6.0,1592.4098854708398,1733.9322951306224,-141.52240965978262,1.0,0.0,4.0
2026-05-19,Chelsea,Tottenham Hotspur,2.0,1.0,H,2526,True,csv,1889,0.2,0.4,2.2,0.2,10.0,1.6,1.2,1.0,1.4,8.0,1561.1538315341174,1461.4082049033325,99.74562663078495,3.0,-1.4000000000000001,2.0
2026-05-24,Brighton & Hove Albion,Manchester United,0.0,3.0,A,2526,True,csv,1890,1.4,1.8,1.2,2.4,7.0,2.6,1.8,1.0,1.6,7.0,1570.8021683976017,1615.3994362548658,-44.597267857264114,2.0,-1.2000000000000002,0.0
2026-05-24,Burnley,Wolverhampton Wanderers,1.0,1.0,D,2526,True,csv,1891,0.2,0.8,2.2,0.4,6.0,0.4,0.4,1.8,0.2,7.0,1354.5876324946303,1399.7961976854644,-45.20856519083418,1.3333333333333333,-0.2,-1.0
2026-05-24,Crystal Palace,Arsenal,1.0,2.0,A,2526,True,csv,1892,0.4,1.0,2.6,1.8,7.0,2.4,1.4,0.4,2.0,6.0,1522.7223941902053,1734.0453411500494,-211.3229469598441,0.3333333333333333,-2.0,1.0
2026-05-24,Fulham,Newcastle United,2.0,0.0,H,2526,True,csv,1893,1.0,0.4,1.0,1.8,7.0,1.4,1.6,1.2,0.8,7.0,1524.3210682615502,1553.6899849597758,-29.368916698225576,2.0,-0.3999999999999999,0.0
2026-05-24,Liverpool,Brentford,1.0,1.0,D,2526,True,csv,1894,1.4,2.0,2.0,2.2,9.0,1.0,1.2,1.4,1.0,7.0,1633.7601466358417,1547.7115911339704,86.0485555018713,2.0,0.3999999999999999,2.0
2026-05-24,Manchester City,Aston Villa,1.0,2.0,A,2526,True,csv,1895,2.2,2.2,0.8,2.6,5.0,1.4,2.2,2.0,0.4,9.0,1731.6280251966639,1599.3608821744008,132.2671430222631,1.0,0.8000000000000003,-4.0
2026-05-24,Nottingham Forest,Bournemouth,1.0,1.0,D,2526,True,csv,1896,2.0,3.0,1.2,1.2,7.0,2.2,1.8,0.8,2.2,5.0,1526.951817580669,1594.7141554047982,-67.76233782412919,0.3333333333333333,-0.20000000000000018,2.0
2026-05-24,Sunderland,Chelsea,2.0,1.0,H,2526,True,csv,1897,1.0,1.4,2.2,0.8,7.0,0.8,0.8,1.8,0.8,5.0,1530.9049520055798,1566.8547429251337,-35.949790919553834,3.0,0.19999999999999996,2.0
2026-05-24,Tottenham Hotspur,Everton,1.0,0.0,H,2526,True,csv,1898,1.6,1.4,1.2,0.4,5.0,0.4,1.6,2.4,1.0,7.0,1455.7072935123163,1531.253879525951,-75.54658601363485,2.0,1.2000000000000002,-2.0
2026-05-24,West Ham United,Leeds United,3.0,0.0,H,2526,True,csv,1899,0.8,0.6,1.6,1.6,7.0,2.2,2.0,0.8,1.4,7.0,1473.143138114507,1502.851192946022,-29.7080548315148,1.3333333333333333,-1.4000000000000001,0.0
2026-08-21,Arsenal,Coventry City,3.0,0.0,H,2627,True,api,1900,3.0,1.6,0.2,2.4,14.0,,,,,,1739.9459132709987,1500.0,239.94591327099874,,,
2026-08-22,Brentford,Tottenham Hotspur,3.0,0.0,H,2627,True,api,1901,1.0,1.4,1.6,1.4,14.0,2.0,1.2,0.8,1.4,14.0,1551.683940741721,1466.154461817414,85.52947892430711,0.3333333333333333,-1.0,0.0
2026-08-22,Everton,Crystal Palace,2.0,0.0,H,2627,True,api,1902,0.4,1.4,2.2,1.4,14.0,0.4,1.0,2.4,0.8,14.0,1520.8067112208535,1516.8218220692559,3.9848891515975993,2.3333333333333335,0.0,0.0
2026-08-22,Hull City,Manchester United,2.0,0.0,H,2627,True,api,1903,,,,,,2.6,2.2,1.0,1.6,14.0,1500.0,1625.8424723156756,-125.84247231567565,,,
2026-08-22,Ipswich Town,Sunderland,2.0,1.0,H,2627,True,api,1904,0.2,0.6,2.2,0.0,14.0,1.6,1.2,1.6,2.0,14.0,1387.0805654367246,1540.213834865764,-153.1332694290395,,-1.4000000000000001,0.0
2026-08-22,Nottingham Forest,Leeds United,0.0,1.0,A,2627,True,api,1905,1.6,2.4,1.2,1.4,14.0,1.6,1.4,1.4,1.2,14.0,1527.175198456596,1493.72086269842,33.45433575817606,1.0,0.0,0.0
2026-08-23,Brighton & Hove Albion,Aston Villa,4.0,0.0,H,2627,True,api,1906,1.2,1.4,1.4,1.8,14.0,1.4,1.8,1.6,1.0,14.0,1560.3591323367918,1614.391443441599,-54.03231110480715,0.0,-0.19999999999999996,0.0
2026-08-23,Manchester City,Bournemouth,2.0,1.0,H,2627,True,api,1907,1.6,2.2,1.2,2.0,14.0,1.8,1.6,0.8,2.2,14.0,1716.5974639294657,1594.4907745288713,122.1066894005944,2.3333333333333335,-0.19999999999999996,0.0
2026-08-23,Newcastle United,Liverpool,2.0,2.0,D,2627,True,api,1908,1.4,1.4,1.2,1.8,14.0,1.0,1.8,2.0,0.6,14.0,1544.5693412406426,1629.787797028091,-85.21845578744842,0.0,0.3999999999999999,0.0
2026-08-24,Fulham,Chelsea,2.0,3.0,A,2627,True,api,1909,1.4,0.8,1.0,1.8,14.0,0.8,1.0,2.0,0.8,14.0,1533.4417119806833,1557.5458600649495,-24.10414808426617,1.0,0.5999999999999999,0.0
2026-08-28,Crystal Palace,Manchester City,1.0,4.0,A,2627,True,api,1910,0.4,1.0,2.2,1.2,6.0,2.0,2.0,0.8,1.8,5.0,1508.6429134974526,1721.788534562472,-213.14562106501944,0.0,-1.6,1.0
2026-08-29,Bournemouth,Everton,1.0,1.0,D,2627,True,api,1911,1.6,1.4,0.8,1.4,6.0,1.0,1.6,1.8,0.4,7.0,1589.299703895865,1528.9856197926567,60.31408410320819,2.0,0.6000000000000001,-1.0
2026-08-29,Coventry City,Hull City,0.0,1.0,A,2627,True,api,1912,,,,,8.0,,,,,7.0,1496.979610567228,1511.8727330788824,-14.893122511654383,,,1.0
2026-08-29,Liverpool,Nottingham Forest,2.0,2.0,D,2627,True,api,1913,0.6,1.6,2.2,1.8,6.0,1.0,1.4,1.4,2.0,7.0,1629.063223552704,1514.5484139746613,114.51480957804256,1.3333333333333333,-0.4,-1.0
2026-08-29,Tottenham Hotspur,Newcastle United,0.0,2.0,A,2627,True,api,1914,1.4,1.0,1.4,1.0,7.0,1.6,1.8,1.4,0.8,6.0,1460.1142212396219,1545.2939147160298,-85.17969347640792,0.3333333333333333,-0.20000000000000018,1.0
2026-08-30,Chelsea,Brighton & Hove Albion,4.0,3.0,H,2627,True,api,1915,1.4,1.6,1.8,0.6,6.0,1.2,1.6,1.4,1.4,7.0,1568.575365251187,1570.1873853329168,-1.612020081729952,0.0,0.19999999999999996,-1.0
2026-08-30,Leeds United,Brentford,1.0,1.0,D,2627,True,api,1916,2.0,1.2,1.0,2.0,8.0,1.6,1.8,1.2,0.6,8.0,1506.3476471803547,1557.724181319513,-51.376534139158366,1.0,0.3999999999999999,0.0
2026-08-30,Manchester United,Ipswich Town,5.0,2.0,H,2627,True,api,1917,2.0,1.8,1.2,2.4,8.0,0.8,1.0,1.8,1.0,8.0,1613.9697392367932,1399.698744431294,214.27099480549919,2.0,1.2,0.0
2026-08-30,Sunderland,Fulham,1.0,0.0,H,2627,True,api,1918,1.6,1.4,1.0,1.4,8.0,0.8,1.0,1.6,0.6,6.0,1527.5956558711946,1522.4122067944459,5.18344907674873,0.0,0.8,2.0
2026-08-31,Aston Villa,Arsenal,0.0,1.0,A,2627,True,api,1919,1.4,1.8,2.2,1.8,8.0,3.0,2.0,0.2,2.4,10.0,1604.563190445474,1742.9663027037707,-138.4031122582967,1.3333333333333333,-1.6,-2.0
2026-09-04,Ipswich Town,Liverpool,0.0,2.0,A,2627,True,api,1920,0.6,1.0,2.4,0.6,5.0,0.8,1.6,2.0,0.8,6.0,1396.279521658575,1624.424030015166,-228.1445083565909,0.0,-0.20000000000000007,-1.0
2026-09-05,Brentford,Sunderland,1.0,1.0,D,2627,True,api,1921,1.2,1.4,1.4,1.8,6.0,2.0,1.4,0.8,1.4,6.0,1557.9723336628872,1535.7412322481312,22.23110141475604,1.5,-0.8,0.0
2026-09-05,Brighton & Hove Albion,Leeds United,1.0,1.0,D,2627,True,api,1922,1.2,2.0,1.6,2.4,6.0,1.6,0.8,1.0,1.6,6.0,1561.8522824713596,1506.0994948369805,55.75278763437905,1.3333333333333333,-0.40000000000000013,0.0
2026-09-05,Fulham,Crystal Palace,2.0,3.0,A,2627,True,api,1923,0.8,1.0,1.2,1.8,6.0,0.2,0.8,2.6,0.2,8.0,1514.2666304175093,1502.7858918996058,11.480738517903546,0.3333333333333333,0.6000000000000001,-2.0
2026-09-05,Hull City,Aston Villa,0.0,0.0,D,2627,True,api,1924,,,,,7.0,1.4,1.6,2.0,1.0,5.0,1523.1637679122286,1596.7822728815947,-73.61850496936609,,,2.0
2026-09-05,Manchester City,Coventry City,1.0,0.0,H,2627,True,api,1925,2.0,2.2,1.0,2.4,8.0,,,,,7.0,1727.6455561603188,1485.6885757338819,241.95698042643698,,,1.0
2026-09-05,Newcastle United,Bournemouth,2.0,2.0,D,2627,True,api,1926,1.6,1.6,1.2,1.4,7.0,1.2,1.0,1.0,2.0,7.0,1554.570451061267,1585.9688758610428,-31.39842479977574,0.3333333333333333,0.40000000000000013,0.0
2026-09-05,Nottingham Forest,Tottenham Hotspur,0.0,0.0,D,2627,True,api,1927,0.6,1.2,1.6,1.2,7.0,0.8,0.6,1.6,1.2,7.0,1519.1876075121993,1450.8376848943847,68.34992261781463,3.0,-0.20000000000000007,0.0
2026-09-06,Arsenal,Chelsea,2.0,1.0,H,2627,True,api,1928,3.0,1.6,0.2,2.4,6.0,2.0,2.2,1.8,0.8,7.0,1750.74722026765,1576.9104681127442,173.83675215490575,2.3333333333333335,1.0,-1.0
2026-09-06,Everton,Manchester United,2.0,2.0,D,2627,True,api,1929,1.0,1.2,1.4,1.4,8.0,2.0,2.2,1.2,1.6,7.0,1532.316447827479,1617.3889620095122,-85.07251418203327,1.3333333333333333,-1.0,1.0
2026-09-12,Aston Villa,Nottingham Forest,1.0,2.0,A,2627,True,api,1930,1.4,1.2,1.6,1.8,7.0,0.6,1.0,1.4,2.0,7.0,1596.3905014213876,1515.6527578646173,80.73774355677028,2.3333333333333335,0.7999999999999999,0.0
2026-09-12,Bournemouth,Brentford,2.0,2.0,D,2627,True,api,1931,0.8,1.2,1.4,1.4,7.0,1.4,1.6,1.0,0.6,7.0,1586.7902407704933,1555.6487580945543,31.14148267593896,0.3333333333333333,-0.5999999999999999,0.0
2026-09-12,Chelsea,Hull City,2.0,2.0,D,2627,True,api,1932,1.8,2.2,2.0,1.2,6.0,2.3333333333333335,1.0,0.0,,7.0,1572.7802040389192,1523.5555393724358,49.22466466648348,,-0.5333333333333334,-1.0
2026-09-12,Crystal Palace,Ipswich Town,2.0,3.0,A,2627,True,api,1933,0.8,1.4,2.4,1.0,7.0,0.6,1.0,2.6,0.4,8.0,1514.8147277557098,1390.7736063782988,124.04112137741095,3.0,0.20000000000000007,-1.0
2026-09-12,Liverpool,Fulham,0.0,0.0,D,2627,True,api,1934,1.2,1.8,1.8,1.8,8.0,0.8,1.4,1.6,0.4,7.0,1629.9299452954422,1502.2377945614053,127.69215073403689,1.3333333333333333,0.3999999999999999,1.0
2026-09-12,Sunderland,Arsenal,0.0,2.0,A,2627,True,api,1935,2.0,1.6,1.0,2.0,7.0,3.0,1.8,0.4,2.4,6.0,1538.064807816464,1754.8774843414749,-216.81267652501083,0.5,-1.0,1.0
2026-09-12,Tottenham Hotspur,Everton,0.0,0.0,D,2627,True,api,1936,0.8,0.4,1.4,1.0,7.0,1.0,1.2,1.4,0.6,6.0,1454.3725345419666,1533.0368426919702,-78.66430815000354,2.0,-0.19999999999999996,1.0
2026-09-13,Coventry City,Brighton & Hove Albion,0.0,5.0,A,2627,True,api,1937,0.0,0.0,1.6666666666666667,,8.0,0.8,1.6,1.8,0.8,8.0,1482.697751927746,1558.6386797117466,-75.94092778400068,,-0.8,0.0
2026-09-13,Manchester United,Manchester City,0.0,1.0,A,2627,True,api,1938,2.0,2.6,1.6,2.4,7.0,2.0,1.8,1.0,2.2,8.0,1616.668567145021,1730.6363799664548,-113.96781282143388,1.3333333333333333,0.0,-1.0
2026-09-14,Leeds United,Newcastle United,4.0,1.0,H,2627,True,api,1939,1.6,0.8,1.0,2.2,9.0,1.6,1.8,1.4,0.8,9.0,1509.3130975965935,1553.7490861518165,-44.43598855522305,0.6666666666666666,0.0,0.0
2026-09-18,Brentford,Chelsea,3.0,0.0,H,2627,True,api,1940,1.4,1.6,1.0,1.8,6.0,1.4,2.2,2.2,0.8,6.0,1558.2134589462762,1569.736094930764,-11.522635984487806,0.6666666666666666,0.0,0.0
2026-09-19,Brighton & Hove Albion,Arsenal,3.0,0.0,H,2627,True,api,1941,1.4,2.6,1.6,2.0,6.0,3.0,2.0,0.4,2.4,7.0,1568.1801846134065,1760.6474597224487,-192.46727510904225,0.3333333333333333,-1.6,-1.0
2026-09-19,Everton,Ipswich Town,1.0,0.0,H,2627,True,api,1942,1.2,1.0,0.8,1.0,7.0,1.2,1.6,2.6,0.8,7.0,1532.5001568878304,1405.6252225870533,126.87493430077711,2.0,0.0,0.0
2026-09-19,Newcastle United,Hull City,2.0,1.0,H,2627,True,api,1943,1.0,1.4,2.0,1.6,5.0,2.0,1.25,0.5,,7.0,1544.1967549971307,1526.599648480591,17.597106516539725,,-1.0,-2.0
2026-09-19,Nottingham Forest,Coventry City,0.0,1.0,A,2627,True,api,1944,1.2,1.0,1.0,1.2,7.0,0.0,0.0,2.5,,6.0,1529.4955939296897,1473.156247026086,56.339346903603655,,1.2,1.0
2026-09-19,Tottenham Hotspur,Aston Villa,2.0,3.0,A,2627,True,api,1945,1.0,0.2,1.0,1.2,7.0,0.8,0.6,1.6,1.0,7.0,1454.9092203461064,1582.5476653563153,-127.6384450102089,1.0,0.19999999999999996,0.0
2026-09-20,Bournemouth,Liverpool,0.0,1.0,A,2627,True,api,1946,0.8,1.4,1.6,1.4,8.0,1.4,1.4,1.0,1.4,8.0,1584.2255399187713,1624.998389627625,-40.772849708853755,1.0,-0.5999999999999999,0.0
2026-09-20,Fulham,Manchester United,1.0,1.0,D,2627,True,api,1947,0.8,1.2,1.4,1.2,8.0,1.4,2.0,1.4,1.6,7.0,1507.1693502292223,1608.209512250959,-101.0401620217367,0.3333333333333333,-0.5999999999999999,1.0
2026-09-20,Leeds United,Crystal Palace,0.0,0.0,D,2627,True,api,1948,1.6,1.4,1.2,2.6,6.0,0.6,1.4,2.6,0.8,8.0,1518.8654287512793,1499.9631115469554,18.902317204323936,1.3333333333333333,1.0,-2.0
2026-09-20,Manchester City,Sunderland,5.0,3.0,H,2627,True,api,1949,2.4,1.8,0.8,2.4,7.0,1.4,1.0,1.2,1.0,8.0,1739.0954348605167,1532.2948324354902,206.80060242502645,2.0,1.0,-1.0
2026-10-10,Arsenal,Leeds United,,,,2627,False,api,1950,2.4,1.6,0.8,3.0,14.0,1.8,1.4,0.6,1.2,14.0,1747.0093481793851,1516.6326899462101,230.37665823317502,3.0,0.5999999999999999,0.0
2026-10-10,Aston Villa,Brentford,,,,2627,False,api,1951,0.8,0.8,1.8,1.2,14.0,1.8,2.0,0.8,0.6,14.0,1590.625101624769,1566.8271529635306,23.79794866123848,1.0,-1.0,0.0
2026-10-10,Chelsea,Bournemouth,,,,2627,False,api,1952,1.4,2.0,2.4,1.4,14.0,0.6,1.2,1.6,1.6,14.0,1561.1224009135096,1573.6727022948296,-12.550301381319969,1.0,0.7999999999999999,0.0
2026-10-10,Ipswich Town,Fulham,,,,2627,False,api,1953,1.2,1.4,2.2,0.6,14.0,0.4,1.0,1.6,0.6,14.0,1400.5389566918514,1508.3451176068447,-107.80616091499337,1.0,0.7999999999999999,0.0
2026-10-10,Manchester United,Tottenham Hotspur,,,,2627,False,api,1954,1.0,1.6,1.6,2.4,14.0,0.4,0.4,1.6,1.4,14.0,1607.0337448733367,1446.8317840776526,160.20196079568404,1.3333333333333333,0.6,0.0
2026-10-10,Sunderland,Brighton & Hove Albion,,,,2627,False,api,1955,0.8,1.2,2.0,1.4,14.0,2.0,3.2,1.0,0.8,14.0,1528.7519800438524,1581.81829615647,-53.06631611261764,0.5,-1.2,0.0
2026-10-11,Crystal Palace,Nottingham Forest,,,,2627,False,api,1956,0.8,1.2,2.2,0.4,14.0,1.0,0.8,1.0,2.0,14.0,1502.1958503520245,1516.2668603607583,-14.071010008733765,1.0,-0.19999999999999996,0.0
2026-10-11,Hull City,Everton,,,,2627,False,api,1957,1.6,1.2,0.8,,14.0,1.8,1.2,0.6,0.6,14.0,1518.7966632661442,1537.5864227830323,-18.789759516888125,,-0.19999999999999996,0.0
2026-10-11,Liverpool,Manchester City,,,,2627,False,api,1958,1.8,1.4,0.8,1.4,14.0,3.0,2.6,1.0,2.2,14.0,1635.5512272515668,1742.6382872521544,-107.0870600005876,1.0,-1.2,0.0
2026-10-12,Coventry City,Newcastle United,,,,2627,False,api,1959,0.6,0.2,2.0,,14.0,1.6,1.8,1.8,0.8,14.0,1486.3849805950174,1551.9997402115775,-65.61475961656015,,-1.0,0.0
2026-10-17,Brentford,Liverpool,,,,2627,False,api,1960,1.5,1.75,1.0,2.2,7.0,2.0,1.25,0.5,1.4,6.0,1566.8271529635306,1635.5512272515668,-68.72407428803626,1.3333333333333333,-0.5,1.0
2026-10-17,Everton,Chelsea,,,,2627,False,api,1961,1.5,1.0,0.75,1.6,6.0,1.0,1.75,2.5,0.8,7.0,1537.5864227830323,1561.1224009135096,-23.53597813047736,1.0,0.5,-1.0
2026-10-17,Fulham,Hull City,,,,2627,False,api,1962,0.5,0.75,1.25,0.8,7.0,1.25,1.0,1.0,1.3333333333333333,6.0,1508.3451176068447,1518.7966632661442,-10.451545659299427,,-0.75,1.0
2026-10-17,Manchester City,Ipswich Town,,,,2627,False,api,1963,3.0,2.75,1.0,2.4,6.0,0.75,1.25,2.5,0.8,7.0,1742.6382872521544,1400.5389566918514,342.0993305603031,3.0,2.25,-1.0
2026-10-17,Newcastle United,Aston Villa,,,,2627,False,api,1964,1.75,1.75,1.75,2.2,5.0,1.0,1.0,1.25,1.6,7.0,1551.9997402115775,1590.625101624769,-38.62536141319151,0.3333333333333333,0.75,-2.0
2026-10-18,Bournemouth,Sunderland,,,,2627,False,api,1965,0.75,1.25,1.5,1.2,8.0,1.0,1.25,2.0,1.0,8.0,1573.6727022948296,1528.7519800438524,44.92072225097718,0.5,-0.25,0.0
2026-10-18,Brighton & Hove Albion,Crystal Palace,,,,2627,False,api,1966,1.75,3.0,1.25,2.0,8.0,1.0,1.5,2.25,1.0,7.0,1581.81829615647,1502.1958503520245,79.62244580444553,0.3333333333333333,0.75,1.0
2026-10-18,Leeds United,Manchester United,,,,2627,False,api,1967,1.5,1.5,0.75,2.2,8.0,1.25,2.0,1.5,1.2,8.0,1516.6326899462101,1607.0337448733367,-90.40105492712655,1.3333333333333333,0.25,0.0
2026-10-18,Nottingham Forest,Arsenal,,,,2627,False,api,1968,1.25,1.0,1.0,0.6,7.0,2.25,1.25,1.0,2.4,8.0,1516.2668603607583,1747.0093481793851,-230.74248781862684,0.6666666666666666,-1.0,-1.0
2026-10-19,Tottenham Hotspur,Coventry City,,,,2627,False,api,1969,0.5,0.5,1.25,1.0,9.0,0.75,0.25,1.75,1.0,7.0,1446.8317840776526,1486.3849805950174,-39.55319651736477,,-0.25,2.0
2026-10-23,Ipswich Town,Nottingham Forest,,,,2627,False,api,1970,1.0,1.0,1.6666666666666667,0.75,6.0,1.3333333333333333,0.6666666666666666,0.6666666666666666,1.75,5.0,1400.5389566918514,1516.2668603607583,-115.72790366890695,0.0,-0.33333333333333326,1.0
2026-10-24,Arsenal,Everton,,,,2627,False,api,1971,2.0,1.3333333333333333,1.3333333333333333,3.0,6.0,1.6666666666666667,1.0,0.6666666666666666,0.75,7.0,1747.0093481793851,1537.5864227830323,209.42292539635287,2.3333333333333335,0.33333333333333326,-1.0
2026-10-24,Aston Villa,Manchester City,,,,2627,False,api,1972,1.3333333333333333,1.3333333333333333,1.3333333333333333,0.75,7.0,3.0,2.3333333333333335,1.0,2.0,7.0,1590.625101624769,1742.6382872521544,-152.01318562738538,2.0,-1.6666666666666667,0.0
2026-10-24,Chelsea,Tottenham Hotspur,,,,2627,False,api,1973,0.3333333333333333,1.0,2.3333333333333335,1.75,7.0,0.6666666666666666,0.6666666666666666,1.0,1.0,5.0,1561.1224009135096,1446.8317840776526,114.29061683585701,3.0,-0.3333333333333333,2.0
2026-10-24,Coventry City,Fulham,,,,2627,False,api,1974,1.0,0.3333333333333333,2.0,,5.0,0.6666666666666666,1.0,1.3333333333333333,0.5,7.0,1486.3849805950174,1508.3451176068447,-21.960137011827328,,0.33333333333333337,-2.0
2026-10-25,Crystal Palace,Newcastle United,,,,2627,False,api,1975,1.3333333333333333,1.6666666666666667,1.6666666666666667,0.25,7.0,1.3333333333333333,1.6666666666666667,2.3333333333333335,1.0,8.0,1502.1958503520245,1551.9997402115775,-49.80388985955301,1.0,0.0,-1.0
2026-10-25,Hull City,Brentford,,,,2627,False,api,1976,0.6666666666666666,1.0,1.3333333333333333,,8.0,1.6666666666666667,2.0,1.0,0.75,8.0,1518.7966632661442,1566.8271529635306,-48.03048969738643,,-1.0,0.0
2026-10-25,Liverpool,Brighton & Hove Albion,,,,2627,False,api,1977,2.3333333333333335,1.0,0.0,1.0,8.0,2.3333333333333335,3.0,0.3333333333333333,0.75,7.0,1635.5512272515668,1581.81829615647,53.732931095096774,1.0,0.0,1.0
2026-10-25,Manchester United,Bournemouth,,,,2627,False,api,1978,0.6666666666666666,1.0,1.3333333333333333,2.25,7.0,0.6666666666666666,1.3333333333333333,1.6666666666666667,1.25,7.0,1607.0337448733367,1573.6727022948296,33.36104257850707,1.0,0.0,0.0
2026-10-25,Sunderland,Leeds United,,,,2627,False,api,1979,0.3333333333333333,1.3333333333333333,2.6666666666666665,1.75,7.0,1.6666666666666667,1.6666666666666667,0.6666666666666666,1.25,7.0,1528.7519800438524,1516.6326899462101,12.119290097642306,2.0,-1.3333333333333335,0.0
2026-10-31,Aston Villa,Fulham,,,,2627,False,api,1980,,,,1.0,7.0,,,,0.6666666666666666,7.0,1590.625101624769,1508.3451176068447,82.27998401792433,2.0,,0.0
2026-10-31,Bournemouth,Leeds United,,,,2627,False,api,1981,,,,0.75,6.0,,,,1.3333333333333333,6.0,1573.6727022948296,1516.6326899462101,57.040012348619484,1.6666666666666667,,0.0
2026-10-31,Brentford,Nottingham Forest,,,,2627,False,api,1982,,,,2.0,6.0,,,,1.3333333333333333,8.0,1566.8271529635306,1516.2668603607583,50.56029260277228,1.0,,-2.0
2026-10-31,Chelsea,Manchester United,,,,2627,False,api,1983,,,,2.3333333333333335,7.0,,,,1.25,6.0,1561.1224009135096,1607.0337448733367,-45.911343959827036,1.0,,1.0
2026-10-31,Coventry City,Sunderland,,,,2627,False,api,1984,,,,,7.0,,,,1.0,6.0,1486.3849805950174,1528.7519800438524,-42.36699944883503,,,1.0
2026-10-31,Hull City,Ipswich Town,,,,2627,False,api,1985,,,,,6.0,,,,0.75,8.0,1518.7966632661442,1400.5389566918514,118.2577065742928,,,-2.0
2026-10-31,Manchester City,Brighton & Hove Albion,,,,2627,False,api,1986,,,,2.25,7.0,,,,1.0,6.0,1742.6382872521544,1581.81829615647,160.81999109568437,0.6666666666666666,,1.0
2026-10-31,Tottenham Hotspur,Crystal Palace,,,,2627,False,api,1987,,,,1.0,7.0,,,,1.25,6.0,1446.8317840776526,1502.1958503520245,-55.36406627437191,1.0,,1.0
2026-11-01,Liverpool,Arsenal,,,,2627,False,api,1988,,,,1.0,7.0,,,,2.25,8.0,1635.5512272515668,1747.0093481793851,-111.4581209278183,1.6666666666666667,,-1.0
2026-11-02,Newcastle United,Everton,,,,2627,False,api,1989,,,,2.0,8.0,,,,0.6666666666666666,9.0,1551.9997402115775,1537.5864227830323,14.41331742854527,1.0,,-1.0
2026-11-06,Everton,Coventry City,,,,2627,False,api,1990,,,,1.75,4.0,,,,1.0,6.0,1537.5864227830323,1486.3849805950174,51.20144218801488,,,-2.0
2026-11-07,Arsenal,Hull City,,,,2627,False,api,1991,,,,3.0,6.0,,,,1.3333333333333333,7.0,1747.0093481793851,1518.7966632661442,228.212684913241,,,-1.0
2026-11-07,Fulham,Newcastle United,,,,2627,False,api,1992,,,,1.0,7.0,,,,1.0,5.0,1508.3451176068447,1551.9997402115775,-43.65462260473282,2.0,,2.0
2026-11-07,Leeds United,Tottenham Hotspur,,,,2627,False,api,1993,,,,2.0,7.0,,,,0.3333333333333333,7.0,1516.6326899462101,1446.8317840776526,69.80090586855749,0.3333333333333333,,0.0
2026-11-07,Nottingham Forest,Manchester City,,,,2627,False,api,1994,,,,0.5,7.0,,,,2.3333333333333335,7.0,1516.2668603607583,1742.6382872521544,-226.37142689139614,1.3333333333333333,,0.0
2026-11-08,Brighton & Hove Albion,Brentford,,,,2627,False,api,1995,,,,1.75,8.0,,,,1.0,8.0,1581.81829615647,1566.8271529635306,14.99114319293949,2.0,,0.0
2026-11-08,Crystal Palace,Liverpool,,,,2627,False,api,1996,,,,0.0,8.0,,,,1.75,7.0,1502.1958503520245,1635.5512272515668,-133.3553768995423,1.3333333333333333,,1.0
2026-11-08,Ipswich Town,Bournemouth,,,,2627,False,api,1997,,,,1.0,8.0,,,,0.6666666666666666,8.0,1400.5389566918514,1573.6727022948296,-173.13374560297825,1.5,,0.0
2026-11-08,Manchester United,Aston Villa,,,,2627,False,api,1998,,,,2.0,8.0,,,,1.75,8.0,1607.0337448733367,1590.625101624769,16.408643248567614,2.0,,0.0
2026-11-08,Sunderland,Chelsea,,,,2627,False,api,1999,,,,2.0,8.0,,,,0.75,8.0,1528.7519800438524,1561.1224009135096,-32.37042086965721,3.0,,0.0
2026-11-21,Aston Villa,Sunderland,,,,2627,False,api,2000,,,,,13.0,,,,0.3333333333333333,13.0,1590.625101624769,1528.7519800438524,61.87312158091663,2.0,,0.0
2026-11-21,Bournemouth,Nottingham Forest,,,,2627,False,api,2001,,,,0.6666666666666666,13.0,,,,,14.0,1573.6727022948296,1516.2668603607583,57.405841934071304,2.3333333333333335,,-1.0
2026-11-21,Chelsea,Leeds United,,,,2627,False,api,2002,,,,,13.0,,,,,14.0,1561.1224009135096,1516.6326899462101,44.489710967299516,1.3333333333333333,,-1.0
2026-11-21,Coventry City,Crystal Palace,,,,2627,False,api,2003,,,,,14.0,,,,1.3333333333333333,13.0,1486.3849805950174,1502.1958503520245,-15.81086975700714,,,1.0
2026-11-21,Manchester City,Fulham,,,,2627,False,api,2004,,,,3.0,14.0,,,,,14.0,1742.6382872521544,1508.3451176068447,234.29316964530972,3.0,,0.0
2026-11-21,Newcastle United,Arsenal,,,,2627,False,api,2005,,,,1.6666666666666667,14.0,,,,2.0,14.0,1551.9997402115775,1747.0093481793851,-195.0096079678076,0.0,,0.0
2026-11-21,Tottenham Hotspur,Ipswich Town,,,,2627,False,api,2006,,,,0.3333333333333333,14.0,,,,1.0,13.0,1446.8317840776526,1400.5389566918514,46.292827385801274,1.5,,1.0
2026-11-22,Hull City,Brighton & Hove Albion,,,,2627,False,api,2007,,,,,14.0,,,,,14.0,1518.7966632661442,1581.81829615647,-63.02163289032592,,,0.0
2026-11-22,Liverpool,Manchester United,,,,2627,False,api,2008,,,,,14.0,,,,0.6666666666666666,14.0,1635.5512272515668,1607.0337448733367,28.51748237823017,0.3333333333333333,,0.0
2026-11-23,Brentford,Everton,,,,2627,False,api,2009,,,,2.3333333333333335,14.0,,,,,14.0,1566.8271529635306,1537.5864227830323,29.240730180498304,1.6666666666666667,,0.0
2026-11-27,Nottingham Forest,Chelsea,,,,2627,False,api,2010,,,,0.3333333333333333,6.0,,,,1.0,6.0,1516.2668603607583,1561.1224009135096,-44.855540552751336,1.0,,0.0
2026-11-28,Ipswich Town,Aston Villa,,,,2627,False,api,2011,,,,,7.0,,,,1.3333333333333333,7.0,1400.5389566918514,1590.625101624769,-190.0861449329177,1.0,,0.0
2026-11-28,Leeds United,Coventry City,,,,2627,False,api,2012,,,,1.6666666666666667,7.0,,,,1.0,7.0,1516.6326899462101,1486.3849805950174,30.247709351192725,,,0.0
2026-11-28,Manchester United,Brentford,,,,2627,False,api,2013,,,,,6.0,,,,,5.0,1607.0337448733367,1566.8271529635306,40.20659190980609,1.0,,1.0
2026-11-29,Arsenal,Manchester City,,,,2627,False,api,2014,,,,,8.0,,,,,8.0,1747.0093481793851,1742.6382872521544,4.371060927230701,1.3333333333333333,,0.0
2026-11-29,Brighton & Hove Albion,Newcastle United,,,,2627,False,api,2015,,,,2.3333333333333335,7.0,,,,,8.0,1581.81829615647,1551.9997402115775,29.818555944892523,1.3333333333333333,,-1.0
2026-11-29,Crystal Palace,Hull City,,,,2627,False,api,2016,,,,,8.0,,,,1.3333333333333333,7.0,1502.1958503520245,1518.7966632661442,-16.600812914119615,,,1.0
2026-11-29,Everton,Liverpool,,,,2627,False,api,2017,,,,2.3333333333333335,6.0,,,,2.3333333333333335,7.0,1537.5864227830323,1635.5512272515668,-97.96480446853457,0.0,,-1.0
2026-11-29,Fulham,Bournemouth,,,,2627,False,api,2018,,,,0.3333333333333333,8.0,,,,,8.0,1508.3451176068447,1573.6727022948296,-65.32758468798488,0.0,,0.0
2026-11-29,Sunderland,Tottenham Hotspur,,,,2627,False,api,2019,,,,,8.0,,,,,8.0,1528.7519800438524,1446.8317840776526,81.9201959661998,2.0,,0.0
2026-12-02,Aston Villa,Everton,,,,2627,False,api,2020,,,,,4.0,,,,,3.0,1590.625101624769,1537.5864227830323,53.03867884173678,1.3333333333333333,,1.0
2026-12-02,Bournemouth,Brighton & Hove Albion,,,,2627,False,api,2021,,,,,3.0,,,,,3.0,1573.6727022948296,1581.81829615647,-8.145593861640464,1.3333333333333333,,0.0
2026-12-02,Brentford,Arsenal,,,,2627,False,api,2022,,,,,4.0,,,,,3.0,1566.8271529635306,1747.0093481793851,-180.18219521585456,0.6666666666666666,,1.0
2026-12-02,Chelsea,Crystal Palace,,,,2627,False,api,2023,,,,,5.0,,,,,3.0,1561.1224009135096,1502.1958503520245,58.9265505614851,1.6666666666666667,,2.0
2026-12-02,Coventry City,Ipswich Town,,,,2627,False,api,2024,,,,,4.0,,,,,4.0,1486.3849805950174,1400.5389566918514,85.84602390316604,,,0.0
2026-12-02,Hull City,Nottingham Forest,,,,2627,False,api,2025,,,,,3.0,,,,,5.0,1518.7966632661442,1516.2668603607583,2.52980290538585,,,-2.0
2026-12-02,Liverpool,Sunderland,,,,2627,False,api,2026,,,,,3.0,,,,,3.0,1635.5512272515668,1528.7519800438524,106.79924720771442,2.0,,0.0
2026-12-02,Manchester City,Leeds United,,,,2627,False,api,2027,,,,,3.0,,,,,4.0,1742.6382872521544,1516.6326899462101,226.00559730594432,3.0,,-1.0
2026-12-02,Newcastle United,Manchester United,,,,2627,False,api,2028,,,,,3.0,,,,,4.0,1551.9997402115775,1607.0337448733367,-55.03400466175913,2.0,,-1.0
2026-12-02,Tottenham Hotspur,Fulham,,,,2627,False,api,2029,,,,,3.0,,,,,3.0,1446.8317840776526,1508.3451176068447,-61.513333529192096,0.0,,0.0
2026-12-05,Aston Villa,Crystal Palace,,,,2627,False,api,2030,,,,,3.0,,,,,3.0,1590.625101624769,1502.1958503520245,88.42925127274452,0.3333333333333333,,0.0
2026-12-05,Bournemouth,Hull City,,,,2627,False,api,2031,,,,,3.0,,,,,3.0,1573.6727022948296,1518.7966632661442,54.876039028685454,,,0.0
2026-12-05,Brentford,Manchester City,,,,2627,False,api,2032,,,,,3.0,,,,,3.0,1566.8271529635306,1742.6382872521544,-175.81113428862386,0.3333333333333333,,0.0
2026-12-05,Chelsea,Liverpool,,,,2627,False,api,2033,,,,,3.0,,,,,3.0,1561.1224009135096,1635.5512272515668,-74.4288263380572,2.3333333333333335,,0.0
2026-12-05,Everton,Fulham,,,,2627,False,api,2034,,,,,3.0,,,,,3.0,1537.5864227830323,1508.3451176068447,29.241305176187552,3.0,,0.0
2026-12-05,Leeds United,Ipswich Town,,,,2627,False,api,2035,,,,,3.0,,,,,3.0,1516.6326899462101,1400.5389566918514,116.09373325435877,,,0.0
2026-12-05,Manchester United,Coventry City,,,,2627,False,api,2036,,,,,3.0,,,,,3.0,1607.0337448733367,1486.3849805950174,120.64876427831928,,,0.0
2026-12-05,Newcastle United,Sunderland,,,,2627,False,api,2037,,,,,3.0,,,,,3.0,1551.9997402115775,1528.7519800438524,23.24776016772512,0.0,,0.0
2026-12-05,Nottingham Forest,Brighton & Hove Albion,,,,2627,False,api,2038,,,,,3.0,,,,,3.0,1516.2668603607583,1581.81829615647,-65.55143579571177,1.0,,0.0
2026-12-05,Tottenham Hotspur,Arsenal,,,,2627,False,api,2039,,,,,3.0,,,,,3.0,1446.8317840776526,1747.0093481793851,-300.1775641017325,0.0,,0.0
2026-12-12,Arsenal,Bournemouth,,,,2627,False,api,2040,,,,,7.0,,,,,7.0,1747.0093481793851,1573.6727022948296,173.33664588455554,1.0,,0.0
2026-12-12,Brighton & Hove Albion,Everton,,,,2627,False,api,2041,,,,,7.0,,,,,7.0,1581.81829615647,1537.5864227830323,44.23187337343779,0.3333333333333333,,0.0
2026-12-12,Coventry City,Aston Villa,,,,2627,False,api,2042,,,,,7.0,,,,,7.0,1486.3849805950174,1590.625101624769,-104.24012102975166,,,0.0
2026-12-12,Crystal Palace,Manchester United,,,,2627,False,api,2043,,,,,7.0,,,,,7.0,1502.1958503520245,1607.0337448733367,-104.83789452131214,1.0,,0.0
2026-12-12,Fulham,Brentford,,,,2627,False,api,2044,,,,,7.0,,,,,7.0,1508.3451176068447,1566.8271529635306,-58.482035356685856,2.3333333333333335,,0.0
2026-12-12,Hull City,Tottenham Hotspur,,,,2627,False,api,2045,,,,,7.0,,,,,7.0,1518.7966632661442,1446.8317840776526,71.96487918849152,,,0.0
2026-12-12,Ipswich Town,Newcastle United,,,,2627,False,api,2046,,,,,7.0,,,,,7.0,1400.5389566918514,1551.9997402115775,-151.4607835197262,0.0,,0.0
2026-12-12,Liverpool,Leeds United,,,,2627,False,api,2047,,,,,7.0,,,,,7.0,1635.5512272515668,1516.6326899462101,118.91853730535672,1.6666666666666667,,0.0
2026-12-12,Manchester City,Chelsea,,,,2627,False,api,2048,,,,,7.0,,,,,7.0,1742.6382872521544,1561.1224009135096,181.5158863386448,2.3333333333333335,,0.0
2026-12-12,Sunderland,Nottingham Forest,,,,2627,False,api,2049,,,,,7.0,,,,,7.0,1528.7519800438524,1516.2668603607583,12.485119683094126,1.5,,0.0
2026-12-19,Arsenal,Manchester United,,,,2627,False,api,2050,,,,,7.0,,,,,7.0,1747.0093481793851,1607.0337448733367,139.97560330604847,1.3333333333333333,,0.0
2026-12-19,Bournemouth,Coventry City,,,,2627,False,api,2051,,,,,7.0,,,,,7.0,1573.6727022948296,1486.3849805950174,87.28772169981221,,,0.0
2026-12-19,Brentford,Newcastle United,,,,2627,False,api,2052,,,,,7.0,,,,,7.0,1566.8271529635306,1551.9997402115775,14.827412751953034,2.0,,0.0
2026-12-19,Brighton & Hove Albion,Ipswich Town,,,,2627,False,api,2053,,,,,7.0,,,,,7.0,1581.81829615647,1400.5389566918514,181.27933946461872,2.0,,0.0
2026-12-19,Chelsea,Aston Villa,,,,2627,False,api,2054,,,,,7.0,,,,,7.0,1561.1224009135096,1590.625101624769,-29.502700711259422,1.0,,0.0
2026-12-19,Leeds United,Fulham,,,,2627,False,api,2055,,,,,7.0,,,,,7.0,1516.6326899462101,1508.3451176068447,8.287572339365397,1.0,,0.0
2026-12-19,Liverpool,Tottenham Hotspur,,,,2627,False,api,2056,,,,,7.0,,,,,7.0,1635.5512272515668,1446.8317840776526,188.71944317391421,2.3333333333333335,,0.0
2026-12-19,Manchester City,Hull City,,,,2627,False,api,2057,,,,,7.0,,,,,7.0,1742.6382872521544,1518.7966632661442,223.8416239860103,,,0.0
2026-12-19,Nottingham Forest,Everton,,,,2627,False,api,2058,,,,,7.0,,,,,7.0,1516.2668603607583,1537.5864227830323,-21.319562422273975,0.0,,0.0
2026-12-19,Sunderland,Crystal Palace,,,,2627,False,api,2059,,,,,7.0,,,,,7.0,1528.7519800438524,1502.1958503520245,26.55612969182789,2.0,,0.0
2026-12-26,Aston Villa,Leeds United,,,,2627,False,api,2060,,,,,7.0,,,,,7.0,1590.625101624769,1516.6326899462101,73.99241167855894,2.3333333333333335,,0.0
2026-12-26,Everton,Sunderland,,,,2627,False,api,2061,,,,,7.0,,,,,7.0,1537.5864227830323,1528.7519800438524,8.834442739179849,0.5,,0.0
2026-12-26,Fulham,Brighton & Hove Albion,,,,2627,False,api,2062,,,,,7.0,,,,,7.0,1508.3451176068447,1581.81829615647,-73.47317854962535,1.3333333333333333,,0.0
2026-12-26,Hull City,Liverpool,,,,2627,False,api,2063,,,,,7.0,,,,,7.0,1518.7966632661442,1635.5512272515668,-116.75456398542269,,,0.0
2026-12-26,Ipswich Town,Brentford,,,,2627,False,api,2064,,,,,7.0,,,,,7.0,1400.5389566918514,1566.8271529635306,-166.28819627167923,0.0,,0.0
2026-12-26,Newcastle United,Manchester City,,,,2627,False,api,2065,,,,,7.0,,,,,7.0,1551.9997402115775,1742.6382872521544,-190.6385470405769,1.0,,0.0
2026-12-26,Tottenham Hotspur,Bournemouth,,,,2627,False,api,2066,,,,,7.0,,,,,7.0,1446.8317840776526,1573.6727022948296,-126.84091821717698,0.3333333333333333,,0.0
2026-12-27,Coventry City,Chelsea,,,,2627,False,api,2067,,,,,8.0,,,,,8.0,1486.3849805950174,1561.1224009135096,-74.73742031849224,,,0.0
2026-12-27,Crystal Palace,Arsenal,,,,2627,False,api,2068,,,,,8.0,,,,,8.0,1502.1958503520245,1747.0093481793851,-244.8134978273606,0.3333333333333333,,0.0
2026-12-27,Manchester United,Nottingham Forest,,,,2627,False,api,2069,,,,,8.0,,,,,8.0,1607.0337448733367,1516.2668603607583,90.76688451257837,1.3333333333333333,,0.0
2026-12-29,Everton,Manchester City,,,,2627,False,api,2070,,,,,3.0,,,,,3.0,1537.5864227830323,1742.6382872521544,-205.05186446912217,0.3333333333333333,,0.0
2026-12-29,Hull City,Leeds United,,,,2627,False,api,2071,,,,,3.0,,,,,3.0,1518.7966632661442,1516.6326899462101,2.16397331993403,,,0.0
2026-12-29,Tottenham Hotspur,Brighton & Hove Albion,,,,2627,False,api,2072,,,,,3.0,,,,,3.0,1446.8317840776526,1581.81829615647,-134.98651207881744,0.6666666666666666,,0.0
2026-12-30,Aston Villa,Liverpool,,,,2627,False,api,2073,,,,,4.0,,,,,4.0,1590.625101624769,1635.5512272515668,-44.926125626797784,1.3333333333333333,,0.0
2026-12-30,Coventry City,Brentford,,,,2627,False,api,2074,,,,,3.0,,,,,4.0,1486.3849805950174,1566.8271529635306,-80.44217236851318,,,-1.0
2026-12-30,Crystal Palace,Bournemouth,,,,2627,False,api,2075,,,,,3.0,,,,,4.0,1502.1958503520245,1573.6727022948296,-71.47685194280507,0.6666666666666666,,-1.0
2026-12-30,Fulham,Arsenal,,,,2627,False,api,2076,,,,,4.0,,,,,3.0,1508.3451176068447,1747.0093481793851,-238.66423057254042,0.0,,1.0
2026-12-30,Ipswich Town,Chelsea,,,,2627,False,api,2077,,,,,4.0,,,,,3.0,1400.5389566918514,1561.1224009135096,-160.58344422165828,2.0,,1.0
2026-12-30,Manchester United,Sunderland,,,,2627,False,api,2078,,,,,3.0,,,,,4.0,1607.0337448733367,1528.7519800438524,78.28176482948425,2.0,,-1.0
2026-12-30,Newcastle United,Nottingham Forest,,,,2627,False,api,2079,,,,,4.0,,,,,3.0,1551.9997402115775,1516.2668603607583,35.732879850819245,2.3333333333333335,,1.0
2027-01-01,Leeds United,Everton,,,,2627,False,api,2080,,,,,3.0,,,,,3.0,1516.6326899462101,1537.5864227830323,-20.953732836822155,1.3333333333333333,,0.0
2027-01-02,Arsenal,Ipswich Town,,,,2627,False,api,2081,,,,,3.0,,,,,3.0,1747.0093481793851,1400.5389566918514,346.4703914875338,3.0,,0.0
2027-01-02,Bournemouth,Aston Villa,,,,2627,False,api,2082,,,,,3.0,,,,,3.0,1573.6727022948296,1590.625101624769,-16.952399329939453,0.3333333333333333,,0.0
2027-01-02,Brentford,Crystal Palace,,,,2627,False,api,2083,,,,,3.0,,,,,3.0,1566.8271529635306,1502.1958503520245,64.63130261150604,1.3333333333333333,,0.0
2027-01-02,Brighton & Hove Albion,Manchester United,,,,2627,False,api,2084,,,,,4.0,,,,,3.0,1581.81829615647,1607.0337448733367,-25.215448716866604,1.0,,1.0
2027-01-02,Liverpool,Coventry City,,,,2627,False,api,2085,,,,,3.0,,,,,3.0,1635.5512272515668,1486.3849805950174,149.16624665654945,,,0.0
2027-01-02,Nottingham Forest,Fulham,,,,2627,False,api,2086,,,,,3.0,,,,,3.0,1516.2668603607583,1508.3451176068447,7.921742753913577,0.3333333333333333,,0.0
2027-01-02,Sunderland,Hull City,,,,2627,False,api,2087,,,,,3.0,,,,,4.0,1528.7519800438524,1518.7966632661442,9.955316777708276,,,-1.0
2027-01-03,Chelsea,Newcastle United,,,,2627,False,api,2088,,,,,4.0,,,,,4.0,1561.1224009135096,1551.9997402115775,9.12266070193209,0.3333333333333333,,0.0
2027-01-03,Manchester City,Tottenham Hotspur,,,,2627,False,api,2089,,,,,5.0,,,,,5.0,1742.6382872521544,1446.8317840776526,295.8065031745018,1.3333333333333333,,0.0
2027-01-05,Arsenal,Brentford,,,,2627,False,api,2090,,,,,3.0,,,,,3.0,1747.0093481793851,1566.8271529635306,180.18219521585456,1.6666666666666667,,0.0
2027-01-05,Brighton & Hove Albion,Bournemouth,,,,2627,False,api,2091,,,,,3.0,,,,,3.0,1581.81829615647,1573.6727022948296,8.145593861640464,1.3333333333333333,,0.0
2027-01-05,Everton,Aston Villa,,,,2627,False,api,2092,,,,,4.0,,,,,3.0,1537.5864227830323,1590.625101624769,-53.03867884173678,1.3333333333333333,,1.0
2027-01-05,Nottingham Forest,Hull City,,,,2627,False,api,2093,,,,,3.0,,,,,3.0,1516.2668603607583,1518.7966632661442,-2.52980290538585,,,0.0
2027-01-05,Sunderland,Liverpool,,,,2627,False,api,2094,,,,,3.0,,,,,3.0,1528.7519800438524,1635.5512272515668,-106.79924720771442,0.5,,0.0
2027-01-06,Crystal Palace,Chelsea,,,,2627,False,api,2095,,,,,4.0,,,,,3.0,1502.1958503520245,1561.1224009135096,-58.9265505614851,0.6666666666666666,,1.0
2027-01-06,Fulham,Tottenham Hotspur,,,,2627,False,api,2096,,,,,4.0,,,,,3.0,1508.3451176068447,1446.8317840776526,61.513333529192096,3.0,,1.0
2027-01-06,Ipswich Town,Coventry City,,,,2627,False,api,2097,,,,,4.0,,,,,4.0,1400.5389566918514,1486.3849805950174,-85.84602390316604,,,0.0
2027-01-06,Leeds United,Manchester City,,,,2627,False,api,2098,,,,,5.0,,,,,3.0,1516.6326899462101,1742.6382872521544,-226.00559730594432,0.0,,2.0
2027-01-07,Manchester United,Newcastle United,,,,2627,False,api,2099,,,,,5.0,,,,,4.0,1607.0337448733367,1551.9997402115775,55.03400466175913,1.0,,1.0
2027-01-16,Aston Villa,Manchester United,,,,2627,False,api,2100,,,,,11.0,,,,,9.0,1590.625101624769,1607.0337448733367,-16.408643248567614,1.0,,2.0
2027-01-16,Bournemouth,Ipswich Town,,,,2627,False,api,2101,,,,,11.0,,,,,10.0,1573.6727022948296,1400.5389566918514,173.13374560297825,1.5,,1.0
2027-01-16,Brentford,Brighton & Hove Albion,,,,2627,False,api,2102,,,,,11.0,,,,,11.0,1566.8271529635306,1581.81829615647,-14.99114319293949,1.0,,0.0
2027-01-16,Chelsea,Sunderland,,,,2627,False,api,2103,,,,,10.0,,,,,11.0,1561.1224009135096,1528.7519800438524,32.37042086965721,0.0,,-1.0
2027-01-16,Coventry City,Everton,,,,2627,False,api,2104,,,,,10.0,,,,,11.0,1486.3849805950174,1537.5864227830323,-51.20144218801488,,,-1.0
2027-01-16,Hull City,Arsenal,,,,2627,False,api,2105,,,,,11.0,,,,,11.0,1518.7966632661442,1747.0093481793851,-228.212684913241,,,0.0
2027-01-16,Liverpool,Crystal Palace,,,,2627,False,api,2106,,,,,11.0,,,,,10.0,1635.5512272515668,1502.1958503520245,133.3553768995423,1.3333333333333333,,1.0
2027-01-16,Manchester City,Nottingham Forest,,,,2627,False,api,2107,,,,,10.0,,,,,11.0,1742.6382872521544,1516.2668603607583,226.37142689139614,1.3333333333333333,,-1.0
2027-01-16,Newcastle United,Fulham,,,,2627,False,api,2108,,,,,9.0,,,,,10.0,1551.9997402115775,1508.3451176068447,43.65462260473282,1.0,,-1.0
2027-01-16,Tottenham Hotspur,Leeds United,,,,2627,False,api,2109,,,,,10.0,,,,,10.0,1446.8317840776526,1516.6326899462101,-69.80090586855749,2.3333333333333335,,0.0
2027-01-23,Arsenal,Newcastle United,,,,2627,False,api,2110,,,,,7.0,,,,,7.0,1747.0093481793851,1551.9997402115775,195.0096079678076,3.0,,0.0
2027-01-23,Brighton & Hove Albion,Manchester City,,,,2627,False,api,2111,,,,,7.0,,,,,7.0,1581.81829615647,1742.6382872521544,-160.81999109568437,1.6666666666666667,,0.0
2027-01-23,Crystal Palace,Tottenham Hotspur,,,,2627,False,api,2112,,,,,7.0,,,,,7.0,1502.1958503520245,1446.8317840776526,55.36406627437191,2.0,,0.0
2027-01-23,Everton,Brentford,,,,2627,False,api,2113,,,,,7.0,,,,,7.0,1537.5864227830323,1566.8271529635306,-29.240730180498304,0.6666666666666666,,0.0
2027-01-23,Fulham,Aston Villa,,,,2627,False,api,2114,,,,,7.0,,,,,7.0,1508.3451176068447,1590.625101624769,-82.27998401792433,1.0,,0.0
2027-01-23,Ipswich Town,Hull City,,,,2627,False,api,2115,,,,,7.0,,,,,7.0,1400.5389566918514,1518.7966632661442,-118.2577065742928,,,0.0
2027-01-23,Leeds United,Chelsea,,,,2627,False,api,2116,,,,,7.0,,,,,7.0,1516.6326899462101,1561.1224009135096,-44.489710967299516,1.3333333333333333,,0.0
2027-01-23,Manchester United,Liverpool,,,,2627,False,api,2117,,,,,7.0,,,,,7.0,1607.0337448733367,1635.5512272515668,-28.51748237823017,2.3333333333333335,,0.0
2027-01-23,Nottingham Forest,Bournemouth,,,,2627,False,api,2118,,,,,7.0,,,,,7.0,1516.2668603607583,1573.6727022948296,-57.405841934071304,0.3333333333333333,,0.0
2027-01-23,Sunderland,Coventry City,,,,2627,False,api,2119,,,,,7.0,,,,,7.0,1528.7519800438524,1486.3849805950174,42.36699944883503,,,0.0
2027-01-30,Aston Villa,Ipswich Town,,,,2627,False,api,2120,,,,,7.0,,,,,7.0,1590.625101624769,1400.5389566918514,190.0861449329177,1.0,,0.0
2027-01-30,Bournemouth,Fulham,,,,2627,False,api,2121,,,,,7.0,,,,,7.0,1573.6727022948296,1508.3451176068447,65.32758468798488,3.0,,0.0
2027-01-30,Brentford,Manchester United,,,,2627,False,api,2122,,,,,7.0,,,,,7.0,1566.8271529635306,1607.0337448733367,-40.20659190980609,2.0,,0.0
2027-01-30,Chelsea,Nottingham Forest,,,,2627,False,api,2123,,,,,7.0,,,,,7.0,1561.1224009135096,1516.2668603607583,44.855540552751336,2.0,,0.0
2027-01-30,Coventry City,Leeds United,,,,2627,False,api,2124,,,,,7.0,,,,,7.0,1486.3849805950174,1516.6326899462101,-30.247709351192725,,,0.0
2027-01-30,Hull City,Crystal Palace,,,,2627,False,api,2125,,,,,7.0,,,,,7.0,1518.7966632661442,1502.1958503520245,16.600812914119615,,,0.0
2027-01-30,Liverpool,Everton,,,,2627,False,api,2126,,,,,7.0,,,,,7.0,1635.5512272515668,1537.5864227830323,97.96480446853457,3.0,,0.0
2027-01-30,Manchester City,Arsenal,,,,2627,False,api,2127,,,,,7.0,,,,,7.0,1742.6382872521544,1747.0093481793851,-4.371060927230701,1.3333333333333333,,0.0
2027-01-30,Newcastle United,Brighton & Hove Albion,,,,2627,False,api,2128,,,,,7.0,,,,,7.0,1551.9997402115775,1581.81829615647,-29.818555944892523,1.3333333333333333,,0.0
2027-01-30,Tottenham Hotspur,Sunderland,,,,2627,False,api,2129,,,,,7.0,,,,,7.0,1446.8317840776526,1528.7519800438524,-81.9201959661998,0.5,,0.0
2027-02-06,Arsenal,Liverpool,,,,2627,False,api,2130,,,,,7.0,,,,,7.0,1747.0093481793851,1635.5512272515668,111.4581209278183,0.6666666666666666,,0.0
2027-02-06,Brighton & Hove Albion,Hull City,,,,2627,False,api,2131,,,,,7.0,,,,,7.0,1581.81829615647,1518.7966632661442,63.02163289032592,,,0.0
2027-02-06,Crystal Palace,Coventry City,,,,2627,False,api,2132,,,,,7.0,,,,,7.0,1502.1958503520245,1486.3849805950174,15.81086975700714,,,0.0
2027-02-06,Everton,Newcastle United,,,,2627,False,api,2133,,,,,7.0,,,,,7.0,1537.5864227830323,1551.9997402115775,-14.41331742854527,2.0,,0.0
2027-02-06,Fulham,Manchester City,,,,2627,False,api,2134,,,,,7.0,,,,,7.0,1508.3451176068447,1742.6382872521544,-234.29316964530972,0.0,,0.0
2027-02-06,Ipswich Town,Tottenham Hotspur,,,,2627,False,api,2135,,,,,7.0,,,,,7.0,1400.5389566918514,1446.8317840776526,-46.292827385801274,1.5,,0.0
2027-02-06,Leeds United,Bournemouth,,,,2627,False,api,2136,,,,,7.0,,,,,7.0,1516.6326899462101,1573.6727022948296,-57.040012348619484,0.6666666666666666,,0.0
2027-02-06,Manchester United,Chelsea,,,,2627,False,api,2137,,,,,7.0,,,,,7.0,1607.0337448733367,1561.1224009135096,45.911343959827036,2.0,,0.0
2027-02-06,Nottingham Forest,Brentford,,,,2627,False,api,2138,,,,,7.0,,,,,7.0,1516.2668603607583,1566.8271529635306,-50.56029260277228,2.0,,0.0
2027-02-06,Sunderland,Aston Villa,,,,2627,False,api,2139,,,,,7.0,,,,,7.0,1528.7519800438524,1590.625101624769,-61.87312158091663,0.5,,0.0
2027-02-10,Aston Villa,Bournemouth,,,,2627,False,api,2140,,,,,4.0,,,,,4.0,1590.625101624769,1573.6727022948296,16.952399329939453,2.3333333333333335,,0.0
2027-02-10,Coventry City,Liverpool,,,,2627,False,api,2141,,,,,4.0,,,,,4.0,1486.3849805950174,1635.5512272515668,-149.16624665654945,,,0.0
2027-02-10,Crystal Palace,Brentford,,,,2627,False,api,2142,,,,,4.0,,,,,4.0,1502.1958503520245,1566.8271529635306,-64.63130261150604,1.3333333333333333,,0.0
2027-02-10,Everton,Leeds United,,,,2627,False,api,2143,,,,,4.0,,,,,4.0,1537.5864227830323,1516.6326899462101,20.953732836822155,1.3333333333333333,,0.0
2027-02-10,Fulham,Nottingham Forest,,,,2627,False,api,2144,,,,,4.0,,,,,4.0,1508.3451176068447,1516.2668603607583,-7.921742753913577,2.3333333333333335,,0.0
2027-02-10,Hull City,Sunderland,,,,2627,False,api,2145,,,,,4.0,,,,,4.0,1518.7966632661442,1528.7519800438524,-9.955316777708276,,,0.0
2027-02-10,Ipswich Town,Arsenal,,,,2627,False,api,2146,,,,,4.0,,,,,4.0,1400.5389566918514,1747.0093481793851,-346.4703914875338,0.0,,0.0
2027-02-10,Manchester United,Brighton & Hove Albion,,,,2627,False,api,2147,,,,,4.0,,,,,4.0,1607.0337448733367,1581.81829615647,25.215448716866604,2.0,,0.0
2027-02-10,Newcastle United,Chelsea,,,,2627,False,api,2148,,,,,4.0,,,,,4.0,1551.9997402115775,1561.1224009135096,-9.12266070193209,2.3333333333333335,,0.0
2027-02-10,Tottenham Hotspur,Manchester City,,,,2627,False,api,2149,,,,,4.0,,,,,4.0,1446.8317840776526,1742.6382872521544,-295.8065031745018,1.3333333333333333,,0.0
2027-02-20,Arsenal,Fulham,,,,2627,False,api,2150,,,,,10.0,,,,,10.0,1747.0093481793851,1508.3451176068447,238.66423057254042,3.0,,0.0
2027-02-20,Bournemouth,Crystal Palace,,,,2627,False,api,2151,,,,,10.0,,,,,10.0,1573.6727022948296,1502.1958503520245,71.47685194280507,1.6666666666666667,,0.0
2027-02-20,Brentford,Coventry City,,,,2627,False,api,2152,,,,,10.0,,,,,10.0,1566.8271529635306,1486.3849805950174,80.44217236851318,,,0.0
2027-02-20,Brighton & Hove Albion,Tottenham Hotspur,,,,2627,False,api,2153,,,,,10.0,,,,,10.0,1581.81829615647,1446.8317840776526,134.98651207881744,1.6666666666666667,,0.0
2027-02-20,Chelsea,Ipswich Town,,,,2627,False,api,2154,,,,,10.0,,,,,10.0,1561.1224009135096,1400.5389566918514,160.58344422165828,0.5,,0.0
2027-02-20,Leeds United,Aston Villa,,,,2627,False,api,2155,,,,,10.0,,,,,10.0,1516.6326899462101,1590.625101624769,-73.99241167855894,0.3333333333333333,,0.0
2027-02-20,Liverpool,Hull City,,,,2627,False,api,2156,,,,,10.0,,,,,10.0,1635.5512272515668,1518.7966632661442,116.75456398542269,,,0.0
2027-02-20,Manchester City,Newcastle United,,,,2627,False,api,2157,,,,,10.0,,,,,10.0,1742.6382872521544,1551.9997402115775,190.6385470405769,2.0,,0.0
2027-02-20,Nottingham Forest,Manchester United,,,,2627,False,api,2158,,,,,10.0,,,,,10.0,1516.2668603607583,1607.0337448733367,-90.76688451257837,1.3333333333333333,,0.0
2027-02-20,Sunderland,Everton,,,,2627,False,api,2159,,,,,10.0,,,,,10.0,1528.7519800438524,1537.5864227830323,-8.834442739179849,2.0,,0.0
2027-02-27,Aston Villa,Chelsea,,,,2627,False,api,2160,,,,,7.0,,,,,7.0,1590.625101624769,1561.1224009135096,29.502700711259422,2.0,,0.0
2027-02-27,Coventry City,Bournemouth,,,,2627,False,api,2161,,,,,7.0,,,,,7.0,1486.3849805950174,1573.6727022948296,-87.28772169981221,,,0.0
2027-02-27,Crystal Palace,Sunderland,,,,2627,False,api,2162,,,,,7.0,,,,,7.0,1502.1958503520245,1528.7519800438524,-26.55612969182789,0.5,,0.0
2027-02-27,Everton,Nottingham Forest,,,,2627,False,api,2163,,,,,7.0,,,,,7.0,1537.5864227830323,1516.2668603607583,21.319562422273975,3.0,,0.0
2027-02-27,Fulham,Leeds United,,,,2627,False,api,2164,,,,,7.0,,,,,7.0,1508.3451176068447,1516.6326899462101,-8.287572339365397,2.0,,0.0
2027-02-27,Hull City,Manchester City,,,,2627,False,api,2165,,,,,7.0,,,,,7.0,1518.7966632661442,1742.6382872521544,-223.8416239860103,,,0.0
2027-02-27,Ipswich Town,Brighton & Hove Albion,,,,2627,False,api,2166,,,,,7.0,,,,,7.0,1400.5389566918514,1581.81829615647,-181.27933946461872,0.5,,0.0
2027-02-27,Manchester United,Arsenal,,,,2627,False,api,2167,,,,,7.0,,,,,7.0,1607.0337448733367,1747.0093481793851,-139.97560330604847,1.3333333333333333,,0.0
2027-02-27,Newcastle United,Brentford,,,,2627,False,api,2168,,,,,7.0,,,,,7.0,1551.9997402115775,1566.8271529635306,-14.827412751953034,1.0,,0.0
2027-02-27,Tottenham Hotspur,Liverpool,,,,2627,False,api,2169,,,,,7.0,,,,,7.0,1446.8317840776526,1635.5512272515668,-188.71944317391421,0.3333333333333333,,0.0
2027-03-03,Arsenal,Crystal Palace,,,,2627,False,api,2170,,,,,4.0,,,,,4.0,1747.0093481793851,1502.1958503520245,244.8134978273606,2.3333333333333335,,0.0
2027-03-03,Bournemouth,Tottenham Hotspur,,,,2627,False,api,2171,,,,,4.0,,,,,4.0,1573.6727022948296,1446.8317840776526,126.84091821717698,2.3333333333333335,,0.0
2027-03-03,Brentford,Ipswich Town,,,,2627,False,api,2172,,,,,4.0,,,,,4.0,1566.8271529635306,1400.5389566918514,166.28819627167923,3.0,,0.0
2027-03-03,Brighton & Hove Albion,Fulham,,,,2627,False,api,2173,,,,,4.0,,,,,4.0,1581.81829615647,1508.3451176068447,73.47317854962535,1.3333333333333333,,0.0
2027-03-03,Chelsea,Coventry City,,,,2627,False,api,2174,,,,,4.0,,,,,4.0,1561.1224009135096,1486.3849805950174,74.73742031849224,,,0.0
2027-03-03,Leeds United,Hull City,,,,2627,False,api,2175,,,,,4.0,,,,,4.0,1516.6326899462101,1518.7966632661442,-2.16397331993403,,,0.0
2027-03-03,Liverpool,Aston Villa,,,,2627,False,api,2176,,,,,4.0,,,,,4.0,1635.5512272515668,1590.625101624769,44.926125626797784,1.3333333333333333,,0.0
2027-03-03,Manchester City,Everton,,,,2627,False,api,2177,,,,,4.0,,,,,4.0,1742.6382872521544,1537.5864227830323,205.05186446912217,2.3333333333333335,,0.0
2027-03-03,Nottingham Forest,Newcastle United,,,,2627,False,api,2178,,,,,4.0,,,,,4.0,1516.2668603607583,1551.9997402115775,-35.732879850819245,0.3333333333333333,,0.0
2027-03-03,Sunderland,Manchester United,,,,2627,False,api,2179,,,,,4.0,,,,,4.0,1528.7519800438524,1607.0337448733367,-78.28176482948425,0.5,,0.0
2027-03-13,Aston Villa,Hull City,,,,2627,False,api,2180,,,,,10.0,,,,,10.0,1590.625101624769,1518.7966632661442,71.82843835862491,1.0,,0.0
2027-03-13,Bournemouth,Newcastle United,,,,2627,False,api,2181,,,,,10.0,,,,,10.0,1573.6727022948296,1551.9997402115775,21.67296208325206,1.6666666666666667,,0.0
2027-03-13,Chelsea,Arsenal,,,,2627,False,api,2182,,,,,10.0,,,,,10.0,1561.1224009135096,1747.0093481793851,-185.8869472658755,0.3333333333333333,,0.0
2027-03-13,Coventry City,Manchester City,,,,2627,False,api,2183,,,,,10.0,,,,,10.0,1486.3849805950174,1742.6382872521544,-256.25330665713705,0.0,,0.0
2027-03-13,Crystal Palace,Fulham,,,,2627,False,api,2184,,,,,10.0,,,,,10.0,1502.1958503520245,1508.3451176068447,-6.149267254820188,2.3333333333333335,,0.0
2027-03-13,Leeds United,Brighton & Hove Albion,,,,2627,False,api,2185,,,,,10.0,,,,,10.0,1516.6326899462101,1581.81829615647,-65.18560621025995,1.3333333333333333,,0.0
2027-03-13,Liverpool,Ipswich Town,,,,2627,False,api,2186,,,,,10.0,,,,,10.0,1635.5512272515668,1400.5389566918514,235.0122705597155,3.0,,0.0
2027-03-13,Manchester United,Everton,,,,2627,False,api,2187,,,,,10.0,,,,,10.0,1607.0337448733367,1537.5864227830323,69.4473220903044,1.3333333333333333,,0.0
2027-03-13,Sunderland,Brentford,,,,2627,False,api,2188,,,,,10.0,,,,,10.0,1528.7519800438524,1566.8271529635306,-38.07517291967815,1.3333333333333333,,0.0
2027-03-13,Tottenham Hotspur,Nottingham Forest,,,,2627,False,api,2189,,,,,10.0,,,,,10.0,1446.8317840776526,1516.2668603607583,-69.43507628310567,0.3333333333333333,,0.0
2027-03-20,Arsenal,Sunderland,,,,2627,False,api,2190,,,,,7.0,,,,,7.0,1747.0093481793851,1528.7519800438524,218.25736813553272,2.3333333333333335,,0.0
2027-03-20,Brentford,Bournemouth,,,,2627,False,api,2191,,,,,7.0,,,,,7.0,1566.8271529635306,1573.6727022948296,-6.845549331299026,1.6666666666666667,,0.0
2027-03-20,Brighton & Hove Albion,Coventry City,,,,2627,False,api,2192,,,,,7.0,,,,,7.0,1581.81829615647,1486.3849805950174,95.43331556145267,3.0,,0.0
2027-03-20,Everton,Tottenham Hotspur,,,,2627,False,api,2193,,,,,7.0,,,,,7.0,1537.5864227830323,1446.8317840776526,90.75463870537965,0.3333333333333333,,0.0
2027-03-20,Fulham,Liverpool,,,,2627,False,api,2194,,,,,7.0,,,,,7.0,1508.3451176068447,1635.5512272515668,-127.20610964472212,0.6666666666666666,,0.0
2027-03-20,Hull City,Chelsea,,,,2627,False,api,2195,,,,,7.0,,,,,7.0,1518.7966632661442,1561.1224009135096,-42.325737647365486,1.0,,0.0
2027-03-20,Ipswich Town,Crystal Palace,,,,2627,False,api,2196,,,,,7.0,,,,,7.0,1400.5389566918514,1502.1958503520245,-101.65689366017318,1.0,,0.0
2027-03-20,Manchester City,Manchester United,,,,2627,False,api,2197,,,,,7.0,,,,,7.0,1742.6382872521544,1607.0337448733367,135.60454237881777,2.0,,0.0
2027-03-20,Newcastle United,Leeds United,,,,2627,False,api,2198,,,,,7.0,,,,,7.0,1551.9997402115775,1516.6326899462101,35.367050265367425,1.3333333333333333,,0.0
2027-03-20,Nottingham Forest,Aston Villa,,,,2627,False,api,2199,,,,,7.0,,,,,7.0,1516.2668603607583,1590.625101624769,-74.35824126401076,1.3333333333333333,,0.0
2027-04-10,Aston Villa,Brighton & Hove Albion,,,,2627,False,api,2200,,,,,14.0,,,,,14.0,1590.625101624769,1581.81829615647,8.80680546829899,2.0,,0.0
2027-04-10,Bournemouth,Manchester City,,,,2627,False,api,2201,,,,,14.0,,,,,14.0,1573.6727022948296,1742.6382872521544,-168.96558495732484,0.3333333333333333,,0.0
2027-04-10,Chelsea,Fulham,,,,2627,False,api,2202,,,,,14.0,,,,,14.0,1561.1224009135096,1508.3451176068447,52.77728330666491,2.0,,0.0
2027-04-10,Coventry City,Arsenal,,,,2627,False,api,2203,,,,,14.0,,,,,14.0,1486.3849805950174,1747.0093481793851,-260.62436758436775,0.0,,0.0
2027-04-10,Crystal Palace,Everton,,,,2627,False,api,2204,,,,,14.0,,,,,14.0,1502.1958503520245,1537.5864227830323,-35.39057243100774,0.3333333333333333,,0.0
2027-04-10,Leeds United,Nottingham Forest,,,,2627,False,api,2205,,,,,14.0,,,,,14.0,1516.6326899462101,1516.2668603607583,0.3658295854518201,2.0,,0.0
2027-04-10,Liverpool,Newcastle United,,,,2627,False,api,2206,,,,,14.0,,,,,14.0,1635.5512272515668,1551.9997402115775,83.5514870399893,2.3333333333333335,,0.0
2027-04-10,Manchester United,Hull City,,,,2627,False,api,2207,,,,,14.0,,,,,14.0,1607.0337448733367,1518.7966632661442,88.23708160719252,0.0,,0.0
2027-04-10,Sunderland,Ipswich Town,,,,2627,False,api,2208,,,,,14.0,,,,,14.0,1528.7519800438524,1400.5389566918514,128.21302335200107,0.0,,0.0
2027-04-10,Tottenham Hotspur,Brentford,,,,2627,False,api,2209,,,,,14.0,,,,,14.0,1446.8317840776526,1566.8271529635306,-119.99536888587795,1.3333333333333333,,0.0
2027-04-17,Arsenal,Aston Villa,,,,2627,False,api,2210,,,,,7.0,,,,,7.0,1747.0093481793851,1590.625101624769,156.38424655461608,2.0,,0.0
2027-04-17,Brentford,Leeds United,,,,2627,False,api,2211,,,,,7.0,,,,,7.0,1566.8271529635306,1516.6326899462101,50.19446301732046,1.0,,0.0
2027-04-17,Brighton & Hove Albion,Chelsea,,,,2627,False,api,2212,,,,,7.0,,,,,7.0,1581.81829615647,1561.1224009135096,20.695895242960432,2.0,,0.0
2027-04-17,Everton,Bournemouth,,,,2627,False,api,2213,,,,,7.0,,,,,7.0,1537.5864227830323,1573.6727022948296,-36.08627951179733,1.3333333333333333,,0.0
2027-04-17,Fulham,Sunderland,,,,2627,False,api,2214,,,,,7.0,,,,,7.0,1508.3451176068447,1528.7519800438524,-20.406862437007703,2.0,,0.0
2027-04-17,Hull City,Coventry City,,,,2627,False,api,2215,,,,,7.0,,,,,7.0,1518.7966632661442,1486.3849805950174,32.411682671126755,3.0,,0.0
2027-04-17,Ipswich Town,Manchester United,,,,2627,False,api,2216,,,,,7.0,,,,,7.0,1400.5389566918514,1607.0337448733367,-206.49478818148532,0.3333333333333333,,0.0
2027-04-17,Manchester City,Crystal Palace,,,,2627,False,api,2217,,,,,7.0,,,,,7.0,1742.6382872521544,1502.1958503520245,240.4424369001299,3.0,,0.0
2027-04-17,Newcastle United,Tottenham Hotspur,,,,2627,False,api,2218,,,,,7.0,,,,,7.0,1551.9997402115775,1446.8317840776526,105.16795613392492,2.3333333333333335,,0.0
2027-04-17,Nottingham Forest,Liverpool,,,,2627,False,api,2219,,,,,7.0,,,,,7.0,1516.2668603607583,1635.5512272515668,-119.28436689080854,1.3333333333333333,,0.0
2027-04-24,Aston Villa,Coventry City,,,,2627,False,api,2220,,,,,7.0,,,,,7.0,1590.625101624769,1486.3849805950174,104.24012102975166,,,0.0
2027-04-24,Bournemouth,Arsenal,,,,2627,False,api,2221,,,,,7.0,,,,,7.0,1573.6727022948296,1747.0093481793851,-173.33664588455554,2.0,,0.0
2027-04-24,Brentford,Fulham,,,,2627,False,api,2222,,,,,7.0,,,,,7.0,1566.8271529635306,1508.3451176068447,58.482035356685856,0.3333333333333333,,0.0
2027-04-24,Chelsea,Manchester City,,,,2627,False,api,2223,,,,,7.0,,,,,7.0,1561.1224009135096,1742.6382872521544,-181.5158863386448,0.3333333333333333,,0.0
2027-04-24,Everton,Brighton & Hove Albion,,,,2627,False,api,2224,,,,,7.0,,,,,7.0,1537.5864227830323,1581.81829615647,-44.23187337343779,2.3333333333333335,,0.0
2027-04-24,Leeds United,Liverpool,,,,2627,False,api,2225,,,,,7.0,,,,,7.0,1516.6326899462101,1635.5512272515668,-118.91853730535672,0.6666666666666666,,0.0
2027-04-24,Manchester United,Crystal Palace,,,,2627,False,api,2226,,,,,7.0,,,,,7.0,1607.0337448733367,1502.1958503520245,104.83789452131214,2.0,,0.0
2027-04-24,Newcastle United,Ipswich Town,,,,2627,False,api,2227,,,,,7.0,,,,,7.0,1551.9997402115775,1400.5389566918514,151.4607835197262,3.0,,0.0
2027-04-24,Nottingham Forest,Sunderland,,,,2627,False,api,2228,,,,,7.0,,,,,7.0,1516.2668603607583,1528.7519800438524,-12.485119683094126,1.5,,0.0
2027-04-24,Tottenham Hotspur,Hull City,,,,2627,False,api,2229,,,,,7.0,,,,,7.0,1446.8317840776526,1518.7966632661442,-71.96487918849152,,,0.0
2027-05-01,Arsenal,Tottenham Hotspur,,,,2627,False,api,2230,,,,,7.0,,,,,7.0,1747.0093481793851,1446.8317840776526,300.1775641017325,3.0,,0.0
2027-05-01,Brighton & Hove Albion,Nottingham Forest,,,,2627,False,api,2231,,,,,7.0,,,,,7.0,1581.81829615647,1516.2668603607583,65.55143579571177,2.0,,0.0
2027-05-01,Coventry City,Manchester United,,,,2627,False,api,2232,,,,,7.0,,,,,7.0,1486.3849805950174,1607.0337448733367,-120.64876427831928,,,0.0
2027-05-01,Crystal Palace,Aston Villa,,,,2627,False,api,2233,,,,,7.0,,,,,7.0,1502.1958503520245,1590.625101624769,-88.42925127274452,2.3333333333333335,,0.0
2027-05-01,Fulham,Everton,,,,2627,False,api,2234,,,,,7.0,,,,,7.0,1508.3451176068447,1537.5864227830323,-29.241305176187552,0.0,,0.0
2027-05-01,Hull City,Bournemouth,,,,2627,False,api,2235,,,,,7.0,,,,,7.0,1518.7966632661442,1573.6727022948296,-54.876039028685454,,,0.0
2027-05-01,Ipswich Town,Leeds United,,,,2627,False,api,2236,,,,,7.0,,,,,7.0,1400.5389566918514,1516.6326899462101,-116.09373325435877,,,0.0
2027-05-01,Liverpool,Chelsea,,,,2627,False,api,2237,,,,,7.0,,,,,7.0,1635.5512272515668,1561.1224009135096,74.4288263380572,0.3333333333333333,,0.0
2027-05-01,Manchester City,Brentford,,,,2627,False,api,2238,,,,,7.0,,,,,7.0,1742.6382872521544,1566.8271529635306,175.81113428862386,2.3333333333333335,,0.0
2027-05-01,Sunderland,Newcastle United,,,,2627,False,api,2239,,,,,7.0,,,,,7.0,1528.7519800438524,1551.9997402115775,-23.24776016772512,3.0,,0.0
2027-05-08,Bournemouth,Manchester United,,,,2627,False,api,2240,,,,,7.0,,,,,7.0,1573.6727022948296,1607.0337448733367,-33.36104257850707,1.0,,0.0
2027-05-08,Brentford,Aston Villa,,,,2627,False,api,2241,,,,,7.0,,,,,7.0,1566.8271529635306,1590.625101624769,-23.79794866123848,2.0,,0.0
2027-05-08,Brighton & Hove Albion,Sunderland,,,,2627,False,api,2242,,,,,7.0,,,,,7.0,1581.81829615647,1528.7519800438524,53.06631611261764,2.0,,0.0
2027-05-08,Everton,Hull City,,,,2627,False,api,2243,,,,,7.0,,,,,7.0,1537.5864227830323,1518.7966632661442,18.789759516888125,,,0.0
2027-05-08,Fulham,Ipswich Town,,,,2627,False,api,2244,,,,,7.0,,,,,7.0,1508.3451176068447,1400.5389566918514,107.80616091499337,1.0,,0.0
2027-05-08,Leeds United,Arsenal,,,,2627,False,api,2245,,,,,7.0,,,,,7.0,1516.6326899462101,1747.0093481793851,-230.37665823317502,0.0,,0.0
2027-05-08,Manchester City,Liverpool,,,,2627,False,api,2246,,,,,7.0,,,,,7.0,1742.6382872521544,1635.5512272515668,107.0870600005876,2.0,,0.0
2027-05-08,Newcastle United,Coventry City,,,,2627,False,api,2247,,,,,7.0,,,,,7.0,1551.9997402115775,1486.3849805950174,65.61475961656015,,,0.0
2027-05-08,Nottingham Forest,Crystal Palace,,,,2627,False,api,2248,,,,,7.0,,,,,7.0,1516.2668603607583,1502.1958503520245,14.071010008733765,1.0,,0.0
2027-05-08,Tottenham Hotspur,Chelsea,,,,2627,False,api,2249,,,,,7.0,,,,,7.0,1446.8317840776526,1561.1224009135096,-114.29061683585701,0.0,,0.0
2027-05-15,Arsenal,Nottingham Forest,,,,2627,False,api,2250,,,,,7.0,,,,,7.0,1747.0093481793851,1516.2668603607583,230.74248781862684,1.6666666666666667,,0.0
2027-05-15,Aston Villa,Newcastle United,,,,2627,False,api,2251,,,,,7.0,,,,,7.0,1590.625101624769,1551.9997402115775,38.62536141319151,2.3333333333333335,,0.0
2027-05-15,Chelsea,Everton,,,,2627,False,api,2252,,,,,7.0,,,,,7.0,1561.1224009135096,1537.5864227830323,23.53597813047736,2.0,,0.0
2027-05-15,Coventry City,Tottenham Hotspur,,,,2627,False,api,2253,,,,,7.0,,,,,7.0,1486.3849805950174,1446.8317840776526,39.55319651736477,,,0.0
2027-05-15,Crystal Palace,Brighton & Hove Albion,,,,2627,False,api,2254,,,,,7.0,,,,,7.0,1502.1958503520245,1581.81829615647,-79.62244580444553,2.3333333333333335,,0.0
2027-05-15,Hull City,Fulham,,,,2627,False,api,2255,,,,,7.0,,,,,7.0,1518.7966632661442,1508.3451176068447,10.451545659299427,,,0.0
2027-05-15,Ipswich Town,Manchester City,,,,2627,False,api,2256,,,,,7.0,,,,,7.0,1400.5389566918514,1742.6382872521544,-342.0993305603031,0.0,,0.0
2027-05-15,Liverpool,Brentford,,,,2627,False,api,2257,,,,,7.0,,,,,7.0,1635.5512272515668,1566.8271529635306,68.72407428803626,1.3333333333333333,,0.0
2027-05-15,Manchester United,Leeds United,,,,2627,False,api,2258,,,,,7.0,,,,,7.0,1607.0337448733367,1516.6326899462101,90.40105492712655,1.3333333333333333,,0.0
2027-05-15,Sunderland,Bournemouth,,,,2627,False,api,2259,,,,,7.0,,,,,7.0,1528.7519800438524,1573.6727022948296,-44.92072225097718,2.0,,0.0
2027-05-23,Bournemouth,Chelsea,,,,2627,False,api,2260,,,,,8.0,,,,,8.0,1573.6727022948296,1561.1224009135096,12.550301381319969,1.0,,0.0
2027-05-23,Brentford,Hull City,,,,2627,False,api,2261,,,,,8.0,,,,,8.0,1566.8271529635306,1518.7966632661442,48.03048969738643,,,0.0
2027-05-23,Brighton & Hove Albion,Liverpool,,,,2627,False,api,2262,,,,,8.0,,,,,8.0,1581.81829615647,1635.5512272515668,-53.732931095096774,2.0,,0.0
2027-05-23,Everton,Arsenal,,,,2627,False,api,2263,,,,,8.0,,,,,8.0,1537.5864227830323,1747.0093481793851,-209.42292539635287,0.3333333333333333,,0.0
2027-05-23,Fulham,Coventry City,,,,2627,False,api,2264,,,,,8.0,,,,,8.0,1508.3451176068447,1486.3849805950174,21.960137011827328,,,0.0
2027-05-23,Leeds United,Sunderland,,,,2627,False,api,2265,,,,,8.0,,,,,8.0,1516.6326899462101,1528.7519800438524,-12.119290097642306,0.5,,0.0
2027-05-23,Manchester City,Aston Villa,,,,2627,False,api,2266,,,,,8.0,,,,,8.0,1742.6382872521544,1590.625101624769,152.01318562738538,1.0,,0.0
2027-05-23,Newcastle United,Crystal Palace,,,,2627,False,api,2267,,,,,8.0,,,,,8.0,1551.9997402115775,1502.1958503520245,49.80388985955301,2.0,,0.0
2027-05-23,Nottingham Forest,Ipswich Town,,,,2627,False,api,2268,,,,,8.0,,,,,8.0,1516.2668603607583,1400.5389566918514,115.72790366890695,3.0,,0.0
2027-05-23,Tottenham Hotspur,Manchester United,,,,2627,False,api,2269,,,,,8.0,,,,,8.0,1446.8317840776526,1607.0337448733367,-160.20196079568404,1.3333333333333333,,0.0
2027-05-30,Arsenal,Brighton & Hove Albion,,,,2627,False,api,2270,,,,,7.0,,,,,7.0,1747.0093481793851,1581.81829615647,165.19105202291507,2.0,,0.0
2027-05-30,Aston Villa,Tottenham Hotspur,,,,2627,False,api,2271,,,,,7.0,,,,,7.0,1590.625101624769,1446.8317840776526,143.79331754711643,2.0,,0.0
2027-05-30,Chelsea,Brentford,,,,2627,False,api,2272,,,,,7.0,,,,,7.0,1561.1224009135096,1566.8271529635306,-5.704752050020943,1.3333333333333333,,0.0
2027-05-30,Coventry City,Nottingham Forest,,,,2627,False,api,2273,,,,,7.0,,,,,7.0,1486.3849805950174,1516.2668603607583,-29.881879765740905,3.0,,0.0
2027-05-30,Crystal Palace,Leeds United,,,,2627,False,api,2274,,,,,7.0,,,,,7.0,1502.1958503520245,1516.6326899462101,-14.436839594185585,0.6666666666666666,,0.0
2027-05-30,Hull City,Newcastle United,,,,2627,False,api,2275,,,,,7.0,,,,,7.0,1518.7966632661442,1551.9997402115775,-33.203076945433395,0.0,,0.0
2027-05-30,Ipswich Town,Everton,,,,2627,False,api,2276,,,,,7.0,,,,,7.0,1400.5389566918514,1537.5864227830323,-137.04746609118092,0.3333333333333333,,0.0
2027-05-30,Liverpool,Bournemouth,,,,2627,False,api,2277,,,,,7.0,,,,,7.0,1635.5512272515668,1573.6727022948296,61.87852495673724,2.0,,0.0
2027-05-30,Manchester United,Fulham,,,,2627,False,api,2278,,,,,7.0,,,,,7.0,1607.0337448733367,1508.3451176068447,98.68862726649195,1.6666666666666667,,0.0
2027-05-30,Sunderland,Manchester City,,,,2627,False,api,2279,,,,,7.0,,,,,7.0,1528.7519800438524,1742.6382872521544,-213.88630720830201,0.3333333333333333,,0.0
