date,home_team,away_team,home_goals,away_goals,result,season,played,source
2021-08-13,Brentford,Arsenal,2,0,H,2122,True,csv
2021-08-14,Manchester United,Leeds United,5,1,H,2122,True,csv
2021-08-14,Burnley,Brighton & Hove Albion,1,2,A,2122,True,csv
2021-08-14,Chelsea,Crystal Palace,3,0,H,2122,True,csv
2021-08-14,Everton,Southampton,3,1,H,2122,True,csv
2021-08-14,Leicester City,Wolverhampton Wanderers,1,0,H,2122,True,csv
2021-08-14,Watford,Aston Villa,3,2,H,2122,True,csv
2021-08-14,Norwich City,Liverpool,0,3,A,2122,True,csv
2021-08-15,Tottenham Hotspur,Manchester City,1,0,H,2122,True,csv
2021-08-15,Newcastle United,West Ham United,2,4,A,2122,True,csv
2021-08-21,Liverpool,Burnley,2,0,H,2122,True,csv
2021-08-21,Aston Villa,Newcastle United,2,0,H,2122,True,csv
2021-08-21,Crystal Palace,Brentford,0,0,D,2122,True,csv
2021-08-21,Leeds United,Everton,2,2,D,2122,True,csv
2021-08-21,Manchester City,Norwich City,5,0,H,2122,True,csv
2021-08-21,Brighton & Hove Albion,Watford,2,0,H,2122,True,csv
2021-08-22,Arsenal,Chelsea,0,2,A,2122,True,csv
2021-08-22,Southampton,Manchester United,1,1,D,2122,True,csv
2021-08-22,Wolverhampton Wanderers,Tottenham Hotspur,0,1,A,2122,True,csv
2021-08-23,West Ham United,Leicester City,4,1,H,2122,True,csv
2021-08-28,Manchester City,Arsenal,5,0,H,2122,True,csv
2021-08-28,Aston Villa,Brentford,1,1,D,2122,True,csv
2021-08-28,Brighton & Hove Albion,Everton,0,2,A,2122,True,csv
2021-08-28,Newcastle United,Southampton,2,2,D,2122,True,csv
2021-08-28,Norwich City,Leicester City,1,2,A,2122,True,csv
2021-08-28,West Ham United,Crystal Palace,2,2,D,2122,True,csv
2021-08-28,Liverpool,Chelsea,1,1,D,2122,True,csv
2021-08-29,Burnley,Leeds United,1,1,D,2122,True,csv
2021-08-29,Tottenham Hotspur,Watford,1,0,H,2122,True,csv
2021-08-29,Wolverhampton Wanderers,Manchester United,0,1,A,2122,True,csv
2021-09-11,Southampton,West Ham United,0,0,D,2122,True,csv
2021-09-11,Chelsea,Aston Villa,3,0,H,2122,True,csv
2021-09-11,Manchester United,Newcastle United,4,1,H,2122,True,csv
2021-09-11,Watford,Wolverhampton Wanderers,0,2,A,2122,True,csv
2021-09-11,Brentford,Brighton & Hove Albion,0,1,A,2122,True,csv
2021-09-11,Crystal Palace,Tottenham Hotspur,3,0,H,2122,True,csv
2021-09-11,Leicester City,Manchester City,0,1,A,2122,True,csv
2021-09-11,Arsenal,Norwich City,1,0,H,2122,True,csv
2021-09-12,Leeds United,Liverpool,0,3,A,2122,True,csv
2021-09-13,Everton,Burnley,3,1,H,2122,True,csv
2021-09-17,Newcastle United,Leeds United,1,1,D,2122,True,csv
2021-09-18,Wolverhampton Wanderers,Brentford,0,2,A,2122,True,csv
2021-09-18,Burnley,Arsenal,0,1,A,2122,True,csv
2021-09-18,Manchester City,Southampton,0,0,D,2122,True,csv
2021-09-18,Norwich City,Watford,1,3,A,2122,True,csv
2021-09-18,Aston Villa,Everton,3,0,H,2122,True,csv
2021-09-18,Liverpool,Crystal Palace,3,0,H,2122,True,csv
2021-09-19,Brighton & Hove Albion,Leicester City,2,1,H,2122,True,csv
2021-09-19,West Ham United,Manchester United,1,2,A,2122,True,csv
2021-09-19,Tottenham Hotspur,Chelsea,0,3,A,2122,True,csv
2021-09-25,Leicester City,Burnley,2,2,D,2122,True,csv
2021-09-25,Watford,Newcastle United,1,1,D,2122,True,csv
2021-09-25,Brentford,Liverpool,3,3,D,2122,True,csv
2021-09-25,Leeds United,West Ham United,1,2,A,2122,True,csv
2021-09-25,Manchester United,Aston Villa,0,1,A,2122,True,csv
2021-09-25,Chelsea,Manchester City,0,1,A,2122,True,csv
2021-09-25,Everton,Norwich City,2,0,H,2122,True,csv
2021-09-26,Southampton,Wolverhampton Wanderers,0,1,A,2122,True,csv
2021-09-26,Arsenal,Tottenham Hotspur,3,1,H,2122,True,csv
2021-09-27,Crystal Palace,Brighton & Hove Albion,1,1,D,2122,True,csv
2021-10-02,Brighton & Hove Albion,Arsenal,0,0,D,2122,True,csv
2021-10-02,Wolverhampton Wanderers,Newcastle United,2,1,H,2122,True,csv
2021-10-02,Leeds United,Watford,1,0,H,2122,True,csv
2021-10-02,Burnley,Norwich City,0,0,D,2122,True,csv
2021-10-02,Manchester United,Everton,1,1,D,2122,True,csv
2021-10-02,Chelsea,Southampton,3,1,H,2122,True,csv
2021-10-03,Crystal Palace,Leicester City,2,2,D,2122,True,csv
2021-10-03,Tottenham Hotspur,Aston Villa,2,1,H,2122,True,csv
2021-10-03,West Ham United,Brentford,1,2,A,2122,True,csv
2021-10-03,Liverpool,Manchester City,2,2,D,2122,True,csv
2021-10-16,Southampton,Leeds United,1,0,H,2122,True,csv
2021-10-16,Brentford,Chelsea,0,1,A,2122,True,csv
2021-10-16,Norwich City,Brighton & Hove Albion,0,0,D,2122,True,csv
2021-10-16,Watford,Liverpool,0,5,A,2122,True,csv
2021-10-16,Leicester City,Manchester United,4,2,H,2122,True,csv
2021-10-16,Manchester City,Burnley,2,0,H,2122,True,csv
2021-10-16,Aston Villa,Wolverhampton Wanderers,2,3,A,2122,True,csv
2021-10-17,Everton,West Ham United,0,1,A,2122,True,csv
2021-10-17,Newcastle United,Tottenham Hotspur,2,3,A,2122,True,csv
2021-10-18,Arsenal,Crystal Palace,2,2,D,2122,True,csv
2021-10-22,Arsenal,Aston Villa,3,1,H,2122,True,csv
2021-10-23,Leeds United,Wolverhampton Wanderers,1,1,D,2122,True,csv
2021-10-23,Chelsea,Norwich City,7,0,H,2122,True,csv
2021-10-23,Crystal Palace,Newcastle United,1,1,D,2122,True,csv
2021-10-23,Everton,Watford,2,5,A,2122,True,csv
2021-10-23,Southampton,Burnley,2,2,D,2122,True,csv
2021-10-23,Brighton & Hove Albion,Manchester City,1,4,A,2122,True,csv
2021-10-24,Brentford,Leicester City,1,2,A,2122,True,csv
2021-10-24,West Ham United,Tottenham Hotspur,1,0,H,2122,True,csv
2021-10-24,Manchester United,Liverpool,0,5,A,2122,True,csv
2021-10-30,Burnley,Brentford,3,1,H,2122,True,csv
2021-10-30,Watford,Southampton,0,1,A,2122,True,csv
2021-10-30,Tottenham Hotspur,Manchester United,0,3,A,2122,True,csv
2021-10-30,Newcastle United,Chelsea,0,3,A,2122,True,csv
2021-10-30,Leicester City,Arsenal,0,2,A,2122,True,csv
2021-10-30,Liverpool,Brighton & Hove Albion,2,2,D,2122,True,csv
2021-10-30,Manchester City,Crystal Palace,0,2,A,2122,True,csv
2021-10-31,Norwich City,Leeds United,1,2,A,2122,True,csv
2021-10-31,Aston Villa,West Ham United,1,4,A,2122,True,csv
2021-11-01,Wolverhampton Wanderers,Everton,2,1,H,2122,True,csv
2021-11-05,Southampton,Aston Villa,1,0,H,2122,True,csv
2021-11-06,Manchester United,Manchester City,0,2,A,2122,True,csv
2021-11-06,Brentford,Norwich City,1,2,A,2122,True,csv
2021-11-06,Chelsea,Burnley,1,1,D,2122,True,csv
2021-11-06,Crystal Palace,Wolverhampton Wanderers,2,0,H,2122,True,csv
2021-11-06,Brighton & Hove Albion,Newcastle United,1,1,D,2122,True,csv
2021-11-07,Leeds United,Leicester City,1,1,D,2122,True,csv
2021-11-07,West Ham United,Liverpool,3,2,H,2122,True,csv
2021-11-07,Everton,Tottenham Hotspur,0,0,D,2122,True,csv
2021-11-07,Arsenal,Watford,1,0,H,2122,True,csv
2021-11-20,Leicester City,Chelsea,0,3,A,2122,True,csv
2021-11-20,Aston Villa,Brighton & Hove Albion,2,0,H,2122,True,csv
2021-11-20,Burnley,Crystal Palace,3,3,D,2122,True,csv
2021-11-20,Newcastle United,Brentford,3,3,D,2122,True,csv
2021-11-20,Norwich City,Southampton,2,1,H,2122,True,csv
2021-11-20,Watford,Manchester United,4,1,H,2122,True,csv
2021-11-20,Wolverhampton Wanderers,West Ham United,1,0,H,2122,True,csv
2021-11-20,Liverpool,Arsenal,4,0,H,2122,True,csv
2021-11-21,Manchester City,Everton,3,0,H,2122,True,csv
2021-11-21,Tottenham Hotspur,Leeds United,2,1,H,2122,True,csv
2021-11-27,Brighton & Hove Albion,Leeds United,0,0,D,2122,True,csv
2021-11-27,Liverpool,Southampton,4,0,H,2122,True,csv
2021-11-27,Norwich City,Wolverhampton Wanderers,0,0,D,2122,True,csv
2021-11-27,Arsenal,Newcastle United,2,0,H,2122,True,csv
2021-11-27,Crystal Palace,Aston Villa,1,2,A,2122,True,csv
2021-11-28,Brentford,Everton,1,0,H,2122,True,csv
2021-11-28,Leicester City,Watford,4,2,H,2122,True,csv
2021-11-28,Manchester City,West Ham United,2,1,H,2122,True,csv
2021-11-28,Chelsea,Manchester United,1,1,D,2122,True,csv
2021-11-30,Newcastle United,Norwich City,1,1,D,2122,True,csv
2021-11-30,Leeds United,Crystal Palace,1,0,H,2122,True,csv
2021-12-01,Southampton,Leicester City,2,2,D,2122,True,csv
2021-12-01,Watford,Chelsea,1,2,A,2122,True,csv
2021-12-01,West Ham United,Brighton & Hove Albion,1,1,D,2122,True,csv
2021-12-01,Wolverhampton Wanderers,Burnley,0,0,D,2122,True,csv
2021-12-01,Aston Villa,Manchester City,1,2,A,2122,True,csv
2021-12-01,Everton,Liverpool,1,4,A,2122,True,csv
2021-12-02,Tottenham Hotspur,Brentford,2,0,H,2122,True,csv
2021-12-02,Manchester United,Arsenal,3,2,H,2122,True,csv
2021-12-04,Watford,Manchester City,1,3,A,2122,True,csv
2021-12-04,Wolverhampton Wanderers,Liverpool,0,1,A,2122,True,csv
2021-12-04,Newcastle United,Burnley,1,0,H,2122,True,csv
2021-12-04,Southampton,Brighton & Hove Albion,1,1,D,2122,True,csv
2021-12-04,West Ham United,Chelsea,3,2,H,2122,True,csv
2021-12-05,Leeds United,Brentford,2,2,D,2122,True,csv
2021-12-05,Manchester United,Crystal Palace,1,0,H,2122,True,csv
2021-12-05,Tottenham Hotspur,Norwich City,3,0,H,2122,True,csv
2021-12-05,Aston Villa,Leicester City,2,1,H,2122,True,csv
2021-12-06,Everton,Arsenal,2,1,H,2122,True,csv
2021-12-10,Brentford,Watford,2,1,H,2122,True,csv
2021-12-11,Manchester City,Wolverhampton Wanderers,1,0,H,2122,True,csv
2021-12-11,Arsenal,Southampton,3,0,H,2122,True,csv
2021-12-11,Chelsea,Leeds United,3,2,H,2122,True,csv
2021-12-11,Liverpool,Aston Villa,1,0,H,2122,True,csv
2021-12-11,Norwich City,Manchester United,0,1,A,2122,True,csv
2021-12-12,Burnley,West Ham United,0,0,D,2122,True,csv
2021-12-12,Leicester City,Newcastle United,4,0,H,2122,True,csv
2021-12-12,Crystal Palace,Everton,3,1,H,2122,True,csv
2021-12-14,Manchester City,Leeds United,7,0,H,2122,True,csv
2021-12-14,Norwich City,Aston Villa,0,2,A,2122,True,csv
2021-12-15,Brighton & Hove Albion,Wolverhampton Wanderers,0,1,A,2122,True,csv
2021-12-15,Crystal Palace,Southampton,2,2,D,2122,True,csv
2021-12-15,Arsenal,West Ham United,2,0,H,2122,True,csv
2021-12-16,Chelsea,Everton,1,1,D,2122,True,csv
2021-12-16,Liverpool,Newcastle United,3,1,H,2122,True,csv
2021-12-18,Leeds United,Arsenal,1,4,A,2122,True,csv
2021-12-19,Tottenham Hotspur,Liverpool,2,2,D,2122,True,csv
2021-12-19,Wolverhampton Wanderers,Chelsea,0,0,D,2122,True,csv
2021-12-19,Newcastle United,Manchester City,0,4,A,2122,True,csv
2021-12-26,Manchester City,Leicester City,6,3,H,2122,True,csv
2021-12-26,Norwich City,Arsenal,0,5,A,2122,True,csv
2021-12-26,Tottenham Hotspur,Crystal Palace,3,0,H,2122,True,csv
2021-12-26,West Ham United,Southampton,2,3,A,2122,True,csv
2021-12-26,Aston Villa,Chelsea,1,3,A,2122,True,csv
2021-12-26,Brighton & Hove Albion,Brentford,2,0,H,2122,True,csv
2021-12-27,Newcastle United,Manchester United,1,1,D,2122,True,csv
2021-12-28,Leicester City,Liverpool,1,0,H,2122,True,csv
2021-12-28,Watford,West Ham United,1,4,A,2122,True,csv
2021-12-28,Crystal Palace,Norwich City,3,0,H,2122,True,csv
2021-12-28,Southampton,Tottenham Hotspur,1,1,D,2122,True,csv
2021-12-29,Chelsea,Brighton & Hove Albion,1,1,D,2122,True,csv
2021-12-29,Brentford,Manchester City,0,1,A,2122,True,csv
2021-12-30,Manchester United,Burnley,3,1,H,2122,True,csv
2022-01-01,Arsenal,Manchester City,1,2,A,2122,True,csv
2022-01-01,Watford,Tottenham Hotspur,0,1,A,2122,True,csv
2022-01-01,Crystal Palace,West Ham United,2,3,A,2122,True,csv
2022-01-02,Chelsea,Liverpool,2,2,D,2122,True,csv
2022-01-02,Leeds United,Burnley,3,1,H,2122,True,csv
2022-01-02,Everton,Brighton & Hove Albion,2,3,A,2122,True,csv
2022-01-02,Brentford,Aston Villa,2,1,H,2122,True,csv
2022-01-03,Manchester United,Wolverhampton Wanderers,0,1,A,2122,True,csv
2022-01-11,Southampton,Brentford,4,1,H,2122,True,csv
2022-01-12,West Ham United,Norwich City,2,0,H,2122,True,csv
2022-01-14,Brighton & Hove Albion,Crystal Palace,1,1,D,2122,True,csv
2022-01-15,Aston Villa,Manchester United,2,2,D,2122,True,csv
2022-01-15,Wolverhampton Wanderers,Southampton,3,1,H,2122,True,csv
2022-01-15,Newcastle United,Watford,1,1,D,2122,True,csv
2022-01-15,Manchester City,Chelsea,1,0,H,2122,True,csv
2022-01-15,Norwich City,Everton,2,1,H,2122,True,csv
2022-01-16,Liverpool,Brentford,3,0,H,2122,True,csv
2022-01-16,West Ham United,Leeds United,2,3,A,2122,True,csv
2022-01-18,Brighton & Hove Albion,Chelsea,1,1,D,2122,True,csv
2022-01-19,Leicester City,Tottenham Hotspur,2,3,A,2122,True,csv
2022-01-19,Brentford,Manchester United,1,3,A,2122,True,csv
2022-01-21,Watford,Norwich City,0,3,A,2122,True,csv
2022-01-22,Southampton,Manchester City,1,1,D,2122,True,csv
2022-01-22,Leeds United,Newcastle United,0,1,A,2122,True,csv
2022-01-22,Manchester United,West Ham United,1,0,H,2122,True,csv
2022-01-22,Everton,Aston Villa,0,1,A,2122,True,csv
2022-01-22,Brentford,Wolverhampton Wanderers,1,2,A,2122,True,csv
2022-01-23,Chelsea,Tottenham Hotspur,2,0,H,2122,True,csv
2022-01-23,Leicester City,Brighton & Hove Albion,1,1,D,2122,True,csv
2022-01-23,Crystal Palace,Liverpool,1,3,A,2122,True,csv
2022-01-23,Arsenal,Burnley,0,0,D,2122,True,csv
2022-02-05,Burnley,Watford,0,0,D,2122,True,csv
2022-02-08,Newcastle United,Everton,3,1,H,2122,True,csv
2022-02-08,West Ham United,Watford,1,0,H,2122,True,csv
2022-02-08,Burnley,Manchester United,1,1,D,2122,True,csv
2022-02-09,Manchester City,Brentford,2,0,H,2122,True,csv
2022-02-09,Norwich City,Crystal Palace,1,1,D,2122,True,csv
2022-02-09,Tottenham Hotspur,Southampton,2,3,A,2122,True,csv
2022-02-09,Aston Villa,Leeds United,3,3,D,2122,True,csv
2022-02-10,Liverpool,Leicester City,2,0,H,2122,True,csv
2022-02-10,Wolverhampton Wanderers,Arsenal,0,1,A,2122,True,csv
2022-02-12,Watford,Brighton & Hove Albion,0,2,A,2122,True,csv
2022-02-12,Everton,Leeds United,3,0,H,2122,True,csv
2022-02-12,Norwich City,Manchester City,0,4,A,2122,True,csv
2022-02-12,Manchester United,Southampton,1,1,D,2122,True,csv
2022-02-12,Brentford,Crystal Palace,0,0,D,2122,True,csv
2022-02-13,Burnley,Liverpool,0,1,A,2122,True,csv
2022-02-13,Newcastle United,Aston Villa,1,0,H,2122,True,csv
2022-02-13,Tottenham Hotspur,Wolverhampton Wanderers,0,2,A,2122,True,csv
2022-02-13,Leicester City,West Ham United,2,2,D,2122,True,csv
2022-02-15,Manchester United,Brighton & Hove Albion,2,0,H,2122,True,csv
2022-02-19,Manchester City,Tottenham Hotspur,2,3,A,2122,True,csv
2022-02-19,Southampton,Everton,2,0,H,2122,True,csv
2022-02-19,Liverpool,Norwich City,3,1,H,2122,True,csv
2022-02-19,Crystal Palace,Chelsea,0,1,A,2122,True,csv
2022-02-19,Arsenal,Brentford,2,1,H,2122,True,csv
2022-02-19,Aston Villa,Watford,0,1,A,2122,True,csv
2022-02-19,West Ham United,Newcastle United,1,1,D,2122,True,csv
2022-02-19,Brighton & Hove Albion,Burnley,0,3,A,2122,True,csv
2022-02-20,Leeds United,Manchester United,2,4,A,2122,True,csv
2022-02-20,Wolverhampton Wanderers,Leicester City,2,1,H,2122,True,csv
2022-02-23,Liverpool,Leeds United,6,0,H,2122,True,csv
2022-02-23,Burnley,Tottenham Hotspur,1,0,H,2122,True,csv
2022-02-23,Watford,Crystal Palace,1,4,A,2122,True,csv
2022-02-24,Arsenal,Wolverhampton Wanderers,2,1,H,2122,True,csv
2022-02-25,Southampton,Norwich City,2,0,H,2122,True,csv
2022-02-26,Leeds United,Tottenham Hotspur,0,4,A,2122,True,csv
2022-02-26,Brentford,Newcastle United,0,2,A,2122,True,csv
2022-02-26,Crystal Palace,Burnley,1,1,D,2122,True,csv
2022-02-26,Manchester United,Watford,0,0,D,2122,True,csv
2022-02-26,Brighton & Hove Albion,Aston Villa,0,2,A,2122,True,csv
2022-02-26,Everton,Manchester City,0,1,A,2122,True,csv
2022-02-27,West Ham United,Wolverhampton Wanderers,1,0,H,2122,True,csv
2022-03-01,Burnley,Leicester City,0,2,A,2122,True,csv
2022-03-05,Burnley,Chelsea,0,4,A,2122,True,csv
2022-03-05,Liverpool,West Ham United,1,0,H,2122,True,csv
2022-03-05,Wolverhampton Wanderers,Crystal Palace,0,2,A,2122,True,csv
2022-03-05,Norwich City,Brentford,1,3,A,2122,True,csv
2022-03-05,Aston Villa,Southampton,4,0,H,2122,True,csv
2022-03-05,Leicester City,Leeds United,1,0,H,2122,True,csv
2022-03-05,Newcastle United,Brighton & Hove Albion,2,1,H,2122,True,csv
2022-03-06,Watford,Arsenal,2,3,A,2122,True,csv
2022-03-06,Manchester City,Manchester United,4,1,H,2122,True,csv
2022-03-07,Tottenham Hotspur,Everton,5,0,H,2122,True,csv
2022-03-10,Wolverhampton Wanderers,Watford,4,0,H,2122,True,csv
2022-03-10,Norwich City,Chelsea,1,3,A,2122,True,csv
2022-03-10,Southampton,Newcastle United,1,2,A,2122,True,csv
2022-03-10,Leeds United,Aston Villa,0,3,A,2122,True,csv
2022-03-12,Brentford,Burnley,2,0,H,2122,True,csv
2022-03-12,Brighton & Hove Albion,Liverpool,0,2,A,2122,True,csv
2022-03-12,Manchester United,Tottenham Hotspur,3,2,H,2122,True,csv
2022-03-13,West Ham United,Aston Villa,2,1,H,2122,True,csv
2022-03-13,Southampton,Watford,1,2,A,2122,True,csv
2022-03-13,Arsenal,Leicester City,2,0,H,2122,True,csv
2022-03-13,Everton,Wolverhampton Wanderers,0,1,A,2122,True,csv
2022-03-13,Chelsea,Newcastle United,1,0,H,2122,True,csv
2022-03-13,Leeds United,Norwich City,2,1,H,2122,True,csv
2022-03-14,Crystal Palace,Manchester City,0,0,D,2122,True,csv
2022-03-16,Arsenal,Liverpool,0,2,A,2122,True,csv
2022-03-16,Brighton & Hove Albion,Tottenham Hotspur,0,2,A,2122,True,csv
2022-03-17,Everton,Newcastle United,1,0,H,2122,True,csv
2022-03-18,Wolverhampton Wanderers,Leeds United,2,3,A,2122,True,csv
2022-03-19,Aston Villa,Arsenal,0,1,A,2122,True,csv
2022-03-20,Leicester City,Brentford,2,1,H,2122,True,csv
2022-03-20,Tottenham Hotspur,West Ham United,3,1,H,2122,True,csv
2022-04-02,Liverpool,Watford,2,0,H,2122,True,csv
2022-04-02,Brighton & Hove Albion,Norwich City,0,0,D,2122,True,csv
2022-04-02,Burnley,Manchester City,0,2,A,2122,True,csv
2022-04-02,Chelsea,Brentford,1,4,A,2122,True,csv
2022-04-02,Leeds United,Southampton,1,1,D,2122,True,csv
2022-04-02,Wolverhampton Wanderers,Aston Villa,2,1,H,2122,True,csv
2022-04-02,Manchester United,Leicester City,1,1,D,2122,True,csv
2022-04-03,West Ham United,Everton,2,1,H,2122,True,csv
2022-04-03,Tottenham Hotspur,Newcastle United,5,1,H,2122,True,csv
2022-04-04,Crystal Palace,Arsenal,3,0,H,2122,True,csv
2022-04-06,Burnley,Everton,3,2,H,2122,True,csv
2022-04-08,Newcastle United,Wolverhampton Wanderers,1,0,H,2122,True,csv
2022-04-09,Everton,Manchester United,1,0,H,2122,True,csv
2022-04-09,Arsenal,Brighton & Hove Albion,1,2,A,2122,True,csv
2022-04-09,Southampton,Chelsea,0,6,A,2122,True,csv
2022-04-09,Watford,Leeds United,0,3,A,2122,True,csv
2022-04-09,Aston Villa,Tottenham Hotspur,0,4,A,2122,True,csv
2022-04-10,Brentford,West Ham United,2,0,H,2122,True,csv
2022-04-10,Leicester City,Crystal Palace,2,1,H,2122,True,csv
2022-04-10,Norwich City,Burnley,2,0,H,2122,True,csv
2022-04-10,Manchester City,Liverpool,2,2,D,2122,True,csv
2022-04-16,Tottenham Hotspur,Brighton & Hove Albion,0,1,A,2122,True,csv
2022-04-16,Manchester United,Norwich City,3,2,H,2122,True,csv
2022-04-16,Southampton,Arsenal,1,0,H,2122,True,csv
2022-04-16,Watford,Brentford,1,2,A,2122,True,csv
2022-04-17,Newcastle United,Leicester City,2,1,H,2122,True,csv
2022-04-17,West Ham United,Burnley,1,1,D,2122,True,csv
2022-04-19,Liverpool,Manchester United,4,0,H,2122,True,csv
2022-04-20,Chelsea,Arsenal,2,4,A,2122,True,csv
2022-04-20,Everton,Leicester City,1,1,D,2122,True,csv
2022-04-20,Newcastle United,Crystal Palace,1,0,H,2122,True,csv
2022-04-20,Manchester City,Brighton & Hove Albion,3,0,H,2122,True,csv
2022-04-21,Burnley,Southampton,2,0,H,2122,True,csv
2022-04-23,Norwich City,Newcastle United,0,3,A,2122,True,csv
2022-04-23,Manchester City,Watford,5,1,H,2122,True,csv
2022-04-23,Brentford,Tottenham Hotspur,0,0,D,2122,True,csv
2022-04-23,Arsenal,Manchester United,3,1,H,2122,True,csv
2022-04-23,Leicester City,Aston Villa,0,0,D,2122,True,csv
2022-04-24,Brighton & Hove Albion,Southampton,2,2,D,2122,True,csv
2022-04-24,Burnley,Wolverhampton Wanderers,1,0,H,2122,True,csv
2022-04-24,Chelsea,West Ham United,1,0,H,2122,True,csv
2022-04-24,Liverpool,Everton,2,0,H,2122,True,csv
2022-04-25,Crystal Palace,Leeds United,0,0,D,2122,True,csv
2022-04-28,Manchester United,Chelsea,1,1,D,2122,True,csv
2022-04-30,Wolverhampton Wanderers,Brighton & Hove Albion,0,3,A,2122,True,csv
2022-04-30,Leeds United,Manchester City,0,4,A,2122,True,csv
2022-04-30,Watford,Burnley,1,2,A,2122,True,csv
2022-04-30,Newcastle United,Liverpool,0,1,A,2122,True,csv
2022-04-30,Aston Villa,Norwich City,2,0,H,2122,True,csv
2022-04-30,Southampton,Crystal Palace,1,2,A,2122,True,csv
2022-05-01,Everton,Chelsea,1,0,H,2122,True,csv
2022-05-01,Tottenham Hotspur,Leicester City,3,1,H,2122,True,csv
2022-05-01,West Ham United,Arsenal,1,2,A,2122,True,csv
2022-05-02,Manchester United,Brentford,3,0,H,2122,True,csv
2022-05-07,Liverpool,Tottenham Hotspur,1,1,D,2122,True,csv
2022-05-07,Brentford,Southampton,3,0,H,2122,True,csv
2022-05-07,Burnley,Aston Villa,1,3,A,2122,True,csv
2022-05-07,Chelsea,Wolverhampton Wanderers,2,2,D,2122,True,csv
2022-05-07,Crystal Palace,Watford,1,0,H,2122,True,csv
2022-05-07,Brighton & Hove Albion,Manchester United,4,0,H,2122,True,csv
2022-05-08,Manchester City,Newcastle United,5,0,H,2122,True,csv
2022-05-08,Norwich City,West Ham United,0,4,A,2122,True,csv
2022-05-08,Leicester City,Everton,1,2,A,2122,True,csv
2022-05-08,Arsenal,Leeds United,2,1,H,2122,True,csv
2022-05-10,Aston Villa,Liverpool,1,2,A,2122,True,csv
2022-05-11,Leeds United,Chelsea,0,3,A,2122,True,csv
2022-05-11,Leicester City,Norwich City,3,0,H,2122,True,csv
2022-05-11,Watford,Everton,0,0,D,2122,True,csv
2022-05-11,Wolverhampton Wanderers,Manchester City,1,5,A,2122,True,csv
2022-05-12,Tottenham Hotspur,Arsenal,3,0,H,2122,True,csv
2022-05-15,Tottenham Hotspur,Burnley,1,0,H,2122,True,csv
2022-05-15,Aston Villa,Crystal Palace,1,1,D,2122,True,csv
2022-05-15,Leeds United,Brighton & Hove Albion,1,1,D,2122,True,csv
2022-05-15,Watford,Leicester City,1,5,A,2122,True,csv
2022-05-15,West Ham United,Manchester City,2,2,D,2122,True,csv
2022-05-15,Wolverhampton Wanderers,Norwich City,1,1,D,2122,True,csv
2022-05-15,Everton,Brentford,2,3,A,2122,True,csv
2022-05-16,Newcastle United,Arsenal,2,0,H,2122,True,csv
2022-05-17,Southampton,Liverpool,1,2,A,2122,True,csv
2022-05-19,Everton,Crystal Palace,3,2,H,2122,True,csv
2022-05-19,Aston Villa,Burnley,1,1,D,2122,True,csv
2022-05-19,Chelsea,Leicester City,1,1,D,2122,True,csv
2022-05-22,Norwich City,Tottenham Hotspur,0,5,A,2122,True,csv
2022-05-22,Manchester City,Aston Villa,3,2,H,2122,True,csv
2022-05-22,Liverpool,Wolverhampton Wanderers,3,1,H,2122,True,csv
2022-05-22,Leicester City,Southampton,4,1,H,2122,True,csv
2022-05-22,Crystal Palace,Manchester United,1,0,H,2122,True,csv
2022-05-22,Burnley,Newcastle United,1,2,A,2122,True,csv
2022-05-22,Brighton & Hove Albion,West Ham United,3,1,H,2122,True,csv
2022-05-22,Brentford,Leeds United,1,2,A,2122,True,csv
2022-05-22,Arsenal,Everton,5,1,H,2122,True,csv
2022-05-22,Chelsea,Watford,2,1,H,2122,True,csv
2022-08-05,Crystal Palace,Arsenal,0,2,A,2223,True,csv
2022-08-06,Tottenham Hotspur,Southampton,4,1,H,2223,True,csv
2022-08-06,Everton,Chelsea,0,1,A,2223,True,csv
2022-08-06,Newcastle United,Nottingham Forest,2,0,H,2223,True,csv
2022-08-06,Leeds United,Wolverhampton Wanderers,2,1,H,2223,True,csv
2022-08-06,Bournemouth,Aston Villa,2,0,H,2223,True,csv
2022-08-06,Fulham,Liverpool,2,2,D,2223,True,csv
2022-08-07,Leicester City,Brentford,2,2,D,2223,True,csv
2022-08-07,Manchester United,Brighton & Hove Albion,1,2,A,2223,True,csv
2022-08-07,West Ham United,Manchester City,0,2,A,2223,True,csv
2022-08-13,Brentford,Manchester United,4,0,H,2223,True,csv
2022-08-13,Wolverhampton Wanderers,Fulham,0,0,D,2223,True,csv
2022-08-13,Southampton,Leeds United,2,2,D,2223,True,csv
2022-08-13,Manchester City,Bournemouth,4,0,H,2223,True,csv
2022-08-13,Brighton & Hove Albion,Newcastle United,0,0,D,2223,True,csv
2022-08-13,Arsenal,Leicester City,4,2,H,2223,True,csv
2022-08-13,Aston Villa,Everton,2,1,H,2223,True,csv
2022-08-14,Nottingham Forest,West Ham United,1,0,H,2223,True,csv
2022-08-14,Chelsea,Tottenham Hotspur,2,2,D,2223,True,csv
2022-08-15,Liverpool,Crystal Palace,1,1,D,2223,True,csv
2022-08-20,Bournemouth,Arsenal,0,3,A,2223,True,csv
2022-08-20,Leicester City,Southampton,1,2,A,2223,True,csv
2022-08-20,Fulham,Brentford,3,2,H,2223,True,csv
2022-08-20,Tottenham Hotspur,Wolverhampton Wanderers,1,0,H,2223,True,csv
2022-08-20,Crystal Palace,Aston Villa,3,1,H,2223,True,csv
2022-08-20,Everton,Nottingham Forest,1,1,D,2223,True,csv
2022-08-21,Leeds United,Chelsea,3,0,H,2223,True,csv
2022-08-21,West Ham United,Brighton & Hove Albion,0,2,A,2223,True,csv
2022-08-21,Newcastle United,Manchester City,3,3,D,2223,True,csv
2022-08-22,Manchester United,Liverpool,2,1,H,2223,True,csv
2022-08-27,Manchester City,Crystal Palace,4,2,H,2223,True,csv
2022-08-27,Southampton,Manchester United,0,1,A,2223,True,csv
2022-08-27,Brentford,Everton,1,1,D,2223,True,csv
2022-08-27,Brighton & Hove Albion,Leeds United,1,0,H,2223,True,csv
2022-08-27,Chelsea,Leicester City,2,1,H,2223,True,csv
2022-08-27,Liverpool,Bournemouth,9,0,H,2223,True,csv
2022-08-27,Arsenal,Fulham,2,1,H,2223,True,csv
2022-08-28,Wolverhampton Wanderers,Newcastle United,1,1,D,2223,True,csv
2022-08-28,Aston Villa,West Ham United,0,1,A,2223,True,csv
2022-08-28,Nottingham Forest,Tottenham Hotspur,0,2,A,2223,True,csv
2022-08-30,Leeds United,Everton,1,1,D,2223,True,csv
2022-08-30,Southampton,Chelsea,2,1,H,2223,True,csv
2022-08-30,Crystal Palace,Brentford,1,1,D,2223,True,csv
2022-08-30,Fulham,Brighton & Hove Albion,2,1,H,2223,True,csv
2022-08-31,Arsenal,Aston Villa,2,1,H,2223,True,csv
2022-08-31,Bournemouth,Wolverhampton Wanderers,0,0,D,2223,True,csv
2022-08-31,Manchester City,Nottingham Forest,6,0,H,2223,True,csv
2022-08-31,West Ham United,Tottenham Hotspur,1,1,D,2223,True,csv
2022-08-31,Liverpool,Newcastle United,2,1,H,2223,True,csv
2022-09-01,Leicester City,Manchester United,0,1,A,2223,True,csv
2022-09-03,Aston Villa,Manchester City,1,1,D,2223,True,csv
2022-09-03,Wolverhampton Wanderers,Southampton,1,0,H,2223,True,csv
2022-09-03,Tottenham Hotspur,Fulham,2,1,H,2223,True,csv
2022-09-03,Nottingham Forest,Bournemouth,2,3,A,2223,True,csv
2022-09-03,Brentford,Leeds United,5,2,H,2223,True,csv
2022-09-03,Chelsea,West Ham United,2,1,H,2223,True,csv
2022-09-03,Everton,Liverpool,0,0,D,2223,True,csv
2022-09-03,Newcastle United,Crystal Palace,0,0,D,2223,True,csv
2022-09-04,Brighton & Hove Albion,Leicester City,5,2,H,2223,True,csv
2022-09-04,Manchester United,Arsenal,3,1,H,2223,True,csv
2022-09-16,Nottingham Forest,Fulham,2,3,A,2223,True,csv
2022-09-16,Aston Villa,Southampton,1,0,H,2223,True,csv
2022-09-17,Wolverhampton Wanderers,Manchester City,0,3,A,2223,True,csv
2022-09-17,Newcastle United,Bournemouth,1,1,D,2223,True,csv
2022-09-17,Tottenham Hotspur,Leicester City,6,2,H,2223,True,csv
2022-09-18,Brentford,Arsenal,0,3,A,2223,True,csv
2022-09-18,Everton,West Ham United,1,0,H,2223,True,csv
2022-10-01,Arsenal,Tottenham Hotspur,3,1,H,2223,True,csv
2022-10-01,Bournemouth,Brentford,0,0,D,2223,True,csv
2022-10-01,Crystal Palace,Chelsea,1,2,A,2223,True,csv
2022-10-01,Fulham,Newcastle United,1,4,A,2223,True,csv
2022-10-01,Liverpool,Brighton & Hove Albion,3,3,D,2223,True,csv
2022-10-01,Southampton,Everton,1,2,A,2223,True,csv
2022-10-01,West Ham United,Wolverhampton Wanderers,2,0,H,2223,True,csv
2022-10-02,Manchester City,Manchester United,6,3,H,2223,True,csv
2022-10-02,Leeds United,Aston Villa,0,0,D,2223,True,csv
2022-10-03,Leicester City,Nottingham Forest,4,0,H,2223,True,csv
2022-10-08,Brighton & Hove Albion,Tottenham Hotspur,0,1,A,2223,True,csv
2022-10-08,Newcastle United,Brentford,5,1,H,2223,True,csv
2022-10-08,Bournemouth,Leicester City,2,1,H,2223,True,csv
2022-10-08,Chelsea,Wolverhampton Wanderers,3,0,H,2223,True,csv
2022-10-08,Manchester City,Southampton,4,0,H,2223,True,csv
2022-10-09,Crystal Palace,Leeds United,2,1,H,2223,True,csv
2022-10-09,West Ham United,Fulham,3,1,H,2223,True,csv
2022-10-09,Arsenal,Liverpool,3,2,H,2223,True,csv
2022-10-09,Everton,Manchester United,1,2,A,2223,True,csv
2022-10-10,Nottingham Forest,Aston Villa,1,1,D,2223,True,csv
2022-10-14,Brentford,Brighton & Hove Albion,2,0,H,2223,True,csv
2022-10-15,Leicester City,Crystal Palace,0,0,D,2223,True,csv
2022-10-15,Fulham,Bournemouth,2,2,D,2223,True,csv
2022-10-15,Wolverhampton Wanderers,Nottingham Forest,1,0,H,2223,True,csv
2022-10-15,Tottenham Hotspur,Everton,2,0,H,2223,True,csv
2022-10-16,Liverpool,Manchester City,1,0,H,2223,True,csv
2022-10-16,Southampton,West Ham United,1,1,D,2223,True,csv
2022-10-16,Manchester United,Newcastle United,0,0,D,2223,True,csv
2022-10-16,Aston Villa,Chelsea,0,2,A,2223,True,csv
2022-10-16,Leeds United,Arsenal,0,1,A,2223,True,csv
2022-10-18,Brighton & Hove Albion,Nottingham Forest,0,0,D,2223,True,csv
2022-10-18,Crystal Palace,Wolverhampton Wanderers,2,1,H,2223,True,csv
2022-10-19,Bournemouth,Southampton,0,1,A,2223,True,csv
2022-10-19,Brentford,Chelsea,0,0,D,2223,True,csv
2022-10-19,Liverpool,West Ham United,1,0,H,2223,True,csv
2022-10-19,Newcastle United,Everton,1,0,H,2223,True,csv
2022-10-19,Manchester United,Tottenham Hotspur,2,0,H,2223,True,csv
2022-10-20,Fulham,Aston Villa,3,0,H,2223,True,csv
2022-10-20,Leicester City,Leeds United,2,0,H,2223,True,csv
2022-10-22,Manchester City,Brighton & Hove Albion,3,1,H,2223,True,csv
2022-10-22,Nottingham Forest,Liverpool,1,0,H,2223,True,csv
2022-10-22,Everton,Crystal Palace,3,0,H,2223,True,csv
2022-10-22,Chelsea,Manchester United,1,1,D,2223,True,csv
2022-10-23,Leeds United,Fulham,2,3,A,2223,True,csv
2022-10-23,Tottenham Hotspur,Newcastle United,1,2,A,2223,True,csv
2022-10-23,Wolverhampton Wanderers,Leicester City,0,4,A,2223,True,csv
2022-10-23,Aston Villa,Brentford,4,0,H,2223,True,csv
2022-10-23,Southampton,Arsenal,1,1,D,2223,True,csv
2022-10-24,West Ham United,Bournemouth,2,0,H,2223,True,csv
2022-10-29,Leicester City,Manchester City,0,1,A,2223,True,csv
2022-10-29,Bournemouth,Tottenham Hotspur,2,3,A,2223,True,csv
2022-10-29,Brentford,Wolverhampton Wanderers,1,1,D,2223,True,csv
2022-10-29,Brighton & Hove Albion,Chelsea,4,1,H,2223,True,csv
2022-10-29,Crystal Palace,Southampton,1,0,H,2223,True,csv
2022-10-29,Newcastle United,Aston Villa,4,0,H,2223,True,csv
2022-10-29,Fulham,Everton,0,0,D,2223,True,csv
2022-10-29,Liverpool,Leeds United,1,2,A,2223,True,csv
2022-10-30,Arsenal,Nottingham Forest,5,0,H,2223,True,csv
2022-10-30,Manchester United,West Ham United,1,0,H,2223,True,csv
2022-11-05,Everton,Leicester City,0,2,A,2223,True,csv
2022-11-05,Nottingham Forest,Brentford,2,2,D,2223,True,csv
2022-11-05,Wolverhampton Wanderers,Brighton & Hove Albion,2,3,A,2223,True,csv
2022-11-05,Leeds United,Bournemouth,4,3,H,2223,True,csv
2022-11-05,Manchester City,Fulham,2,1,H,2223,True,csv
2022-11-06,Chelsea,Arsenal,0,1,A,2223,True,csv
2022-11-06,Aston Villa,Manchester United,3,1,H,2223,True,csv
2022-11-06,Southampton,Newcastle United,1,4,A,2223,True,csv
2022-11-06,West Ham United,Crystal Palace,1,2,A,2223,True,csv
2022-11-06,Tottenham Hotspur,Liverpool,1,2,A,2223,True,csv
2022-11-12,Wolverhampton Wanderers,Arsenal,0,2,A,2223,True,csv
2022-11-12,Manchester City,Brentford,1,2,A,2223,True,csv
2022-11-12,Bournemouth,Everton,3,0,H,2223,True,csv
2022-11-12,Liverpool,Southampton,3,1,H,2223,True,csv
2022-11-12,Nottingham Forest,Crystal Palace,1,0,H,2223,True,csv
2022-11-12,Tottenham Hotspur,Leeds United,4,3,H,2223,True,csv
2022-11-12,West Ham United,Leicester City,0,2,A,2223,True,csv
2022-11-12,Newcastle United,Chelsea,1,0,H,2223,True,csv
2022-11-13,Fulham,Manchester United,1,2,A,2223,True,csv
2022-11-13,Brighton & Hove Albion,Aston Villa,1,2,A,2223,True,csv
2022-12-26,Brentford,Tottenham Hotspur,2,2,D,2223,True,csv
2022-12-26,Crystal Palace,Fulham,0,3,A,2223,True,csv
2022-12-26,Everton,Wolverhampton Wanderers,1,2,A,2223,True,csv
2022-12-26,Leicester City,Newcastle United,0,3,A,2223,True,csv
2022-12-26,Southampton,Brighton & Hove Albion,1,3,A,2223,True,csv
2022-12-26,Aston Villa,Liverpool,1,3,A,2223,True,csv
2022-12-26,Arsenal,West Ham United,3,1,H,2223,True,csv
2022-12-27,Chelsea,Bournemouth,2,0,H,2223,True,csv
2022-12-27,Manchester United,Nottingham Forest,3,0,H,2223,True,csv
2022-12-28,Leeds United,Manchester City,1,3,A,2223,True,csv
2022-12-30,West Ham United,Brentford,0,2,A,2223,True,csv
2022-12-30,Liverpool,Leicester City,2,1,H,2223,True,csv
2022-12-31,Brighton & Hove Albion,Arsenal,2,4,A,2223,True,csv
2022-12-31,Newcastle United,Leeds United,0,0,D,2223,True,csv
2022-12-31,Manchester City,Everton,1,1,D,2223,True,csv
2022-12-31,Fulham,Southampton,2,1,H,2223,True,csv
2022-12-31,Bournemouth,Crystal Palace,0,2,A,2223,True,csv
2022-12-31,Wolverhampton Wanderers,Manchester United,0,1,A,2223,True,csv
2023-01-01,Tottenham Hotspur,Aston Villa,0,2,A,2223,True,csv
2023-01-01,Nottingham Forest,Chelsea,1,1,D,2223,True,csv
2023-01-02,Brentford,Liverpool,3,1,H,2223,True,csv
2023-01-03,Arsenal,Newcastle United,0,0,D,2223,True,csv
2023-01-03,Everton,Brighton & Hove Albion,1,4,A,2223,True,csv
2023-01-03,Leicester City,Fulham,0,1,A,2223,True,csv
2023-01-03,Manchester United,Bournemouth,3,0,H,2223,True,csv
2023-01-04,Southampton,Nottingham Forest,0,1,A,2223,True,csv
2023-01-04,Leeds United,West Ham United,2,2,D,2223,True,csv
2023-01-04,Aston Villa,Wolverhampton Wanderers,1,1,D,2223,True,csv
2023-01-04,Crystal Palace,Tottenham Hotspur,0,4,A,2223,True,csv
2023-01-05,Chelsea,Manchester City,0,1,A,2223,True,csv
2023-01-12,Fulham,Chelsea,2,1,H,2223,True,csv
2023-01-13,Aston Villa,Leeds United,2,1,H,2223,True,csv
2023-01-14,Wolverhampton Wanderers,West Ham United,1,0,H,2223,True,csv
2023-01-14,Nottingham Forest,Leicester City,2,0,H,2223,True,csv
2023-01-14,Brentford,Bournemouth,2,0,H,2223,True,csv
2023-01-14,Brighton & Hove Albion,Liverpool,3,0,H,2223,True,csv
2023-01-14,Manchester United,Manchester City,2,1,H,2223,True,csv
2023-01-14,Everton,Southampton,1,2,A,2223,True,csv
2023-01-15,Newcastle United,Fulham,1,0,H,2223,True,csv
2023-01-15,Tottenham Hotspur,Arsenal,0,2,A,2223,True,csv
2023-01-15,Chelsea,Crystal Palace,1,0,H,2223,True,csv
2023-01-18,Crystal Palace,Manchester United,1,1,D,2223,True,csv
2023-01-19,Manchester City,Tottenham Hotspur,4,2,H,2223,True,csv
2023-01-21,West Ham United,Everton,2,0,H,2223,True,csv
2023-01-21,Southampton,Aston Villa,0,1,A,2223,True,csv
2023-01-21,Crystal Palace,Newcastle United,0,0,D,2223,True,csv
2023-01-21,Bournemouth,Nottingham Forest,1,1,D,2223,True,csv
2023-01-21,Liverpool,Chelsea,0,0,D,2223,True,csv
2023-01-21,Leicester City,Brighton & Hove Albion,2,2,D,2223,True,csv
2023-01-22,Leeds United,Brentford,0,0,D,2223,True,csv
2023-01-22,Manchester City,Wolverhampton Wanderers,3,0,H,2223,True,csv
2023-01-22,Arsenal,Manchester United,3,2,H,2223,True,csv
2023-01-23,Fulham,Tottenham Hotspur,0,1,A,2223,True,csv
2023-02-03,Chelsea,Fulham,0,0,D,2223,True,csv
2023-02-04,Manchester United,Crystal Palace,2,1,H,2223,True,csv
2023-02-04,Newcastle United,West Ham United,1,1,D,2223,True,csv
2023-02-04,Brighton & Hove Albion,Bournemouth,1,0,H,2223,True,csv
2023-02-04,Wolverhampton Wanderers,Liverpool,3,0,H,2223,True,csv
2023-02-04,Aston Villa,Leicester City,2,4,A,2223,True,csv
2023-02-04,Everton,Arsenal,1,0,H,2223,True,csv
2023-02-04,Brentford,Southampton,3,0,H,2223,True,csv
2023-02-05,Nottingham Forest,Leeds United,1,0,H,2223,True,csv
2023-02-05,Tottenham Hotspur,Manchester City,1,0,H,2223,True,csv
2023-02-08,Manchester United,Leeds United,2,2,D,2223,True,csv
2023-02-11,Bournemouth,Newcastle United,1,1,D,2223,True,csv
2023-02-11,Southampton,Wolverhampton Wanderers,1,2,A,2223,True,csv
2023-02-11,Fulham,Nottingham Forest,2,0,H,2223,True,csv
2023-02-11,Leicester City,Tottenham Hotspur,4,1,H,2223,True,csv
2023-02-11,Arsenal,Brentford,1,1,D,2223,True,csv
2023-02-11,West Ham United,Chelsea,1,1,D,2223,True,csv
2023-02-11,Crystal Palace,Brighton & Hove Albion,1,1,D,2223,True,csv
2023-02-12,Leeds United,Manchester United,0,2,A,2223,True,csv
2023-02-12,Manchester City,Aston Villa,3,1,H,2223,True,csv
2023-02-13,Liverpool,Everton,2,0,H,2223,True,csv
2023-02-15,Arsenal,Manchester City,1,3,A,2223,True,csv
2023-02-18,Nottingham Forest,Manchester City,1,1,D,2223,True,csv
2023-02-18,Newcastle United,Liverpool,0,2,A,2223,True,csv
2023-02-18,Wolverhampton Wanderers,Bournemouth,0,1,A,2223,True,csv
2023-02-18,Everton,Leeds United,1,0,H,2223,True,csv
2023-02-18,Brentford,Crystal Palace,1,1,D,2223,True,csv
2023-02-18,Brighton & Hove Albion,Fulham,0,1,A,2223,True,csv
2023-02-18,Aston Villa,Arsenal,2,4,A,2223,True,csv
2023-02-18,Chelsea,Southampton,0,1,A,2223,True,csv
2023-02-19,Manchester United,Leicester City,3,0,H,2223,True,csv
2023-02-19,Tottenham Hotspur,West Ham United,2,0,H,2223,True,csv
2023-02-24,Fulham,Wolverhampton Wanderers,1,1,D,2223,True,csv
2023-02-25,Crystal Palace,Liverpool,0,0,D,2223,True,csv
2023-02-25,Bournemouth,Manchester City,1,4,A,2223,True,csv
2023-02-25,West Ham United,Nottingham Forest,4,0,H,2223,True,csv
2023-02-25,Leicester City,Arsenal,0,1,A,2223,True,csv
2023-02-25,Everton,Aston Villa,0,2,A,2223,True,csv
2023-02-25,Leeds United,Southampton,1,0,H,2223,True,csv
2023-02-26,Tottenham Hotspur,Chelsea,2,0,H,2223,True,csv
2023-03-01,Arsenal,Everton,4,0,H,2223,True,csv
2023-03-01,Liverpool,Wolverhampton Wanderers,2,0,H,2223,True,csv
2023-03-04,Southampton,Leicester City,1,0,H,2223,True,csv
2023-03-04,Wolverhampton Wanderers,Tottenham Hotspur,1,0,H,2223,True,csv
2023-03-04,Chelsea,Leeds United,1,0,H,2223,True,csv
2023-03-04,Arsenal,Bournemouth,3,2,H,2223,True,csv
2023-03-04,Aston Villa,Crystal Palace,1,0,H,2223,True,csv
2023-03-04,Manchester City,Newcastle United,2,0,H,2223,True,csv
2023-03-04,Brighton & Hove Albion,West Ham United,4,0,H,2223,True,csv
2023-03-05,Nottingham Forest,Everton,2,2,D,2223,True,csv
2023-03-05,Liverpool,Manchester United,7,0,H,2223,True,csv
2023-03-06,Brentford,Fulham,3,2,H,2223,True,csv
2023-03-11,Bournemouth,Liverpool,1,0,H,2223,True,csv
2023-03-11,Everton,Brentford,1,0,H,2223,True,csv
2023-03-11,Leeds United,Brighton & Hove Albion,2,2,D,2223,True,csv
2023-03-11,Leicester City,Chelsea,1,3,A,2223,True,csv
2023-03-11,Tottenham Hotspur,Nottingham Forest,3,1,H,2223,True,csv
2023-03-11,Crystal Palace,Manchester City,0,1,A,2223,True,csv
2023-03-12,Newcastle United,Wolverhampton Wanderers,2,1,H,2223,True,csv
2023-03-12,West Ham United,Aston Villa,1,1,D,2223,True,csv
2023-03-12,Fulham,Arsenal,0,3,A,2223,True,csv
2023-03-12,Manchester United,Southampton,0,0,D,2223,True,csv
2023-03-15,Brighton & Hove Albion,Crystal Palace,1,0,H,2223,True,csv
2023-03-15,Southampton,Brentford,0,2,A,2223,True,csv
2023-03-17,Nottingham Forest,Newcastle United,1,2,A,2223,True,csv
2023-03-18,Wolverhampton Wanderers,Leeds United,2,4,A,2223,True,csv
2023-03-18,Southampton,Tottenham Hotspur,3,3,D,2223,True,csv
2023-03-18,Chelsea,Everton,2,2,D,2223,True,csv
2023-03-18,Aston Villa,Bournemouth,3,0,H,2223,True,csv
2023-03-18,Brentford,Leicester City,1,1,D,2223,True,csv
2023-03-19,Arsenal,Crystal Palace,4,1,H,2223,True,csv
2023-04-01,Chelsea,Aston Villa,0,2,A,2223,True,csv
2023-04-01,Manchester City,Liverpool,4,1,H,2223,True,csv
2023-04-01,Arsenal,Leeds United,4,1,H,2223,True,csv
2023-04-01,Bournemouth,Fulham,2,1,H,2223,True,csv
2023-04-01,Brighton & Hove Albion,Brentford,3,3,D,2223,True,csv
2023-04-01,Crystal Palace,Leicester City,2,1,H,2223,True,csv
2023-04-01,Nottingham Forest,Wolverhampton Wanderers,1,1,D,2223,True,csv
2023-04-02,Newcastle United,Manchester United,2,0,H,2223,True,csv
2023-04-02,West Ham United,Southampton,1,0,H,2223,True,csv
2023-04-03,Everton,Tottenham Hotspur,1,1,D,2223,True,csv
2023-04-04,Bournemouth,Brighton & Hove Albion,0,2,A,2223,True,csv
2023-04-04,Leeds United,Nottingham Forest,2,1,H,2223,True,csv
2023-04-04,Leicester City,Aston Villa,1,2,A,2223,True,csv
2023-04-04,Chelsea,Liverpool,0,0,D,2223,True,csv
2023-04-05,Manchester United,Brentford,1,0,H,2223,True,csv
2023-04-05,West Ham United,Newcastle United,1,5,A,2223,True,csv
2023-04-08,Manchester United,Everton,2,0,H,2223,True,csv
2023-04-08,Aston Villa,Nottingham Forest,2,0,H,2223,True,csv
2023-04-08,Brentford,Newcastle United,1,2,A,2223,True,csv
2023-04-08,Fulham,West Ham United,0,1,A,2223,True,csv
2023-04-08,Leicester City,Bournemouth,0,1,A,2223,True,csv
2023-04-08,Tottenham Hotspur,Brighton & Hove Albion,2,1,H,2223,True,csv
2023-04-08,Wolverhampton Wanderers,Chelsea,1,0,H,2223,True,csv
2023-04-08,Southampton,Manchester City,1,4,A,2223,True,csv
2023-04-09,Liverpool,Arsenal,2,2,D,2223,True,csv
2023-04-09,Leeds United,Crystal Palace,1,5,A,2223,True,csv
2023-04-15,Aston Villa,Newcastle United,3,0,H,2223,True,csv
2023-04-15,Chelsea,Brighton & Hove Albion,1,2,A,2223,True,csv
2023-04-15,Everton,Fulham,1,3,A,2223,True,csv
2023-04-15,Southampton,Crystal Palace,0,2,A,2223,True,csv
2023-04-15,Tottenham Hotspur,Bournemouth,2,3,A,2223,True,csv
2023-04-15,Wolverhampton Wanderers,Brentford,2,0,H,2223,True,csv
2023-04-15,Manchester City,Leicester City,3,1,H,2223,True,csv
2023-04-16,West Ham United,Arsenal,2,2,D,2223,True,csv
2023-04-16,Nottingham Forest,Manchester United,0,2,A,2223,True,csv
2023-04-17,Leeds United,Liverpool,1,6,A,2223,True,csv
2023-04-21,Arsenal,Southampton,3,3,D,2223,True,csv
2023-04-22,Leicester City,Wolverhampton Wanderers,2,1,H,2223,True,csv
2023-04-22,Crystal Palace,Everton,0,0,D,2223,True,csv
2023-04-22,Liverpool,Nottingham Forest,3,2,H,2223,True,csv
2023-04-22,Fulham,Leeds United,2,1,H,2223,True,csv
2023-04-22,Brentford,Aston Villa,1,1,D,2223,True,csv
2023-04-23,Bournemouth,West Ham United,0,4,A,2223,True,csv
2023-04-23,Newcastle United,Tottenham Hotspur,6,1,H,2223,True,csv
2023-04-25,Wolverhampton Wanderers,Crystal Palace,2,0,H,2223,True,csv
2023-04-25,Aston Villa,Fulham,1,0,H,2223,True,csv
2023-04-25,Leeds United,Leicester City,1,1,D,2223,True,csv
2023-04-26,Manchester City,Arsenal,4,1,H,2223,True,csv
2023-04-26,West Ham United,Liverpool,1,2,A,2223,True,csv
2023-04-26,Chelsea,Brentford,0,2,A,2223,True,csv
2023-04-26,Nottingham Forest,Brighton & Hove Albion,3,1,H,2223,True,csv
2023-04-27,Everton,Newcastle United,1,4,A,2223,True,csv
2023-04-27,Southampton,Bournemouth,0,1,A,2223,True,csv
2023-04-27,Tottenham Hotspur,Manchester United,2,2,D,2223,True,csv
2023-04-29,Brentford,Nottingham Forest,2,1,H,2223,True,csv
2023-04-29,Crystal Palace,West Ham United,4,3,H,2223,True,csv
2023-04-29,Brighton & Hove Albion,Wolverhampton Wanderers,6,0,H,2223,True,csv
2023-04-30,Liverpool,Tottenham Hotspur,4,3,H,2223,True,csv
2023-04-30,Newcastle United,Southampton,3,1,H,2223,True,csv
2023-04-30,Bournemouth,Leeds United,4,1,H,2223,True,csv
2023-04-30,Fulham,Manchester City,1,2,A,2223,True,csv
2023-04-30,Manchester United,Aston Villa,1,0,H,2223,True,csv
2023-05-01,Leicester City,Everton,2,2,D,2223,True,csv
2023-05-02,Arsenal,Chelsea,3,1,H,2223,True,csv
2023-05-03,Liverpool,Fulham,1,0,H,2223,True,csv
2023-05-03,Manchester City,West Ham United,3,0,H,2223,True,csv
2023-05-04,Brighton & Hove Albion,Manchester United,1,0,H,2223,True,csv
2023-05-06,Liverpool,Brentford,1,0,H,2223,True,csv
2023-05-06,Wolverhampton Wanderers,Aston Villa,1,0,H,2223,True,csv
2023-05-06,Tottenham Hotspur,Crystal Palace,1,0,H,2223,True,csv
2023-05-06,Manchester City,Leeds United,2,1,H,2223,True,csv
2023-05-06,Bournemouth,Chelsea,1,3,A,2223,True,csv
2023-05-07,Newcastle United,Arsenal,0,2,A,2223,True,csv
2023-05-07,West Ham United,Manchester United,1,0,H,2223,True,csv
2023-05-08,Fulham,Leicester City,5,3,H,2223,True,csv
2023-05-08,Brighton & Hove Albion,Everton,1,5,A,2223,True,csv
2023-05-08,Nottingham Forest,Southampton,4,3,H,2223,True,csv
2023-05-13,Southampton,Fulham,0,2,A,2223,True,csv
2023-05-13,Manchester United,Wolverhampton Wanderers,2,0,H,2223,True,csv
2023-05-13,Crystal Palace,Bournemouth,2,0,H,2223,True,csv
2023-05-13,Leeds United,Newcastle United,2,2,D,2223,True,csv
2023-05-13,Aston Villa,Tottenham Hotspur,2,1,H,2223,True,csv
2023-05-13,Chelsea,Nottingham Forest,2,2,D,2223,True,csv
2023-05-14,Brentford,West Ham United,2,0,H,2223,True,csv
2023-05-14,Everton,Manchester City,0,3,A,2223,True,csv
2023-05-14,Arsenal,Brighton & Hove Albion,0,3,A,2223,True,csv
2023-05-15,Leicester City,Liverpool,0,3,A,2223,True,csv
2023-05-18,Newcastle United,Brighton & Hove Albion,4,1,H,2223,True,csv
2023-05-20,Nottingham Forest,Arsenal,1,0,H,2223,True,csv
2023-05-20,Tottenham Hotspur,Brentford,1,3,A,2223,True,csv
2023-05-20,Bournemouth,Manchester United,0,1,A,2223,True,csv
2023-05-20,Fulham,Crystal Palace,2,2,D,2223,True,csv
2023-05-20,Liverpool,Aston Villa,1,1,D,2223,True,csv
2023-05-20,Wolverhampton Wanderers,Everton,1,1,D,2223,True,csv
2023-05-21,Manchester City,Chelsea,1,0,H,2223,True,csv
2023-05-21,West Ham United,Leeds United,3,1,H,2223,True,csv
2023-05-21,Brighton & Hove Albion,Southampton,3,1,H,2223,True,csv
2023-05-22,Newcastle United,Leicester City,0,0,D,2223,True,csv
2023-05-24,Brighton & Hove Albion,Manchester City,1,1,D,2223,True,csv
2023-05-25,Manchester United,Chelsea,4,1,H,2223,True,csv
2023-05-28,Crystal Palace,Nottingham Forest,1,1,D,2223,True,csv
2023-05-28,Arsenal,Wolverhampton Wanderers,5,0,H,2223,True,csv
2023-05-28,Aston Villa,Brighton & Hove Albion,2,1,H,2223,True,csv
2023-05-28,Brentford,Manchester City,1,0,H,2223,True,csv
2023-05-28,Chelsea,Newcastle United,1,1,D,2223,True,csv
2023-05-28,Everton,Bournemouth,1,0,H,2223,True,csv
2023-05-28,Leeds United,Tottenham Hotspur,1,4,A,2223,True,csv
2023-05-28,Leicester City,West Ham United,2,1,H,2223,True,csv
2023-05-28,Manchester United,Fulham,2,1,H,2223,True,csv
2023-05-28,Southampton,Liverpool,4,4,D,2223,True,csv
2023-08-11,Burnley,Manchester City,0,3,A,2324,True,csv
2023-08-12,Sheffield United,Crystal Palace,0,1,A,2324,True,csv
2023-08-12,Newcastle United,Aston Villa,5,1,H,2324,True,csv
2023-08-12,Everton,Fulham,0,1,A,2324,True,csv
2023-08-12,Bournemouth,West Ham United,1,1,D,2324,True,csv
2023-08-12,Arsenal,Nottingham Forest,2,1,H,2324,True,csv
2023-08-12,Brighton & Hove Albion,Luton Town,4,1,H,2324,True,csv
2023-08-13,Brentford,Tottenham Hotspur,2,2,D,2324,True,csv
2023-08-13,Chelsea,Liverpool,1,1,D,2324,True,csv
2023-08-14,Manchester United,Wolverhampton Wanderers,1,0,H,2324,True,csv
2023-08-18,Nottingham Forest,Sheffield United,2,1,H,2324,True,csv
2023-08-19,Tottenham Hotspur,Manchester United,2,0,H,2324,True,csv
2023-08-19,Fulham,Brentford,0,3,A,2324,True,csv
2023-08-19,Liverpool,Bournemouth,3,1,H,2324,True,csv
2023-08-19,Wolverhampton Wanderers,Brighton & Hove Albion,1,4,A,2324,True,csv
2023-08-19,Manchester City,Newcastle United,1,0,H,2324,True,csv
2023-08-20,West Ham United,Chelsea,3,1,H,2324,True,csv
2023-08-20,Aston Villa,Everton,4,0,H,2324,True,csv
2023-08-21,Crystal Palace,Arsenal,0,1,A,2324,True,csv
2023-08-25,Chelsea,Luton Town,3,0,H,2324,True,csv
2023-08-26,Bournemouth,Tottenham Hotspur,0,2,A,2324,True,csv
2023-08-26,Arsenal,Fulham,2,2,D,2324,True,csv
2023-08-26,Brentford,Crystal Palace,1,1,D,2324,True,csv
2023-08-26,Everton,Wolverhampton Wanderers,0,1,A,2324,True,csv
2023-08-26,Manchester United,Nottingham Forest,3,2,H,2324,True,csv
2023-08-26,Brighton & Hove Albion,West Ham United,1,3,A,2324,True,csv
2023-08-27,Sheffield United,Manchester City,1,2,A,2324,True,csv
2023-08-27,Newcastle United,Liverpool,1,2,A,2324,True,csv
2023-08-27,Burnley,Aston Villa,1,3,A,2324,True,csv
2023-09-01,Luton Town,West Ham United,1,2,A,2324,True,csv
2023-09-02,Brighton & Hove Albion,Newcastle United,3,1,H,2324,True,csv
2023-09-02,Sheffield United,Everton,2,2,D,2324,True,csv
2023-09-02,Brentford,Bournemouth,2,2,D,2324,True,csv
2023-09-02,Burnley,Tottenham Hotspur,2,5,A,2324,True,csv
2023-09-02,Chelsea,Nottingham Forest,0,1,A,2324,True,csv
2023-09-02,Manchester City,Fulham,5,1,H,2324,True,csv
2023-09-03,Arsenal,Manchester United,3,1,H,2324,True,csv
2023-09-03,Liverpool,Aston Villa,3,0,H,2324,True,csv
2023-09-03,Crystal Palace,Wolverhampton Wanderers,3,2,H,2324,True,csv
2023-09-16,Wolverhampton Wanderers,Liverpool,1,3,A,2324,True,csv
2023-09-16,Aston Villa,Crystal Palace,3,1,H,2324,True,csv
2023-09-16,Fulham,Luton Town,1,0,H,2324,True,csv
2023-09-16,Manchester United,Brighton & Hove Albion,1,3,A,2324,True,csv
2023-09-16,Tottenham Hotspur,Sheffield United,2,1,H,2324,True,csv
2023-09-16,West Ham United,Manchester City,1,3,A,2324,True,csv
2023-09-16,Newcastle United,Brentford,1,0,H,2324,True,csv
2023-09-17,Everton,Arsenal,0,1,A,2324,True,csv
2023-09-17,Bournemouth,Chelsea,0,0,D,2324,True,csv
2023-09-18,Nottingham Forest,Burnley,1,1,D,2324,True,csv
2023-09-23,Crystal Palace,Fulham,0,0,D,2324,True,csv
2023-09-23,Luton Town,Wolverhampton Wanderers,1,1,D,2324,True,csv
2023-09-23,Manchester City,Nottingham Forest,2,0,H,2324,True,csv
2023-09-23,Brentford,Everton,1,3,A,2324,True,csv
2023-09-23,Burnley,Manchester United,0,1,A,2324,True,csv
2023-09-24,Sheffield United,Newcastle United,0,8,A,2324,True,csv
2023-09-24,Liverpool,West Ham United,3,1,H,2324,True,csv
2023-09-24,Arsenal,Tottenham Hotspur,2,2,D,2324,True,csv
2023-09-24,Brighton & Hove Albion,Bournemouth,3,1,H,2324,True,csv
2023-09-24,Chelsea,Aston Villa,0,1,A,2324,True,csv
2023-09-30,Aston Villa,Brighton & Hove Albion,6,1,H,2324,True,csv
2023-09-30,Bournemouth,Arsenal,0,4,A,2324,True,csv
2023-09-30,Everton,Luton Town,1,2,A,2324,True,csv
2023-09-30,Manchester United,Crystal Palace,0,1,A,2324,True,csv
2023-09-30,Newcastle United,Burnley,2,0,H,2324,True,csv
2023-09-30,West Ham United,Sheffield United,2,0,H,2324,True,csv
2023-09-30,Wolverhampton Wanderers,Manchester City,2,1,H,2324,True,csv
2023-09-30,Tottenham Hotspur,Liverpool,2,1,H,2324,True,csv
2023-10-01,Nottingham Forest,Brentford,1,1,D,2324,True,csv
2023-10-02,Fulham,Chelsea,0,2,A,2324,True,csv
2023-10-03,Luton Town,Burnley,1,2,A,2324,True,csv
2023-10-07,Crystal Palace,Nottingham Forest,0,0,D,2324,True,csv
2023-10-07,Manchester United,Brentford,2,1,H,2324,True,csv
2023-10-07,Fulham,Sheffield United,3,1,H,2324,True,csv
2023-10-07,Everton,Bournemouth,3,0,H,2324,True,csv
2023-10-07,Luton Town,Tottenham Hotspur,0,1,A,2324,True,csv
2023-10-07,Burnley,Chelsea,1,4,A,2324,True,csv
2023-10-08,Brighton & Hove Albion,Liverpool,2,2,D,2324,True,csv
2023-10-08,West Ham United,Newcastle United,2,2,D,2324,True,csv
2023-10-08,Wolverhampton Wanderers,Aston Villa,1,1,D,2324,True,csv
2023-10-08,Arsenal,Manchester City,1,0,H,2324,True,csv
2023-10-21,Sheffield United,Manchester United,1,2,A,2324,True,csv
2023-10-21,Liverpool,Everton,2,0,H,2324,True,csv
2023-10-21,Bournemouth,Wolverhampton Wanderers,1,2,A,2324,True,csv
2023-10-21,Brentford,Burnley,3,0,H,2324,True,csv
2023-10-21,Manchester City,Brighton & Hove Albion,2,1,H,2324,True,csv
2023-10-21,Newcastle United,Crystal Palace,4,0,H,2324,True,csv
2023-10-21,Nottingham Forest,Luton Town,2,2,D,2324,True,csv
2023-10-21,Chelsea,Arsenal,2,2,D,2324,True,csv
2023-10-22,Aston Villa,West Ham United,4,1,H,2324,True,csv
2023-10-23,Tottenham Hotspur,Fulham,2,0,H,2324,True,csv
2023-10-27,Crystal Palace,Tottenham Hotspur,1,2,A,2324,True,csv
2023-10-28,Chelsea,Brentford,0,2,A,2324,True,csv
2023-10-28,Arsenal,Sheffield United,5,0,H,2324,True,csv
2023-10-28,Bournemouth,Burnley,2,1,H,2324,True,csv
2023-10-28,Wolverhampton Wanderers,Newcastle United,2,2,D,2324,True,csv
2023-10-29,West Ham United,Everton,0,1,A,2324,True,csv
2023-10-29,Aston Villa,Luton Town,3,1,H,2324,True,csv
2023-10-29,Brighton & Hove Albion,Fulham,1,1,D,2324,True,csv
2023-10-29,Liverpool,Nottingham Forest,3,0,H,2324,True,csv
2023-10-29,Manchester United,Manchester City,0,3,A,2324,True,csv
2023-11-04,Sheffield United,Wolverhampton Wanderers,2,1,H,2324,True,csv
2023-11-04,Manchester City,Bournemouth,6,1,H,2324,True,csv
2023-11-04,Everton,Brighton & Hove Albion,1,1,D,2324,True,csv
2023-11-04,Newcastle United,Arsenal,1,0,H,2324,True,csv
2023-11-04,Brentford,West Ham United,3,2,H,2324,True,csv
2023-11-04,Fulham,Manchester United,0,1,A,2324,True,csv
2023-11-04,Burnley,Crystal Palace,0,2,A,2324,True,csv
2023-11-05,Nottingham Forest,Aston Villa,2,0,H,2324,True,csv
2023-11-05,Luton Town,Liverpool,1,1,D,2324,True,csv
2023-11-06,Tottenham Hotspur,Chelsea,1,4,A,2324,True,csv
2023-11-11,Bournemouth,Newcastle United,2,0,H,2324,True,csv
2023-11-11,Crystal Palace,Everton,2,3,A,2324,True,csv
2023-11-11,Manchester United,Luton Town,1,0,H,2324,True,csv
2023-11-11,Wolverhampton Wanderers,Tottenham Hotspur,2,1,H,2324,True,csv
2023-11-11,Arsenal,Burnley,3,1,H,2324,True,csv
2023-11-12,Aston Villa,Fulham,3,1,H,2324,True,csv
2023-11-12,Brighton & Hove Albion,Sheffield United,1,1,D,2324,True,csv
2023-11-12,Liverpool,Brentford,3,0,H,2324,True,csv
2023-11-12,West Ham United,Nottingham Forest,3,2,H,2324,True,csv
2023-11-12,Chelsea,Manchester City,4,4,D,2324,True,csv
2023-11-25,Sheffield United,Bournemouth,1,3,A,2324,True,csv
2023-11-25,Brentford,Arsenal,0,1,A,2324,True,csv
2023-11-25,Newcastle United,Chelsea,4,1,H,2324,True,csv
2023-11-25,Nottingham Forest,Brighton & Hove Albion,2,3,A,2324,True,csv
2023-11-25,Luton Town,Crystal Palace,2,1,H,2324,True,csv
2023-11-25,Burnley,West Ham United,1,2,A,2324,True,csv
2023-11-25,Manchester City,Liverpool,1,1,D,2324,True,csv
2023-11-26,Tottenham Hotspur,Aston Villa,1,2,A,2324,True,csv
2023-11-26,Everton,Manchester United,0,3,A,2324,True,csv
2023-11-27,Fulham,Wolverhampton Wanderers,3,2,H,2324,True,csv
2023-12-02,Newcastle United,Manchester United,1,0,H,2324,True,csv
2023-12-02,Nottingham Forest,Everton,0,1,A,2324,True,csv
2023-12-02,Burnley,Sheffield United,5,0,H,2324,True,csv
2023-12-02,Brentford,Luton Town,3,1,H,2324,True,csv
2023-12-02,Arsenal,Wolverhampton Wanderers,2,1,H,2324,True,csv
2023-12-03,Bournemouth,Aston Villa,2,2,D,2324,True,csv
2023-12-03,Chelsea,Brighton & Hove Albion,3,2,H,2324,True,csv
2023-12-03,Liverpool,Fulham,4,3,H,2324,True,csv
2023-12-03,West Ham United,Crystal Palace,1,1,D,2324,True,csv
2023-12-03,Manchester City,Tottenham Hotspur,3,3,D,2324,True,csv
2023-12-05,Luton Town,Arsenal,3,4,A,2324,True,csv
2023-12-05,Wolverhampton Wanderers,Burnley,1,0,H,2324,True,csv
2023-12-06,Brighton & Hove Albion,Brentford,2,1,H,2324,True,csv
2023-12-06,Crystal Palace,Bournemouth,0,2,A,2324,True,csv
2023-12-06,Fulham,Nottingham Forest,5,0,H,2324,True,csv
2023-12-06,Sheffield United,Liverpool,0,2,A,2324,True,csv
2023-12-06,Aston Villa,Manchester City,1,0,H,2324,True,csv
2023-12-06,Manchester United,Chelsea,2,1,H,2324,True,csv
2023-12-07,Everton,Newcastle United,3,0,H,2324,True,csv
2023-12-07,Tottenham Hotspur,West Ham United,1,2,A,2324,True,csv
2023-12-09,Crystal Palace,Liverpool,1,2,A,2324,True,csv
2023-12-09,Brighton & Hove Albion,Burnley,1,1,D,2324,True,csv
2023-12-09,Manchester United,Bournemouth,0,3,A,2324,True,csv
2023-12-09,Sheffield United,Brentford,1,0,H,2324,True,csv
2023-12-09,Wolverhampton Wanderers,Nottingham Forest,1,1,D,2324,True,csv
2023-12-09,Aston Villa,Arsenal,1,0,H,2324,True,csv
2023-12-10,Fulham,West Ham United,5,0,H,2324,True,csv
2023-12-10,Luton Town,Manchester City,1,2,A,2324,True,csv
2023-12-10,Everton,Chelsea,2,0,H,2324,True,csv
2023-12-10,Tottenham Hotspur,Newcastle United,4,1,H,2324,True,csv
2023-12-15,Nottingham Forest,Tottenham Hotspur,0,2,A,2324,True,csv
2023-12-16,Chelsea,Sheffield United,2,0,H,2324,True,csv
2023-12-16,Manchester City,Crystal Palace,2,2,D,2324,True,csv
2023-12-16,Newcastle United,Fulham,3,0,H,2324,True,csv
2023-12-16,Burnley,Everton,0,2,A,2324,True,csv
2023-12-17,Arsenal,Brighton & Hove Albion,2,0,H,2324,True,csv
2023-12-17,Brentford,Aston Villa,1,2,A,2324,True,csv
2023-12-17,West Ham United,Wolverhampton Wanderers,3,0,H,2324,True,csv
2023-12-17,Liverpool,Manchester United,0,0,D,2324,True,csv
2023-12-21,Crystal Palace,Brighton & Hove Albion,1,1,D,2324,True,csv
2023-12-22,Aston Villa,Sheffield United,1,1,D,2324,True,csv
2023-12-23,West Ham United,Manchester United,2,0,H,2324,True,csv
2023-12-23,Fulham,Burnley,0,2,A,2324,True,csv
2023-12-23,Luton Town,Newcastle United,1,0,H,2324,True,csv
2023-12-23,Nottingham Forest,Bournemouth,2,3,A,2324,True,csv
2023-12-23,Tottenham Hotspur,Everton,2,1,H,2324,True,csv
2023-12-23,Liverpool,Arsenal,1,1,D,2324,True,csv
2023-12-24,Wolverhampton Wanderers,Chelsea,2,1,H,2324,True,csv
2023-12-26,Newcastle United,Nottingham Forest,1,3,A,2324,True,csv
2023-12-26,Bournemouth,Fulham,3,0,H,2324,True,csv
2023-12-26,Sheffield United,Luton Town,2,3,A,2324,True,csv
2023-12-26,Burnley,Liverpool,0,2,A,2324,True,csv
2023-12-26,Manchester United,Aston Villa,3,2,H,2324,True,csv
2023-12-27,Brentford,Wolverhampton Wanderers,1,4,A,2324,True,csv
2023-12-27,Chelsea,Crystal Palace,2,1,H,2324,True,csv
2023-12-27,Everton,Manchester City,1,3,A,2324,True,csv
2023-12-28,Brighton & Hove Albion,Tottenham Hotspur,4,2,H,2324,True,csv
2023-12-28,Arsenal,West Ham United,0,2,A,2324,True,csv
2023-12-30,Luton Town,Chelsea,2,3,A,2324,True,csv
2023-12-30,Aston Villa,Burnley,3,2,H,2324,True,csv
2023-12-30,Crystal Palace,Brentford,3,1,H,2324,True,csv
2023-12-30,Manchester City,Sheffield United,2,0,H,2324,True,csv
2023-12-30,Wolverhampton Wanderers,Everton,3,0,H,2324,True,csv
2023-12-30,Nottingham Forest,Manchester United,2,1,H,2324,True,csv
2023-12-31,Tottenham Hotspur,Bournemouth,3,1,H,2324,True,csv
2023-12-31,Fulham,Arsenal,2,1,H,2324,True,csv
2024-01-01,Liverpool,Newcastle United,4,2,H,2324,True,csv
2024-01-02,West Ham United,Brighton & Hove Albion,0,0,D,2324,True,csv
2024-01-12,Burnley,Luton Town,1,1,D,2324,True,csv
2024-01-13,Chelsea,Fulham,1,0,H,2324,True,csv
2024-01-13,Newcastle United,Manchester City,2,3,A,2324,True,csv
2024-01-14,Everton,Aston Villa,0,0,D,2324,True,csv
2024-01-14,Manchester United,Tottenham Hotspur,2,2,D,2324,True,csv
2024-01-20,Arsenal,Crystal Palace,5,0,H,2324,True,csv
2024-01-20,Brentford,Nottingham Forest,3,2,H,2324,True,csv
2024-01-21,Sheffield United,West Ham United,2,2,D,2324,True,csv
2024-01-21,Bournemouth,Liverpool,0,4,A,2324,True,csv
2024-01-22,Brighton & Hove Albion,Wolverhampton Wanderers,0,0,D,2324,True,csv
2024-01-30,Aston Villa,Newcastle United,1,3,A,2324,True,csv
2024-01-30,Luton Town,Brighton & Hove Albion,4,0,H,2324,True,csv
2024-01-30,Crystal Palace,Sheffield United,3,2,H,2324,True,csv
2024-01-30,Nottingham Forest,Arsenal,1,2,A,2324,True,csv
2024-01-30,Fulham,Everton,0,0,D,2324,True,csv
2024-01-31,Manchester City,Burnley,3,1,H,2324,True,csv
2024-01-31,Tottenham Hotspur,Brentford,3,2,H,2324,True,csv
2024-01-31,Liverpool,Chelsea,4,1,H,2324,True,csv
2024-02-01,West Ham United,Bournemouth,1,1,D,2324,True,csv
2024-02-01,Wolverhampton Wanderers,Manchester United,3,4,A,2324,True,csv
2024-02-03,Brighton & Hove Albion,Crystal Palace,4,1,H,2324,True,csv
2024-02-03,Everton,Tottenham Hotspur,2,2,D,2324,True,csv
2024-02-03,Burnley,Fulham,2,2,D,2324,True,csv
2024-02-03,Newcastle United,Luton Town,4,4,D,2324,True,csv
2024-02-03,Sheffield United,Aston Villa,0,5,A,2324,True,csv
2024-02-04,Manchester United,West Ham United,3,0,H,2324,True,csv
2024-02-04,Arsenal,Liverpool,3,1,H,2324,True,csv
2024-02-04,Bournemouth,Nottingham Forest,1,1,D,2324,True,csv
2024-02-04,Chelsea,Wolverhampton Wanderers,2,4,A,2324,True,csv
2024-02-05,Brentford,Manchester City,1,3,A,2324,True,csv
2024-02-10,Wolverhampton Wanderers,Brentford,0,2,A,2324,True,csv
2024-02-10,Nottingham Forest,Newcastle United,2,3,A,2324,True,csv
2024-02-10,Tottenham Hotspur,Brighton & Hove Albion,2,1,H,2324,True,csv
2024-02-10,Liverpool,Burnley,3,1,H,2324,True,csv
2024-02-10,Luton Town,Sheffield United,1,3,A,2324,True,csv
2024-02-10,Fulham,Bournemouth,3,1,H,2324,True,csv
2024-02-10,Manchester City,Everton,2,0,H,2324,True,csv
2024-02-11,West Ham United,Arsenal,0,6,A,2324,True,csv
2024-02-11,Aston Villa,Manchester United,1,2,A,2324,True,csv
2024-02-12,Crystal Palace,Chelsea,1,3,A,2324,True,csv
2024-02-17,Brentford,Liverpool,1,4,A,2324,True,csv
2024-02-17,Burnley,Arsenal,0,5,A,2324,True,csv
2024-02-17,Fulham,Aston Villa,1,2,A,2324,True,csv
2024-02-17,Newcastle United,Bournemouth,2,2,D,2324,True,csv
2024-02-17,Nottingham Forest,West Ham United,2,0,H,2324,True,csv
2024-02-17,Tottenham Hotspur,Wolverhampton Wanderers,1,2,A,2324,True,csv
2024-02-17,Manchester City,Chelsea,1,1,D,2324,True,csv
2024-02-18,Sheffield United,Brighton & Hove Albion,0,5,A,2324,True,csv
2024-02-18,Luton Town,Manchester United,1,2,A,2324,True,csv
2024-02-19,Everton,Crystal Palace,1,1,D,2324,True,csv
2024-02-20,Manchester City,Brentford,1,0,H,2324,True,csv
2024-02-21,Liverpool,Luton Town,4,1,H,2324,True,csv
2024-02-24,Aston Villa,Nottingham Forest,4,2,H,2324,True,csv
2024-02-24,Brighton & Hove Albion,Everton,1,1,D,2324,True,csv
2024-02-24,Crystal Palace,Burnley,3,0,H,2324,True,csv
2024-02-24,Manchester United,Fulham,1,2,A,2324,True,csv
2024-02-24,Bournemouth,Manchester City,0,1,A,2324,True,csv
2024-02-24,Arsenal,Newcastle United,4,1,H,2324,True,csv
2024-02-25,Wolverhampton Wanderers,Sheffield United,1,0,H,2324,True,csv
2024-02-26,West Ham United,Brentford,4,2,H,2324,True,csv
2024-03-02,Brentford,Chelsea,2,2,D,2324,True,csv
2024-03-02,Everton,West Ham United,1,3,A,2324,True,csv
2024-03-02,Fulham,Brighton & Hove Albion,3,0,H,2324,True,csv
2024-03-02,Newcastle United,Wolverhampton Wanderers,3,0,H,2324,True,csv
2024-03-02,Nottingham Forest,Liverpool,0,1,A,2324,True,csv
2024-03-02,Tottenham Hotspur,Crystal Palace,3,1,H,2324,True,csv
2024-03-02,Luton Town,Aston Villa,2,3,A,2324,True,csv
2024-03-03,Manchester City,Manchester United,3,1,H,2324,True,csv
2024-03-03,Burnley,Bournemouth,0,2,A,2324,True,csv
2024-03-04,Sheffield United,Arsenal,0,6,A,2324,True,csv
2024-03-09,Manchester United,Everton,2,0,H,2324,True,csv
2024-03-09,Bournemouth,Sheffield United,2,2,D,2324,True,csv
2024-03-09,Crystal Palace,Luton Town,1,1,D,2324,True,csv
2024-03-09,Wolverhampton Wanderers,Fulham,2,1,H,2324,True,csv
2024-03-09,Arsenal,Brentford,2,1,H,2324,True,csv
2024-03-10,Liverpool,Manchester City,1,1,D,2324,True,csv
2024-03-10,Aston Villa,Tottenham Hotspur,0,4,A,2324,True,csv
2024-03-10,Brighton & Hove Albion,Nottingham Forest,1,0,H,2324,True,csv
2024-03-10,West Ham United,Burnley,2,2,D,2324,True,csv
2024-03-11,Chelsea,Newcastle United,3,2,H,2324,True,csv
2024-03-13,Bournemouth,Luton Town,4,3,H,2324,True,csv
2024-03-16,Luton Town,Nottingham Forest,1,1,D,2324,True,csv
2024-03-16,Fulham,Tottenham Hotspur,3,0,H,2324,True,csv
2024-03-16,Burnley,Brentford,2,1,H,2324,True,csv
2024-03-17,West Ham United,Aston Villa,1,1,D,2324,True,csv
2024-03-30,Brentford,Manchester United,1,1,D,2324,True,csv
2024-03-30,Tottenham Hotspur,Luton Town,2,1,H,2324,True,csv
2024-03-30,Aston Villa,Wolverhampton Wanderers,2,0,H,2324,True,csv
2024-03-30,Sheffield United,Fulham,3,3,D,2324,True,csv
2024-03-30,Newcastle United,West Ham United,4,3,H,2324,True,csv
2024-03-30,Chelsea,Burnley,2,2,D,2324,True,csv
2024-03-30,Bournemouth,Everton,2,1,H,2324,True,csv
2024-03-30,Nottingham Forest,Crystal Palace,1,1,D,2324,True,csv
2024-03-31,Liverpool,Brighton & Hove Albion,2,1,H,2324,True,csv
2024-03-31,Manchester City,Arsenal,0,0,D,2324,True,csv
2024-04-02,Burnley,Wolverhampton Wanderers,1,1,D,2324,True,csv
2024-04-02,Newcastle United,Everton,1,1,D,2324,True,csv
2024-04-02,Nottingham Forest,Fulham,3,1,H,2324,True,csv
2024-04-02,Bournemouth,Crystal Palace,1,0,H,2324,True,csv
2024-04-02,West Ham United,Tottenham Hotspur,1,1,D,2324,True,csv
2024-04-03,Manchester City,Aston Villa,4,1,H,2324,True,csv
2024-04-03,Arsenal,Luton Town,2,0,H,2324,True,csv
2024-04-03,Brentford,Brighton & Hove Albion,0,0,D,2324,True,csv
2024-04-04,Chelsea,Manchester United,4,3,H,2324,True,csv
2024-04-04,Liverpool,Sheffield United,3,1,H,2324,True,csv
2024-04-06,Crystal Palace,Manchester City,2,4,A,2324,True,csv
2024-04-06,Aston Villa,Brentford,3,3,D,2324,True,csv
2024-04-06,Everton,Burnley,1,0,H,2324,True,csv
2024-04-06,Fulham,Newcastle United,0,1,A,2324,True,csv
2024-04-06,Luton Town,Bournemouth,2,1,H,2324,True,csv
2024-04-06,Wolverhampton Wanderers,West Ham United,1,2,A,2324,True,csv
2024-04-06,Brighton & Hove Albion,Arsenal,0,3,A,2324,True,csv
2024-04-07,Manchester United,Liverpool,2,2,D,2324,True,csv
2024-04-07,Sheffield United,Chelsea,2,2,D,2324,True,csv
2024-04-07,Tottenham Hotspur,Nottingham Forest,3,1,H,2324,True,csv
2024-04-13,Nottingham Forest,Wolverhampton Wanderers,2,2,D,2324,True,csv
2024-04-13,Manchester City,Luton Town,5,1,H,2324,True,csv
2024-04-13,Bournemouth,Manchester United,2,2,D,2324,True,csv
2024-04-13,Brentford,Sheffield United,2,0,H,2324,True,csv
2024-04-13,Newcastle United,Tottenham Hotspur,4,0,H,2324,True,csv
2024-04-13,Burnley,Brighton & Hove Albion,1,1,D,2324,True,csv
2024-04-14,Liverpool,Crystal Palace,0,1,A,2324,True,csv
2024-04-14,West Ham United,Fulham,0,2,A,2324,True,csv
2024-04-14,Arsenal,Aston Villa,0,2,A,2324,True,csv
2024-04-15,Chelsea,Everton,6,0,H,2324,True,csv
2024-04-20,Sheffield United,Burnley,1,4,A,2324,True,csv
2024-04-20,Wolverhampton Wanderers,Arsenal,0,2,A,2324,True,csv
2024-04-20,Luton Town,Brentford,1,5,A,2324,True,csv
2024-04-21,Everton,Nottingham Forest,2,0,H,2324,True,csv
2024-04-21,Aston Villa,Bournemouth,3,1,H,2324,True,csv
2024-04-21,Crystal Palace,West Ham United,5,2,H,2324,True,csv
2024-04-21,Fulham,Liverpool,1,3,A,2324,True,csv
2024-04-23,Arsenal,Chelsea,5,0,H,2324,True,csv
2024-04-24,Everton,Liverpool,2,0,H,2324,True,csv
2024-04-24,Wolverhampton Wanderers,Bournemouth,0,1,A,2324,True,csv
2024-04-24,Crystal Palace,Newcastle United,2,0,H,2324,True,csv
2024-04-24,Manchester United,Sheffield United,4,2,H,2324,True,csv
2024-04-25,Brighton & Hove Albion,Manchester City,0,4,A,2324,True,csv
2024-04-27,West Ham United,Liverpool,2,2,D,2324,True,csv
2024-04-27,Fulham,Crystal Palace,1,1,D,2324,True,csv
2024-04-27,Manchester United,Burnley,1,1,D,2324,True,csv
2024-04-27,Newcastle United,Sheffield United,5,1,H,2324,True,csv
2024-04-27,Wolverhampton Wanderers,Luton Town,2,1,H,2324,True,csv
2024-04-27,Everton,Brentford,1,0,H,2324,True,csv
2024-04-27,Aston Villa,Chelsea,2,2,D,2324,True,csv
2024-04-28,Bournemouth,Brighton & Hove Albion,3,0,H,2324,True,csv
2024-04-28,Tottenham Hotspur,Arsenal,2,3,A,2324,True,csv
2024-04-28,Nottingham Forest,Manchester City,0,2,A,2324,True,csv
2024-05-02,Chelsea,Tottenham Hotspur,2,0,H,2324,True,csv
2024-05-03,Luton Town,Everton,1,1,D,2324,True,csv
2024-05-04,Manchester City,Wolverhampton Wanderers,5,1,H,2324,True,csv
2024-05-04,Burnley,Newcastle United,1,4,A,2324,True,csv
2024-05-04,Sheffield United,Nottingham Forest,1,3,A,2324,True,csv
2024-05-04,Arsenal,Bournemouth,3,0,H,2324,True,csv
2024-05-04,Brentford,Fulham,0,0,D,2324,True,csv
2024-05-05,Brighton & Hove Albion,Aston Villa,1,0,H,2324,True,csv
2024-05-05,Chelsea,West Ham United,5,0,H,2324,True,csv
2024-05-05,Liverpool,Tottenham Hotspur,4,2,H,2324,True,csv
2024-05-06,Crystal Palace,Manchester United,4,0,H,2324,True,csv
2024-05-11,Everton,Sheffield United,1,0,H,2324,True,csv
2024-05-11,Fulham,Manchester City,0,4,A,2324,True,csv
2024-05-11,Bournemouth,Brentford,1,2,A,2324,True,csv
2024-05-11,Newcastle United,Brighton & Hove Albion,1,1,D,2324,True,csv
2024-05-11,Tottenham Hotspur,Burnley,2,1,H,2324,True,csv
2024-05-11,West Ham United,Luton Town,3,1,H,2324,True,csv
2024-05-11,Wolverhampton Wanderers,Crystal Palace,1,3,A,2324,True,csv
2024-05-11,Nottingham Forest,Chelsea,2,3,A,2324,True,csv
2024-05-12,Manchester United,Arsenal,0,1,A,2324,True,csv
2024-05-13,Aston Villa,Liverpool,3,3,D,2324,True,csv
2024-05-14,Tottenham Hotspur,Manchester City,0,2,A,2324,True,csv
2024-05-15,Manchester United,Newcastle United,3,2,H,2324,True,csv
2024-05-15,Brighton & Hove Albion,Chelsea,1,2,A,2324,True,csv
2024-05-19,Luton Town,Fulham,2,4,A,2324,True,csv
2024-05-19,Liverpool,Wolverhampton Wanderers,2,0,H,2324,True,csv
2024-05-19,Manchester City,West Ham United,3,1,H,2324,True,csv
2024-05-19,Crystal Palace,Aston Villa,5,0,H,2324,True,csv
2024-05-19,Sheffield United,Tottenham Hotspur,0,3,A,2324,True,csv
2024-05-19,Burnley,Nottingham Forest,1,2,A,2324,True,csv
2024-05-19,Arsenal,Everton,2,1,H,2324,True,csv
2024-05-19,Chelsea,Bournemouth,2,1,H,2324,True,csv
2024-05-19,Brighton & Hove Albion,Manchester United,0,2,A,2324,True,csv
2024-05-19,Brentford,Newcastle United,2,4,A,2324,True,csv
2024-08-16,Manchester United,Fulham,1,0,H,2425,True,csv
2024-08-17,Ipswich Town,Liverpool,0,2,A,2425,True,csv
2024-08-17,Arsenal,Wolverhampton Wanderers,2,0,H,2425,True,csv
2024-08-17,Everton,Brighton & Hove Albion,0,3,A,2425,True,csv
2024-08-17,Newcastle United,Southampton,1,0,H,2425,True,csv
2024-08-17,Nottingham Forest,Bournemouth,1,1,D,2425,True,csv
2024-08-17,West Ham United,Aston Villa,1,2,A,2425,True,csv
2024-08-18,Brentford,Crystal Palace,2,1,H,2425,True,csv
2024-08-18,Chelsea,Manchester City,0,2,A,2425,True,csv
2024-08-19,Leicester City,Tottenham Hotspur,1,1,D,2425,True,csv
2024-08-24,Tottenham Hotspur,Everton,4,0,H,2425,True,csv
2024-08-24,Southampton,Nottingham Forest,0,1,A,2425,True,csv
2024-08-24,Manchester City,Ipswich Town,4,1,H,2425,True,csv
2024-08-24,Aston Villa,Arsenal,0,2,A,2425,True,csv
2024-08-24,Crystal Palace,West Ham United,0,2,A,2425,True,csv
2024-08-24,Brighton & Hove Albion,Manchester United,2,1,H,2425,True,csv
2024-08-24,Fulham,Leicester City,2,1,H,2425,True,csv
2024-08-25,Bournemouth,Newcastle United,1,1,D,2425,True,csv
2024-08-25,Wolverhampton Wanderers,Chelsea,2,6,A,2425,True,csv
2024-08-25,Liverpool,Brentford,2,0,H,2425,True,csv
2024-08-31,West Ham United,Manchester City,1,3,A,2425,True,csv
2024-08-31,Nottingham Forest,Wolverhampton Wanderers,1,1,D,2425,True,csv
2024-08-31,Leicester City,Aston Villa,1,2,A,2425,True,csv
2024-08-31,Ipswich Town,Fulham,1,1,D,2425,True,csv
2024-08-31,Brentford,Southampton,3,1,H,2425,True,csv
2024-08-31,Arsenal,Brighton & Hove Albion,1,1,D,2425,True,csv
2024-08-31,Everton,Bournemouth,2,3,A,2425,True,csv
2024-09-01,Chelsea,Crystal Palace,1,1,D,2425,True,csv
2024-09-01,Newcastle United,Tottenham Hotspur,2,1,H,2425,True,csv
2024-09-01,Manchester United,Liverpool,0,3,A,2425,True,csv
2024-09-14,Manchester City,Brentford,2,1,H,2425,True,csv
2024-09-14,Bournemouth,Chelsea,0,1,A,2425,True,csv
2024-09-14,Liverpool,Nottingham Forest,0,1,A,2425,True,csv
2024-09-14,Aston Villa,Everton,3,2,H,2425,True,csv
2024-09-14,Crystal Palace,Leicester City,2,2,D,2425,True,csv
2024-09-14,Southampton,Manchester United,0,3,A,2425,True,csv
2024-09-14,Fulham,West Ham United,1,1,D,2425,True,csv
2024-09-14,Brighton & Hove Albion,Ipswich Town,0,0,D,2425,True,csv
2024-09-15,Tottenham Hotspur,Arsenal,0,1,A,2425,True,csv
2024-09-15,Wolverhampton Wanderers,Newcastle United,1,2,A,2425,True,csv
2024-09-21,West Ham United,Chelsea,0,3,A,2425,True,csv
2024-09-21,Aston Villa,Wolverhampton Wanderers,3,1,H,2425,True,csv
2024-09-21,Fulham,Newcastle United,3,1,H,2425,True,csv
2024-09-21,Liverpool,Bournemouth,3,0,H,2425,True,csv
2024-09-21,Southampton,Ipswich Town,1,1,D,2425,True,csv
2024-09-21,Tottenham Hotspur,Brentford,3,1,H,2425,True,csv
2024-09-21,Crystal Palace,Manchester United,0,0,D,2425,True,csv
2024-09-21,Leicester City,Everton,1,1,D,2425,True,csv
2024-09-22,Brighton & Hove Albion,Nottingham Forest,2,2,D,2425,True,csv
2024-09-22,Manchester City,Arsenal,2,2,D,2425,True,csv
2024-09-28,Everton,Crystal Palace,2,1,H,2425,True,csv
2024-09-28,Nottingham Forest,Fulham,0,1,A,2425,True,csv
2024-09-28,Wolverhampton Wanderers,Liverpool,1,2,A,2425,True,csv
2024-09-28,Chelsea,Brighton & Hove Albion,4,2,H,2425,True,csv
2024-09-28,Arsenal,Leicester City,4,2,H,2425,True,csv
2024-09-28,Newcastle United,Manchester City,1,1,D,2425,True,csv
2024-09-28,Brentford,West Ham United,1,1,D,2425,True,csv
2024-09-29,Ipswich Town,Aston Villa,2,2,D,2425,True,csv
2024-09-29,Manchester United,Tottenham Hotspur,0,3,A,2425,True,csv
2024-09-30,Bournemouth,Southampton,3,1,H,2425,True,csv
2024-10-05,Everton,Newcastle United,0,0,D,2425,True,csv
2024-10-05,West Ham United,Ipswich Town,4,1,H,2425,True,csv
2024-10-05,Manchester City,Fulham,3,2,H,2425,True,csv
2024-10-05,Leicester City,Bournemouth,1,0,H,2425,True,csv
2024-10-05,Arsenal,Southampton,3,1,H,2425,True,csv
2024-10-05,Crystal Palace,Liverpool,0,1,A,2425,True,csv
2024-10-05,Brentford,Wolverhampton Wanderers,5,3,H,2425,True,csv
2024-10-06,Aston Villa,Manchester United,0,0,D,2425,True,csv
2024-10-06,Chelsea,Nottingham Forest,1,1,D,2425,True,csv
2024-10-06,Brighton & Hove Albion,Tottenham Hotspur,3,2,H,2425,True,csv
2024-10-19,Southampton,Leicester City,2,3,A,2425,True,csv
2024-10-19,Bournemouth,Arsenal,2,0,H,2425,True,csv
2024-10-19,Newcastle United,Brighton & Hove Albion,0,1,A,2425,True,csv
2024-10-19,Tottenham Hotspur,West Ham United,4,1,H,2425,True,csv
2024-10-19,Ipswich Town,Everton,0,2,A,2425,True,csv
2024-10-19,Manchester United,Brentford,2,1,H,2425,True,csv
2024-10-19,Fulham,Aston Villa,1,3,A,2425,True,csv
2024-10-20,Wolverhampton Wanderers,Manchester City,1,2,A,2425,True,csv
2024-10-20,Liverpool,Chelsea,2,1,H,2425,True,csv
2024-10-21,Nottingham Forest,Crystal Palace,1,0,H,2425,True,csv
2024-10-25,Leicester City,Nottingham Forest,1,3,A,2425,True,csv
2024-10-26,Manchester City,Southampton,1,0,H,2425,True,csv
2024-10-26,Aston Villa,Bournemouth,1,1,D,2425,True,csv
2024-10-26,Brentford,Ipswich Town,4,3,H,2425,True,csv
2024-10-26,Brighton & Hove Albion,Wolverhampton Wanderers,2,2,D,2425,True,csv
2024-10-26,Everton,Fulham,1,1,D,2425,True,csv
2024-10-27,Chelsea,Newcastle United,2,1,H,2425,True,csv
2024-10-27,Crystal Palace,Tottenham Hotspur,1,0,H,2425,True,csv
2024-10-27,West Ham United,Manchester United,2,1,H,2425,True,csv
2024-10-27,Arsenal,Liverpool,2,2,D,2425,True,csv
2024-11-02,Bournemouth,Manchester City,2,1,H,2425,True,csv
2024-11-02,Southampton,Everton,1,0,H,2425,True,csv
2024-11-02,Wolverhampton Wanderers,Crystal Palace,2,2,D,2425,True,csv
2024-11-02,Nottingham Forest,West Ham United,3,0,H,2425,True,csv
2024-11-02,Newcastle United,Arsenal,1,0,H,2425,True,csv
2024-11-02,Ipswich Town,Leicester City,1,1,D,2425,True,csv
2024-11-02,Liverpool,Brighton & Hove Albion,2,1,H,2425,True,csv
2024-11-03,Tottenham Hotspur,Aston Villa,4,1,H,2425,True,csv
2024-11-03,Manchester United,Chelsea,1,1,D,2425,True,csv
2024-11-04,Fulham,Brentford,2,1,H,2425,True,csv
2024-11-09,Brentford,Bournemouth,3,2,H,2425,True,csv
2024-11-09,Crystal Palace,Fulham,0,2,A,2425,True,csv
2024-11-09,West Ham United,Everton,0,0,D,2425,True,csv
2024-11-09,Wolverhampton Wanderers,Southampton,2,0,H,2425,True,csv
2024-11-09,Brighton & Hove Albion,Manchester City,2,1,H,2425,True,csv
2024-11-09,Liverpool,Aston Villa,2,0,H,2425,True,csv
2024-11-10,Tottenham Hotspur,Ipswich Town,1,2,A,2425,True,csv
2024-11-10,Chelsea,Arsenal,1,1,D,2425,True,csv
2024-11-10,Nottingham Forest,Newcastle United,1,3,A,2425,True,csv
2024-11-10,Manchester United,Leicester City,3,0,H,2425,True,csv
2024-11-23,Leicester City,Chelsea,1,2,A,2425,True,csv
2024-11-23,Arsenal,Nottingham Forest,3,0,H,2425,True,csv
2024-11-23,Aston Villa,Crystal Palace,2,2,D,2425,True,csv
2024-11-23,Bournemouth,Brighton & Hove Albion,1,2,A,2425,True,csv
2024-11-23,Everton,Brentford,0,0,D,2425,True,csv
2024-11-23,Fulham,Wolverhampton Wanderers,1,4,A,2425,True,csv
2024-11-23,Manchester City,Tottenham Hotspur,0,4,A,2425,True,csv
2024-11-24,Southampton,Liverpool,2,3,A,2425,True,csv
2024-11-24,Ipswich Town,Manchester United,1,1,D,2425,True,csv
2024-11-25,Newcastle United,West Ham United,0,2,A,2425,True,csv
2024-11-29,Brighton & Hove Albion,Southampton,1,1,D,2425,True,csv
2024-11-30,West Ham United,Arsenal,2,5,A,2425,True,csv
2024-11-30,Nottingham Forest,Ipswich Town,1,0,H,2425,True,csv
2024-11-30,Wolverhampton Wanderers,Bournemouth,2,4,A,2425,True,csv
2024-11-30,Brentford,Leicester City,4,1,H,2425,True,csv
2024-11-30,Crystal Palace,Newcastle United,1,1,D,2425,True,csv
2024-12-01,Chelsea,Aston Villa,3,0,H,2425,True,csv
2024-12-01,Manchester United,Everton,4,0,H,2425,True,csv
2024-12-01,Tottenham Hotspur,Fulham,1,1,D,2425,True,csv
2024-12-01,Liverpool,Manchester City,2,0,H,2425,True,csv
2024-12-03,Ipswich Town,Crystal Palace,0,1,A,2425,True,csv
2024-12-03,Leicester City,West Ham United,3,1,H,2425,True,csv
2024-12-04,Everton,Wolverhampton Wanderers,4,0,H,2425,True,csv
2024-12-04,Manchester City,Nottingham Forest,3,0,H,2425,True,csv
2024-12-04,Newcastle United,Liverpool,3,3,D,2425,True,csv
2024-12-04,Southampton,Chelsea,1,5,A,2425,True,csv
2024-12-04,Arsenal,Manchester United,2,0,H,2425,True,csv
2024-12-04,Aston Villa,Brentford,3,1,H,2425,True,csv
2024-12-05,Fulham,Brighton & Hove Albion,3,1,H,2425,True,csv
2024-12-05,Bournemouth,Tottenham Hotspur,1,0,H,2425,True,csv
2024-12-07,Manchester United,Nottingham Forest,2,3,A,2425,True,csv
2024-12-07,Crystal Palace,Manchester City,2,2,D,2425,True,csv
2024-12-07,Brentford,Newcastle United,4,2,H,2425,True,csv
2024-12-07,Aston Villa,Southampton,1,0,H,2425,True,csv
2024-12-08,Fulham,Arsenal,1,1,D,2425,True,csv
2024-12-08,Ipswich Town,Bournemouth,1,2,A,2425,True,csv
2024-12-08,Leicester City,Brighton & Hove Albion,2,2,D,2425,True,csv
2024-12-08,Tottenham Hotspur,Chelsea,3,4,A,2425,True,csv
2024-12-09,West Ham United,Wolverhampton Wanderers,2,1,H,2425,True,csv
2024-12-14,Arsenal,Everton,0,0,D,2425,True,csv
2024-12-14,Liverpool,Fulham,2,2,D,2425,True,csv
2024-12-14,Newcastle United,Leicester City,4,0,H,2425,True,csv
2024-12-14,Wolverhampton Wanderers,Ipswich Town,1,2,A,2425,True,csv
2024-12-14,Nottingham Forest,Aston Villa,2,1,H,2425,True,csv
2024-12-15,Chelsea,Brentford,2,1,H,2425,True,csv
2024-12-15,Southampton,Tottenham Hotspur,0,5,A,2425,True,csv
2024-12-15,Brighton & Hove Albion,Crystal Palace,1,3,A,2425,True,csv
2024-12-15,Manchester City,Manchester United,1,2,A,2425,True,csv
2024-12-16,Bournemouth,West Ham United,1,1,D,2425,True,csv
2024-12-21,Aston Villa,Manchester City,2,1,H,2425,True,csv
2024-12-21,Brentford,Nottingham Forest,0,2,A,2425,True,csv
2024-12-21,Ipswich Town,Newcastle United,0,4,A,2425,True,csv
2024-12-21,West Ham United,Brighton & Hove Albion,1,1,D,2425,True,csv
2024-12-21,Crystal Palace,Arsenal,1,5,A,2425,True,csv
2024-12-22,Everton,Chelsea,0,0,D,2425,True,csv
2024-12-22,Fulham,Southampton,0,0,D,2425,True,csv
2024-12-22,Leicester City,Wolverhampton Wanderers,0,3,A,2425,True,csv
2024-12-22,Manchester United,Bournemouth,0,3,A,2425,True,csv
2024-12-22,Tottenham Hotspur,Liverpool,3,6,A,2425,True,csv
2024-12-26,Southampton,West Ham United,0,1,A,2425,True,csv
2024-12-26,Wolverhampton Wanderers,Manchester United,2,0,H,2425,True,csv
2024-12-26,Nottingham Forest,Tottenham Hotspur,1,0,H,2425,True,csv
2024-12-26,Liverpool,Leicester City,3,1,H,2425,True,csv
2024-12-26,Chelsea,Fulham,1,2,A,2425,True,csv
2024-12-26,Manchester City,Everton,1,1,D,2425,True,csv
2024-12-26,Newcastle United,Aston Villa,3,0,H,2425,True,csv
2024-12-26,Bournemouth,Crystal Palace,0,0,D,2425,True,csv
2024-12-27,Brighton & Hove Albion,Brentford,0,0,D,2425,True,csv
2024-12-27,Arsenal,Ipswich Town,1,0,H,2425,True,csv
2024-12-29,Leicester City,Manchester City,0,2,A,2425,True,csv
2024-12-29,Crystal Palace,Southampton,2,1,H,2425,True,csv
2024-12-29,Everton,Nottingham Forest,0,2,A,2425,True,csv
2024-12-29,Tottenham Hotspur,Wolverhampton Wanderers,2,2,D,2425,True,csv
2024-12-29,West Ham United,Liverpool,0,5,A,2425,True,csv
2024-12-29,Fulham,Bournemouth,2,2,D,2425,True,csv
2024-12-30,Aston Villa,Brighton & Hove Albion,2,2,D,2425,True,csv
2024-12-30,Ipswich Town,Chelsea,2,0,H,2425,True,csv
2024-12-30,Manchester United,Newcastle United,0,2,A,2425,True,csv
2025-01-01,Brentford,Arsenal,1,3,A,2425,True,csv
2025-01-04,Brighton & Hove Albion,Arsenal,1,1,D,2425,True,csv
2025-01-04,Manchester City,West Ham United,4,1,H,2425,True,csv
2025-01-04,Southampton,Brentford,0,5,A,2425,True,csv
2025-01-04,Bournemouth,Everton,1,0,H,2425,True,csv
2025-01-04,Aston Villa,Leicester City,2,1,H,2425,True,csv
2025-01-04,Tottenham Hotspur,Newcastle United,1,2,A,2425,True,csv
2025-01-04,Crystal Palace,Chelsea,1,1,D,2425,True,csv
2025-01-05,Fulham,Ipswich Town,2,2,D,2425,True,csv
2025-01-05,Liverpool,Manchester United,2,2,D,2425,True,csv
2025-01-06,Wolverhampton Wanderers,Nottingham Forest,0,3,A,2425,True,csv
2025-01-14,Nottingham Forest,Liverpool,1,1,D,2425,True,csv
2025-01-14,West Ham United,Fulham,3,2,H,2425,True,csv
2025-01-14,Brentford,Manchester City,2,2,D,2425,True,csv
2025-01-14,Chelsea,Bournemouth,2,2,D,2425,True,csv
2025-01-15,Everton,Aston Villa,0,1,A,2425,True,csv
2025-01-15,Leicester City,Crystal Palace,0,2,A,2425,True,csv
2025-01-15,Newcastle United,Wolverhampton Wanderers,3,0,H,2425,True,csv
2025-01-15,Arsenal,Tottenham Hotspur,2,1,H,2425,True,csv
2025-01-16,Ipswich Town,Brighton & Hove Albion,0,2,A,2425,True,csv
2025-01-16,Manchester United,Southampton,3,1,H,2425,True,csv
2025-01-18,Arsenal,Aston Villa,2,2,D,2425,True,csv
2025-01-18,Leicester City,Fulham,0,2,A,2425,True,csv
2025-01-18,West Ham United,Crystal Palace,0,2,A,2425,True,csv
2025-01-18,Newcastle United,Bournemouth,1,4,A,2425,True,csv
2025-01-18,Brentford,Liverpool,0,2,A,2425,True,csv
2025-01-19,Everton,Tottenham Hotspur,3,2,H,2425,True,csv
2025-01-19,Manchester United,Brighton & Hove Albion,1,3,A,2425,True,csv
2025-01-19,Nottingham Forest,Southampton,3,2,H,2425,True,csv
2025-01-19,Ipswich Town,Manchester City,0,6,A,2425,True,csv
2025-01-20,Chelsea,Wolverhampton Wanderers,3,1,H,2425,True,csv
2025-01-25,Bournemouth,Nottingham Forest,5,0,H,2425,True,csv
2025-01-25,Brighton & Hove Albion,Everton,0,1,A,2425,True,csv
2025-01-25,Liverpool,Ipswich Town,4,1,H,2425,True,csv
2025-01-25,Southampton,Newcastle United,1,3,A,2425,True,csv
2025-01-25,Wolverhampton Wanderers,Arsenal,0,1,A,2425,True,csv
2025-01-25,Manchester City,Chelsea,3,1,H,2425,True,csv
2025-01-26,Aston Villa,West Ham United,1,1,D,2425,True,csv
2025-01-26,Fulham,Manchester United,0,1,A,2425,True,csv
2025-01-26,Tottenham Hotspur,Leicester City,1,2,A,2425,True,csv
2025-01-26,Crystal Palace,Brentford,1,2,A,2425,True,csv
2025-02-01,Nottingham Forest,Brighton & Hove Albion,7,0,H,2425,True,csv
2025-02-01,Bournemouth,Liverpool,0,2,A,2425,True,csv
2025-02-01,Everton,Leicester City,4,0,H,2425,True,csv
2025-02-01,Ipswich Town,Southampton,1,2,A,2425,True,csv
2025-02-01,Newcastle United,Fulham,1,2,A,2425,True,csv
2025-02-01,Wolverhampton Wanderers,Aston Villa,2,0,H,2425,True,csv
2025-02-02,Brentford,Tottenham Hotspur,0,2,A,2425,True,csv
2025-02-02,Manchester United,Crystal Palace,0,2,A,2425,True,csv
2025-02-02,Arsenal,Manchester City,5,1,H,2425,True,csv
2025-02-03,Chelsea,West Ham United,2,1,H,2425,True,csv
2025-02-12,Everton,Liverpool,2,2,D,2425,True,csv
2025-02-14,Brighton & Hove Albion,Chelsea,3,0,H,2425,True,csv
2025-02-15,Crystal Palace,Everton,1,2,A,2425,True,csv
2025-02-15,Southampton,Bournemouth,1,3,A,2425,True,csv
2025-02-15,Manchester City,Newcastle United,4,0,H,2425,True,csv
2025-02-15,West Ham United,Brentford,0,1,A,2425,True,csv
2025-02-15,Aston Villa,Ipswich Town,1,1,D,2425,True,csv
2025-02-15,Leicester City,Arsenal,0,2,A,2425,True,csv
2025-02-15,Fulham,Nottingham Forest,2,1,H,2425,True,csv
2025-02-16,Liverpool,Wolverhampton Wanderers,2,1,H,2425,True,csv
2025-02-16,Tottenham Hotspur,Manchester United,1,0,H,2425,True,csv
2025-02-19,Aston Villa,Liverpool,2,2,D,2425,True,csv
2025-02-21,Leicester City,Brentford,0,4,A,2425,True,csv
2025-02-22,Everton,Manchester United,2,2,D,2425,True,csv
2025-02-22,Bournemouth,Wolverhampton Wanderers,0,1,A,2425,True,csv
2025-02-22,Fulham,Crystal Palace,0,2,A,2425,True,csv
2025-02-22,Ipswich Town,Tottenham Hotspur,1,4,A,2425,True,csv
2025-02-22,Southampton,Brighton & Hove Albion,0,4,A,2425,True,csv
2025-02-22,Aston Villa,Chelsea,2,1,H,2425,True,csv
2025-02-22,Arsenal,West Ham United,0,1,A,2425,True,csv
2025-02-23,Newcastle United,Nottingham Forest,4,3,H,2425,True,csv
2025-02-23,Manchester City,Liverpool,0,2,A,2425,True,csv
2025-02-25,Wolverhampton Wanderers,Fulham,1,2,A,2425,True,csv
2025-02-25,Chelsea,Southampton,4,0,H,2425,True,csv
2025-02-25,Crystal Palace,Aston Villa,4,1,H,2425,True,csv
2025-02-25,Brighton & Hove Albion,Bournemouth,2,1,H,2425,True,csv
2025-02-26,Brentford,Everton,1,1,D,2425,True,csv
2025-02-26,Manchester United,Ipswich Town,3,2,H,2425,True,csv
2025-02-26,Nottingham Forest,Arsenal,0,0,D,2425,True,csv
2025-02-26,Tottenham Hotspur,Manchester City,0,1,A,2425,True,csv
2025-02-26,Liverpool,Newcastle United,2,0,H,2425,True,csv
2025-02-27,West Ham United,Leicester City,2,0,H,2425,True,csv
2025-03-08,Brighton & Hove Albion,Fulham,2,1,H,2425,True,csv
2025-03-08,Nottingham Forest,Manchester City,1,0,H,2425,True,csv
2025-03-08,Crystal Palace,Ipswich Town,1,0,H,2425,True,csv
2025-03-08,Liverpool,Southampton,3,1,H,2425,True,csv
2025-03-08,Brentford,Aston Villa,0,1,A,2425,True,csv
2025-03-08,Wolverhampton Wanderers,Everton,1,1,D,2425,True,csv
2025-03-09,Tottenham Hotspur,Bournemouth,2,2,D,2425,True,csv
2025-03-09,Manchester United,Arsenal,1,1,D,2425,True,csv
2025-03-09,Chelsea,Leicester City,1,0,H,2425,True,csv
2025-03-10,West Ham United,Newcastle United,0,1,A,2425,True,csv
2025-03-15,Bournemouth,Brentford,1,2,A,2425,True,csv
2025-03-15,Southampton,Wolverhampton Wanderers,1,2,A,2425,True,csv
2025-03-15,Ipswich Town,Nottingham Forest,2,4,A,2425,True,csv
2025-03-15,Everton,West Ham United,1,1,D,2425,True,csv
2025-03-15,Manchester City,Brighton & Hove Albion,2,2,D,2425,True,csv
2025-03-16,Arsenal,Chelsea,1,0,H,2425,True,csv
2025-03-16,Fulham,Tottenham Hotspur,2,0,H,2425,True,csv
2025-03-16,Leicester City,Manchester United,0,3,A,2425,True,csv
2025-04-01,Arsenal,Fulham,2,1,H,2425,True,csv
2025-04-01,Wolverhampton Wanderers,West Ham United,1,0,H,2425,True,csv
2025-04-01,Nottingham Forest,Manchester United,1,0,H,2425,True,csv
2025-04-02,Liverpool,Everton,1,0,H,2425,True,csv
2025-04-02,Southampton,Crystal Palace,1,1,D,2425,True,csv
2025-04-02,Newcastle United,Brentford,2,1,H,2425,True,csv
2025-04-02,Bournemouth,Ipswich Town,1,2,A,2425,True,csv
2025-04-02,Brighton & Hove Albion,Aston Villa,0,3,A,2425,True,csv
2025-04-02,Manchester City,Leicester City,2,0,H,2425,True,csv
2025-04-03,Chelsea,Tottenham Hotspur,1,0,H,2425,True,csv
2025-04-05,Aston Villa,Nottingham Forest,2,1,H,2425,True,csv
2025-04-05,West Ham United,Bournemouth,2,2,D,2425,True,csv
2025-04-05,Everton,Arsenal,1,1,D,2425,True,csv
2025-04-05,Crystal Palace,Brighton & Hove Albion,2,1,H,2425,True,csv
2025-04-05,Ipswich Town,Wolverhampton Wanderers,1,2,A,2425,True,csv
2025-04-06,Brentford,Chelsea,0,0,D,2425,True,csv
2025-04-06,Fulham,Liverpool,3,2,H,2425,True,csv
2025-04-06,Tottenham Hotspur,Southampton,3,1,H,2425,True,csv
2025-04-06,Manchester United,Manchester City,0,0,D,2425,True,csv
2025-04-07,Leicester City,Newcastle United,0,3,A,2425,True,csv
2025-04-12,Arsenal,Brentford,1,1,D,2425,True,csv
2025-04-12,Manchester City,Crystal Palace,5,2,H,2425,True,csv
2025-04-12,Brighton & Hove Albion,Leicester City,2,2,D,2425,True,csv
2025-04-12,Nottingham Forest,Everton,0,1,A,2425,True,csv
2025-04-12,Southampton,Aston Villa,0,3,A,2425,True,csv
2025-04-13,Wolverhampton Wanderers,Tottenham Hotspur,4,2,H,2425,True,csv
2025-04-13,Newcastle United,Manchester United,4,1,H,2425,True,csv
2025-04-13,Chelsea,Ipswich Town,2,2,D,2425,True,csv
2025-04-13,Liverpool,West Ham United,2,1,H,2425,True,csv
2025-04-14,Bournemouth,Fulham,1,0,H,2425,True,csv
2025-04-16,Newcastle United,Crystal Palace,5,0,H,2425,True,csv
2025-04-19,Brentford,Brighton & Hove Albion,4,2,H,2425,True,csv
2025-04-19,Crystal Palace,Bournemouth,0,0,D,2425,True,csv
2025-04-19,Everton,Manchester City,0,2,A,2425,True,csv
2025-04-19,West Ham United,Southampton,1,1,D,2425,True,csv
2025-04-19,Aston Villa,Newcastle United,4,1,H,2425,True,csv
2025-04-20,Fulham,Chelsea,1,2,A,2425,True,csv
2025-04-20,Ipswich Town,Arsenal,0,4,A,2425,True,csv
2025-04-20,Manchester United,Wolverhampton Wanderers,0,1,A,2425,True,csv
2025-04-20,Leicester City,Liverpool,0,1,A,2425,True,csv
2025-04-21,Tottenham Hotspur,Nottingham Forest,1,2,A,2425,True,csv
2025-04-22,Manchester City,Aston Villa,2,1,H,2425,True,csv
2025-04-23,Arsenal,Crystal Palace,2,2,D,2425,True,csv
2025-04-26,Southampton,Fulham,1,2,A,2425,True,csv
2025-04-26,Wolverhampton Wanderers,Leicester City,3,0,H,2425,True,csv
2025-04-26,Brighton & Hove Albion,West Ham United,3,2,H,2425,True,csv
2025-04-26,Chelsea,Everton,1,0,H,2425,True,csv
2025-04-26,Newcastle United,Ipswich Town,3,0,H,2425,True,csv
2025-04-27,Bournemouth,Manchester United,1,1,D,2425,True,csv
2025-04-27,Liverpool,Tottenham Hotspur,5,1,H,2425,True,csv
2025-05-01,Nottingham Forest,Brentford,0,2,A,2425,True,csv
2025-05-02,Manchester City,Wolverhampton Wanderers,1,0,H,2425,True,csv
2025-05-03,Arsenal,Bournemouth,1,2,A,2425,True,csv
2025-05-03,Leicester City,Southampton,2,0,H,2425,True,csv
2025-05-03,Aston Villa,Fulham,1,0,H,2425,True,csv
2025-05-03,Everton,Ipswich Town,2,2,D,2425,True,csv
2025-05-04,Brentford,Manchester United,4,3,H,2425,True,csv
2025-05-04,Brighton & Hove Albion,Newcastle United,1,1,D,2425,True,csv
2025-05-04,West Ham United,Tottenham Hotspur,1,1,D,2425,True,csv
2025-05-04,Chelsea,Liverpool,3,1,H,2425,True,csv
2025-05-05,Crystal Palace,Nottingham Forest,1,1,D,2425,True,csv
2025-05-10,Bournemouth,Aston Villa,0,1,A,2425,True,csv
2025-05-10,Southampton,Manchester City,0,0,D,2425,True,csv
2025-05-10,Wolverhampton Wanderers,Brighton & Hove Albion,0,2,A,2425,True,csv
2025-05-10,Ipswich Town,Brentford,0,1,A,2425,True,csv
2025-05-10,Fulham,Everton,1,3,A,2425,True,csv
2025-05-11,Newcastle United,Chelsea,2,0,H,2425,True,csv
2025-05-11,Manchester United,West Ham United,0,2,A,2425,True,csv
2025-05-11,Nottingham Forest,Leicester City,2,2,D,2425,True,csv
2025-05-11,Tottenham Hotspur,Crystal Palace,0,2,A,2425,True,csv
2025-05-11,Liverpool,Arsenal,2,2,D,2425,True,csv
2025-05-16,Aston Villa,Tottenham Hotspur,2,0,H,2425,True,csv
2025-05-16,Chelsea,Manchester United,1,0,H,2425,True,csv
2025-05-18,Arsenal,Newcastle United,1,0,H,2425,True,csv
2025-05-18,Leicester City,Ipswich Town,2,0,H,2425,True,csv
2025-05-18,West Ham United,Nottingham Forest,1,2,A,2425,True,csv
2025-05-18,Everton,Southampton,2,0,H,2425,True,csv
2025-05-18,Brentford,Fulham,2,3,A,2425,True,csv
2025-05-19,Brighton & Hove Albion,Liverpool,3,2,H,2425,True,csv
2025-05-20,Crystal Palace,Wolverhampton Wanderers,4,2,H,2425,True,csv
2025-05-20,Manchester City,Bournemouth,3,1,H,2425,True,csv
2025-05-25,Nottingham Forest,Chelsea,0,1,A,2425,True,csv
2025-05-25,Wolverhampton Wanderers,Brentford,1,1,D,2425,True,csv
2025-05-25,Tottenham Hotspur,Brighton & Hove Albion,1,4,A,2425,True,csv
2025-05-25,Southampton,Arsenal,1,2,A,2425,True,csv
2025-05-25,Newcastle United,Everton,0,1,A,2425,True,csv
2025-05-25,Bournemouth,Leicester City,2,0,H,2425,True,csv
2025-05-25,Liverpool,Crystal Palace,1,1,D,2425,True,csv
2025-05-25,Ipswich Town,West Ham United,1,3,A,2425,True,csv
2025-05-25,Fulham,Manchester City,0,2,A,2425,True,csv
2025-05-25,Manchester United,Aston Villa,2,0,H,2425,True,csv
2025-08-15,Liverpool,Bournemouth,4,2,H,2526,True,csv
2025-08-16,Aston Villa,Newcastle United,0,0,D,2526,True,csv
2025-08-16,Brighton & Hove Albion,Fulham,1,1,D,2526,True,csv
2025-08-16,Sunderland,West Ham United,3,0,H,2526,True,csv
2025-08-16,Tottenham Hotspur,Burnley,3,0,H,2526,True,csv
2025-08-16,Wolverhampton Wanderers,Manchester City,0,4,A,2526,True,csv
2025-08-17,Manchester United,Arsenal,0,1,A,2526,True,csv
2025-08-17,Nottingham Forest,Brentford,3,1,H,2526,True,csv
2025-08-17,Chelsea,Crystal Palace,0,0,D,2526,True,csv
2025-08-18,Leeds United,Everton,1,0,H,2526,True,csv
2025-08-22,West Ham United,Chelsea,1,5,A,2526,True,csv
2025-08-23,Manchester City,Tottenham Hotspur,0,2,A,2526,True,csv
2025-08-23,Bournemouth,Wolverhampton Wanderers,1,0,H,2526,True,csv
2025-08-23,Brentford,Aston Villa,1,0,H,2526,True,csv
2025-08-23,Burnley,Sunderland,2,0,H,2526,True,csv
2025-08-23,Arsenal,Leeds United,5,0,H,2526,True,csv
2025-08-24,Crystal Palace,Nottingham Forest,1,1,D,2526,True,csv
2025-08-24,Everton,Brighton & Hove Albion,2,0,H,2526,True,csv
2025-08-24,Fulham,Manchester United,1,1,D,2526,True,csv
2025-08-25,Newcastle United,Liverpool,2,3,A,2526,True,csv
2025-08-30,Leeds United,Newcastle United,0,0,D,2526,True,csv
2025-08-30,Tottenham Hotspur,Bournemouth,0,1,A,2526,True,csv
2025-08-30,Wolverhampton Wanderers,Everton,2,3,A,2526,True,csv
2025-08-30,Manchester United,Burnley,3,2,H,2526,True,csv
2025-08-30,Chelsea,Fulham,2,0,H,2526,True,csv
2025-08-30,Sunderland,Brentford,2,1,H,2526,True,csv
2025-08-31,Brighton & Hove Albion,Manchester City,2,1,H,2526,True,csv
2025-08-31,Nottingham Forest,West Ham United,0,3,A,2526,True,csv
2025-08-31,Liverpool,Arsenal,1,0,H,2526,True,csv
2025-08-31,Aston Villa,Crystal Palace,0,3,A,2526,True,csv
2025-09-13,Brentford,Chelsea,2,2,D,2526,True,csv
2025-09-13,West Ham United,Tottenham Hotspur,0,3,A,2526,True,csv
2025-09-13,Newcastle United,Wolverhampton Wanderers,1,0,H,2526,True,csv
2025-09-13,Fulham,Leeds United,1,0,H,2526,True,csv
2025-09-13,Bournemouth,Brighton & Hove Albion,2,1,H,2526,True,csv
2025-09-13,Crystal Palace,Sunderland,0,0,D,2526,True,csv
2025-09-13,Arsenal,Nottingham Forest,3,0,H,2526,True,csv
2025-09-13,Everton,Aston Villa,0,0,D,2526,True,csv
2025-09-14,Burnley,Liverpool,0,1,A,2526,True,csv
2025-09-14,Manchester City,Manchester United,3,0,H,2526,True,csv
2025-09-20,Wolverhampton Wanderers,Leeds United,1,3,A,2526,True,csv
2025-09-20,Fulham,Brentford,3,1,H,2526,True,csv
2025-09-20,West Ham United,Crystal Palace,1,2,A,2526,True,csv
2025-09-20,Manchester United,Chelsea,2,1,H,2526,True,csv
2025-09-20,Brighton & Hove Albion,Tottenham Hotspur,2,2,D,2526,True,csv
2025-09-20,Liverpool,Everton,2,1,H,2526,True,csv
2025-09-20,Burnley,Nottingham Forest,1,1,D,2526,True,csv
2025-09-21,Bournemouth,Newcastle United,0,0,D,2526,True,csv
2025-09-21,Sunderland,Aston Villa,1,1,D,2526,True,csv
2025-09-21,Arsenal,Manchester City,1,1,D,2526,True,csv
2025-09-27,Brentford,Manchester United,3,1,H,2526,True,csv
2025-09-27,Chelsea,Brighton & Hove Albion,1,3,A,2526,True,csv
2025-09-27,Crystal Palace,Liverpool,2,1,H,2526,True,csv
2025-09-27,Leeds United,Bournemouth,2,2,D,2526,True,csv
2025-09-27,Manchester City,Burnley,5,1,H,2526,True,csv
2025-09-27,Nottingham Forest,Sunderland,0,1,A,2526,True,csv
2025-09-27,Tottenham Hotspur,Wolverhampton Wanderers,1,1,D,2526,True,csv
2025-09-28,Aston Villa,Fulham,3,1,H,2526,True,csv
2025-09-28,Newcastle United,Arsenal,1,2,A,2526,True,csv
2025-09-29,Everton,West Ham United,1,1,D,2526,True,csv
2025-10-03,Bournemouth,Fulham,3,1,H,2526,True,csv
2025-10-04,Leeds United,Tottenham Hotspur,1,2,A,2526,True,csv
2025-10-04,Arsenal,West Ham United,2,0,H,2526,True,csv
2025-10-04,Manchester United,Sunderland,2,0,H,2526,True,csv
2025-10-04,Chelsea,Liverpool,2,1,H,2526,True,csv
2025-10-05,Aston Villa,Burnley,2,1,H,2526,True,csv
2025-10-05,Everton,Crystal Palace,2,1,H,2526,True,csv
2025-10-05,Newcastle United,Nottingham Forest,2,0,H,2526,True,csv
2025-10-05,Wolverhampton Wanderers,Brighton & Hove Albion,1,1,D,2526,True,csv
2025-10-05,Brentford,Manchester City,0,1,A,2526,True,csv
2025-10-18,Nottingham Forest,Chelsea,0,3,A,2526,True,csv
2025-10-18,Brighton & Hove Albion,Newcastle United,2,1,H,2526,True,csv
2025-10-18,Burnley,Leeds United,2,0,H,2526,True,csv
2025-10-18,Crystal Palace,Bournemouth,3,3,D,2526,True,csv
2025-10-18,Manchester City,Everton,2,0,H,2526,True,csv
2025-10-18,Sunderland,Wolverhampton Wanderers,2,0,H,2526,True,csv
2025-10-18,Fulham,Arsenal,0,1,A,2526,True,csv
2025-10-19,Liverpool,Manchester United,1,2,A,2526,True,csv
2025-10-19,Tottenham Hotspur,Aston Villa,1,2,A,2526,True,csv
2025-10-20,West Ham United,Brentford,0,2,A,2526,True,csv
2025-10-24,Leeds United,West Ham United,2,1,H,2526,True,csv
2025-10-25,Chelsea,Sunderland,1,2,A,2526,True,csv
2025-10-25,Newcastle United,Fulham,2,1,H,2526,True,csv
2025-10-25,Manchester United,Brighton & Hove Albion,4,2,H,2526,True,csv
2025-10-25,Brentford,Liverpool,3,2,H,2526,True,csv
2025-10-26,Arsenal,Crystal Palace,1,0,H,2526,True,csv
2025-10-26,Aston Villa,Manchester City,1,0,H,2526,True,csv
2025-10-26,Bournemouth,Nottingham Forest,2,0,H,2526,True,csv
2025-10-26,Wolverhampton Wanderers,Burnley,2,3,A,2526,True,csv
2025-10-26,Everton,Tottenham Hotspur,0,3,A,2526,True,csv
2025-11-01,Tottenham Hotspur,Chelsea,0,1,A,2526,True,csv
2025-11-01,Liverpool,Aston Villa,2,0,H,2526,True,csv
2025-11-01,Nottingham Forest,Manchester United,2,2,D,2526,True,csv
2025-11-01,Fulham,Wolverhampton Wanderers,3,0,H,2526,True,csv
2025-11-01,Crystal Palace,Brentford,2,0,H,2526,True,csv
2025-11-01,Burnley,Arsenal,0,2,A,2526,True,csv
2025-11-01,Brighton & Hove Albion,Leeds United,3,0,H,2526,True,csv
2025-11-02,West Ham United,Newcastle United,3,1,H,2526,True,csv
2025-11-02,Manchester City,Bournemouth,3,1,H,2526,True,csv
2025-11-03,Sunderland,Everton,1,1,D,2526,True,csv
2025-11-08,Tottenham Hotspur,Manchester United,2,2,D,2526,True,csv
2025-11-08,Everton,Fulham,2,0,H,2526,True,csv
2025-11-08,West Ham United,Burnley,3,2,H,2526,True,csv
2025-11-08,Sunderland,Arsenal,2,2,D,2526,True,csv
2025-11-08,Chelsea,Wolverhampton Wanderers,3,0,H,2526,True,csv
2025-11-09,Aston Villa,Bournemouth,4,0,H,2526,True,csv
2025-11-09,Brentford,Newcastle United,3,1,H,2526,True,csv
2025-11-09,Crystal Palace,Brighton & Hove Albion,0,0,D,2526,True,csv
2025-11-09,Nottingham Forest,Leeds United,3,1,H,2526,True,csv
2025-11-09,Manchester City,Liverpool,3,0,H,2526,True,csv
2025-11-22,Liverpool,Nottingham Forest,0,3,A,2526,True,csv
2025-11-22,Newcastle United,Manchester City,2,1,H,2526,True,csv
2025-11-22,Fulham,Sunderland,1,0,H,2526,True,csv
2025-11-22,Wolverhampton Wanderers,Crystal Palace,0,2,A,2526,True,csv
2025-11-22,Bournemouth,West Ham United,2,2,D,2526,True,csv
2025-11-22,Burnley,Chelsea,0,2,A,2526,True,csv
2025-11-22,Brighton & Hove Albion,Brentford,2,1,H,2526,True,csv
2025-11-23,Leeds United,Aston Villa,1,2,A,2526,True,csv
2025-11-23,Arsenal,Tottenham Hotspur,4,1,H,2526,True,csv
2025-11-24,Manchester United,Everton,0,1,A,2526,True,csv
2025-11-29,Tottenham Hotspur,Fulham,1,2,A,2526,True,csv
2025-11-29,Everton,Newcastle United,1,4,A,2526,True,csv
2025-11-29,Sunderland,Bournemouth,3,2,H,2526,True,csv
2025-11-29,Manchester City,Leeds United,3,2,H,2526,True,csv
2025-11-29,Brentford,Burnley,3,1,H,2526,True,csv
2025-11-30,Crystal Palace,Manchester United,1,2,A,2526,True,csv
2025-11-30,Aston Villa,Wolverhampton Wanderers,1,0,H,2526,True,csv
2025-11-30,Nottingham Forest,Brighton & Hove Albion,0,2,A,2526,True,csv
2025-11-30,West Ham United,Liverpool,0,2,A,2526,True,csv
2025-11-30,Chelsea,Arsenal,1,1,D,2526,True,csv
2025-12-02,Fulham,Manchester City,4,5,A,2526,True,csv
2025-12-02,Newcastle United,Tottenham Hotspur,2,2,D,2526,True,csv
2025-12-02,Bournemouth,Everton,0,1,A,2526,True,csv
2025-12-03,Arsenal,Brentford,2,0,H,2526,True,csv
2025-12-03,Brighton & Hove Albion,Aston Villa,3,4,A,2526,True,csv
2025-12-03,Burnley,Crystal Palace,0,1,A,2526,True,csv
2025-12-03,Wolverhampton Wanderers,Nottingham Forest,0,1,A,2526,True,csv
2025-12-03,Leeds United,Chelsea,3,1,H,2526,True,csv
2025-12-03,Liverpool,Sunderland,1,1,D,2526,True,csv
2025-12-04,Manchester United,West Ham United,1,1,D,2526,True,csv
2025-12-06,Bournemouth,Chelsea,0,0,D,2526,True,csv
2025-12-06,Leeds United,Liverpool,3,3,D,2526,True,csv
2025-12-06,Tottenham Hotspur,Brentford,2,0,H,2526,True,csv
2025-12-06,Newcastle United,Burnley,2,1,H,2526,True,csv
2025-12-06,Aston Villa,Arsenal,2,1,H,2526,True,csv
2025-12-06,Everton,Nottingham Forest,3,0,H,2526,True,csv
2025-12-06,Manchester City,Sunderland,3,0,H,2526,True,csv
2025-12-07,Fulham,Crystal Palace,1,2,A,2526,True,csv
2025-12-07,Brighton & Hove Albion,West Ham United,1,1,D,2526,True,csv
2025-12-08,Wolverhampton Wanderers,Manchester United,1,4,A,2526,True,csv
2025-12-13,Arsenal,Wolverhampton Wanderers,2,1,H,2526,True,csv
2025-12-13,Burnley,Fulham,2,3,A,2526,True,csv
2025-12-13,Chelsea,Everton,2,0,H,2526,True,csv
2025-12-13,Liverpool,Brighton & Hove Albion,2,0,H,2526,True,csv
2025-12-14,Crystal Palace,Manchester City,0,3,A,2526,True,csv
2025-12-14,Nottingham Forest,Tottenham Hotspur,3,0,H,2526,True,csv
2025-12-14,Sunderland,Newcastle United,1,0,H,2526,True,csv
2025-12-14,West Ham United,Aston Villa,2,3,A,2526,True,csv
2025-12-14,Brentford,Leeds United,1,1,D,2526,True,csv
2025-12-15,Manchester United,Bournemouth,4,4,D,2526,True,csv
2025-12-20,Leeds United,Crystal Palace,4,1,H,2526,True,csv
2025-12-20,Everton,Arsenal,0,1,A,2526,True,csv
2025-12-20,Tottenham Hotspur,Liverpool,1,2,A,2526,True,csv
2025-12-20,Wolverhampton Wanderers,Brentford,0,2,A,2526,True,csv
2025-12-20,Bournemouth,Burnley,1,1,D,2526,True,csv
2025-12-20,Brighton & Hove Albion,Sunderland,0,0,D,2526,True,csv
2025-12-20,Newcastle United,Chelsea,2,2,D,2526,True,csv
2025-12-20,Manchester City,West Ham United,3,0,H,2526,True,csv
2025-12-21,Aston Villa,Manchester United,2,1,H,2526,True,csv
2025-12-22,Fulham,Nottingham Forest,1,0,H,2526,True,csv
2025-12-26,Manchester United,Newcastle United,1,0,H,2526,True,csv
2025-12-27,Nottingham Forest,Manchester City,1,2,A,2526,True,csv
2025-12-27,Arsenal,Brighton & Hove Albion,2,1,H,2526,True,csv
2025-12-27,Brentford,Bournemouth,4,1,H,2526,True,csv
2025-12-27,Burnley,Everton,0,0,D,2526,True,csv
2025-12-27,Liverpool,Wolverhampton Wanderers,2,1,H,2526,True,csv
2025-12-27,West Ham United,Fulham,0,1,A,2526,True,csv
2025-12-27,Chelsea,Aston Villa,1,2,A,2526,True,csv
2025-12-28,Sunderland,Leeds United,1,1,D,2526,True,csv
2025-12-28,Crystal Palace,Tottenham Hotspur,0,1,A,2526,True,csv
2025-12-30,Burnley,Newcastle United,1,3,A,2526,True,csv
2025-12-30,Chelsea,Bournemouth,2,2,D,2526,True,csv
2025-12-30,Nottingham Forest,Everton,0,2,A,2526,True,csv
2025-12-30,West Ham United,Brighton & Hove Albion,2,2,D,2526,True,csv
2025-12-30,Arsenal,Aston Villa,4,1,H,2526,True,csv
2025-12-30,Manchester United,Wolverhampton Wanderers,1,1,D,2526,True,csv
2026-01-01,Sunderland,Manchester City,0,0,D,2526,True,csv
2026-01-01,Brentford,Tottenham Hotspur,0,0,D,2526,True,csv
2026-01-01,Liverpool,Leeds United,0,0,D,2526,True,csv
2026-01-01,Crystal Palace,Fulham,1,1,D,2526,True,csv
2026-01-03,Aston Villa,Nottingham Forest,3,1,H,2526,True,csv
2026-01-03,Brighton & Hove Albion,Burnley,2,0,H,2526,True,csv
2026-01-03,Wolverhampton Wanderers,West Ham United,3,0,H,2526,True,csv
2026-01-03,Bournemouth,Arsenal,2,3,A,2526,True,csv
2026-01-04,Leeds United,Manchester United,1,1,D,2526,True,csv
2026-01-04,Everton,Brentford,2,4,A,2526,True,csv
2026-01-04,Newcastle United,Crystal Palace,2,0,H,2526,True,csv
2026-01-04,Tottenham Hotspur,Sunderland,1,1,D,2526,True,csv
2026-01-04,Fulham,Liverpool,2,2,D,2526,True,csv
2026-01-04,Manchester City,Chelsea,1,1,D,2526,True,csv
2026-01-06,West Ham United,Nottingham Forest,1,2,A,2526,True,csv
2026-01-07,Newcastle United,Leeds United,4,3,H,2526,True,csv
2026-01-07,Burnley,Manchester United,2,2,D,2526,True,csv
2026-01-07,Manchester City,Brighton & Hove Albion,1,1,D,2526,True,csv
2026-01-07,Fulham,Chelsea,2,1,H,2526,True,csv
2026-01-07,Crystal Palace,Aston Villa,0,0,D,2526,True,csv
2026-01-07,Brentford,Sunderland,3,0,H,2526,True,csv
2026-01-07,Bournemouth,Tottenham Hotspur,3,2,H,2526,True,csv
2026-01-07,Everton,Wolverhampton Wanderers,1,1,D,2526,True,csv
2026-01-08,Arsenal,Liverpool,0,0,D,2526,True,csv
2026-01-17,Liverpool,Burnley,1,1,D,2526,True,csv
2026-01-17,Manchester United,Manchester City,2,0,H,2526,True,csv
2026-01-17,Chelsea,Brentford,2,0,H,2526,True,csv
2026-01-17,Leeds United,Fulham,1,0,H,2526,True,csv
2026-01-17,Sunderland,Crystal Palace,2,1,H,2526,True,csv
2026-01-17,Tottenham Hotspur,West Ham United,1,2,A,2526,True,csv
2026-01-17,Nottingham Forest,Arsenal,0,0,D,2526,True,csv
2026-01-18,Wolverhampton Wanderers,Newcastle United,0,0,D,2526,True,csv
2026-01-18,Aston Villa,Everton,0,1,A,2526,True,csv
2026-01-19,Brighton & Hove Albion,Bournemouth,1,1,D,2526,True,csv
2026-01-24,Bournemouth,Liverpool,3,2,H,2526,True,csv
2026-01-24,Fulham,Brighton & Hove Albion,2,1,H,2526,True,csv
2026-01-24,Manchester City,Wolverhampton Wanderers,2,0,H,2526,True,csv
2026-01-24,West Ham United,Sunderland,3,1,H,2526,True,csv
2026-01-24,Burnley,Tottenham Hotspur,2,2,D,2526,True,csv
2026-01-25,Brentford,Nottingham Forest,0,2,A,2526,True,csv
2026-01-25,Crystal Palace,Chelsea,1,3,A,2526,True,csv
2026-01-25,Newcastle United,Aston Villa,0,2,A,2526,True,csv
2026-01-25,Arsenal,Manchester United,2,3,A,2526,True,csv
2026-01-26,Everton,Leeds United,1,1,D,2526,True,csv
2026-01-31,Leeds United,Arsenal,0,4,A,2526,True,csv
2026-01-31,Brighton & Hove Albion,Everton,1,1,D,2526,True,csv
2026-01-31,Wolverhampton Wanderers,Bournemouth,0,2,A,2526,True,csv
2026-01-31,Chelsea,West Ham United,3,2,H,2526,True,csv
2026-01-31,Liverpool,Newcastle United,4,1,H,2526,True,csv
2026-02-01,Nottingham Forest,Crystal Palace,1,1,D,2526,True,csv
2026-02-01,Tottenham Hotspur,Manchester City,2,2,D,2526,True,csv
2026-02-01,Aston Villa,Brentford,0,1,A,2526,True,csv
2026-02-01,Manchester United,Fulham,3,2,H,2526,True,csv
2026-02-02,Sunderland,Burnley,3,0,H,2526,True,csv
2026-02-06,Leeds United,Nottingham Forest,3,1,H,2526,True,csv
2026-02-07,Manchester United,Tottenham Hotspur,2,0,H,2526,True,csv
2026-02-07,Arsenal,Sunderland,3,0,H,2526,True,csv
2026-02-07,Bournemouth,Aston Villa,1,1,D,2526,True,csv
2026-02-07,Burnley,West Ham United,0,2,A,2526,True,csv
2026-02-07,Fulham,Everton,1,2,A,2526,True,csv
2026-02-07,Wolverhampton Wanderers,Chelsea,1,3,A,2526,True,csv
2026-02-07,Newcastle United,Brentford,2,3,A,2526,True,csv
2026-02-08,Brighton & Hove Albion,Crystal Palace,0,1,A,2526,True,csv
2026-02-08,Liverpool,Manchester City,1,2,A,2526,True,csv
2026-02-10,Chelsea,Leeds United,2,2,D,2526,True,csv
2026-02-10,Everton,Bournemouth,1,2,A,2526,True,csv
2026-02-10,Tottenham Hotspur,Newcastle United,1,2,A,2526,True,csv
2026-02-10,West Ham United,Manchester United,1,1,D,2526,True,csv
2026-02-11,Manchester City,Fulham,3,0,H,2526,True,csv
2026-02-11,Nottingham Forest,Wolverhampton Wanderers,0,0,D,2526,True,csv
2026-02-11,Aston Villa,Brighton & Hove Albion,1,0,H,2526,True,csv
2026-02-11,Crystal Palace,Burnley,2,3,A,2526,True,csv
2026-02-11,Sunderland,Liverpool,0,1,A,2526,True,csv
2026-02-12,Brentford,Arsenal,1,1,D,2526,True,csv
2026-02-18,Wolverhampton Wanderers,Arsenal,2,2,D,2526,True,csv
2026-02-21,Aston Villa,Leeds United,1,1,D,2526,True,csv
2026-02-21,Brentford,Brighton & Hove Albion,0,2,A,2526,True,csv
2026-02-21,Chelsea,Burnley,1,1,D,2526,True,csv
2026-02-21,West Ham United,Bournemouth,0,0,D,2526,True,csv
2026-02-21,Manchester City,Newcastle United,2,1,H,2526,True,csv
2026-02-22,Crystal Palace,Wolverhampton Wanderers,1,0,H,2526,True,csv
2026-02-22,Nottingham Forest,Liverpool,0,1,A,2526,True,csv
2026-02-22,Sunderland,Fulham,1,3,A,2526,True,csv
2026-02-22,Tottenham Hotspur,Arsenal,1,4,A,2526,True,csv
2026-02-23,Everton,Manchester United,0,1,A,2526,True,csv
2026-02-27,Wolverhampton Wanderers,Aston Villa,2,0,H,2526,True,csv
2026-02-28,Newcastle United,Everton,2,3,A,2526,True,csv
2026-02-28,Liverpool,West Ham United,5,2,H,2526,True,csv
2026-02-28,Leeds United,Manchester City,0,1,A,2526,True,csv
2026-02-28,Bournemouth,Sunderland,1,1,D,2526,True,csv
2026-02-28,Burnley,Brentford,3,4,A,2526,True,csv
2026-03-01,Brighton & Hove Albion,Nottingham Forest,2,1,H,2526,True,csv
2026-03-01,Fulham,Tottenham Hotspur,2,1,H,2526,True,csv
2026-03-01,Manchester United,Crystal Palace,2,1,H,2526,True,csv
2026-03-01,Arsenal,Chelsea,2,1,H,2526,True,csv
2026-03-03,Wolverhampton Wanderers,Liverpool,2,1,H,2526,True,csv
2026-03-03,Leeds United,Sunderland,0,1,A,2526,True,csv
2026-03-03,Bournemouth,Brentford,0,0,D,2526,True,csv
2026-03-03,Everton,Burnley,2,0,H,2526,True,csv
2026-03-04,Aston Villa,Chelsea,1,4,A,2526,True,csv
2026-03-04,Brighton & Hove Albion,Arsenal,0,1,A,2526,True,csv
2026-03-04,Fulham,West Ham United,0,1,A,2526,True,csv
2026-03-04,Manchester City,Nottingham Forest,2,2,D,2526,True,csv
2026-03-04,Newcastle United,Manchester United,2,1,H,2526,True,csv
2026-03-05,Tottenham Hotspur,Crystal Palace,1,3,A,2526,True,csv
2026-03-14,Chelsea,Newcastle United,0,1,A,2526,True,csv
2026-03-14,Arsenal,Everton,2,0,H,2526,True,csv
2026-03-14,West Ham United,Manchester City,1,1,D,2526,True,csv
2026-03-14,Burnley,Bournemouth,0,0,D,2526,True,csv
2026-03-14,Sunderland,Brighton & Hove Albion,0,1,A,2526,True,csv
2026-03-15,Crystal Palace,Leeds United,0,0,D,2526,True,csv
2026-03-15,Manchester United,Aston Villa,3,1,H,2526,True,csv
2026-03-15,Nottingham Forest,Fulham,0,0,D,2526,True,csv
2026-03-15,Liverpool,Tottenham Hotspur,1,1,D,2526,True,csv
2026-03-16,Brentford,Wolverhampton Wanderers,2,2,D,2526,True,csv
2026-03-20,Bournemouth,Manchester United,2,2,D,2526,True,csv
2026-03-21,Fulham,Burnley,3,1,H,2526,True,csv
2026-03-21,Everton,Chelsea,3,0,H,2526,True,csv
2026-03-21,Leeds United,Brentford,0,0,D,2526,True,csv
2026-03-21,Brighton & Hove Albion,Liverpool,2,1,H,2526,True,csv
2026-03-22,Newcastle United,Sunderland,1,2,A,2526,True,csv
2026-03-22,Aston Villa,West Ham United,2,0,H,2526,True,csv
2026-03-22,Tottenham Hotspur,Nottingham Forest,0,3,A,2526,True,csv
2026-04-10,West Ham United,Wolverhampton Wanderers,4,0,H,2526,True,csv
2026-04-11,Liverpool,Fulham,2,0,H,2526,True,csv
2026-04-11,Burnley,Brighton & Hove Albion,0,2,A,2526,True,csv
2026-04-11,Arsenal,Bournemouth,1,2,A,2526,True,csv
2026-04-11,Brentford,Everton,2,2,D,2526,True,csv
2026-04-12,Crystal Palace,Newcastle United,2,1,H,2526,True,csv
2026-04-12,Nottingham Forest,Aston Villa,1,1,D,2526,True,csv
2026-04-12,Sunderland,Tottenham Hotspur,1,0,H,2526,True,csv
2026-04-12,Chelsea,Manchester City,0,3,A,2526,True,csv
2026-04-13,Manchester United,Leeds United,1,2,A,2526,True,csv
2026-04-18,Chelsea,Manchester United,0,1,A,2526,True,csv
2026-04-18,Tottenham Hotspur,Brighton & Hove Albion,2,2,D,2526,True,csv
2026-04-18,Newcastle United,Bournemouth,1,2,A,2526,True,csv
2026-04-18,Brentford,Fulham,0,0,D,2526,True,csv
2026-04-18,Leeds United,Wolverhampton Wanderers,3,0,H,2526,True,csv
2026-04-19,Aston Villa,Sunderland,4,3,H,2526,True,csv
2026-04-19,Everton,Liverpool,1,2,A,2526,True,csv
2026-04-19,Nottingham Forest,Burnley,4,1,H,2526,True,csv
2026-04-19,Manchester City,Arsenal,2,1,H,2526,True,csv
2026-04-20,Crystal Palace,West Ham United,0,0,D,2526,True,csv
2026-04-21,Brighton & Hove Albion,Chelsea,3,0,H,2526,True,csv
2026-04-22,Burnley,Manchester City,0,1,A,2526,True,csv
2026-04-22,Bournemouth,Leeds United,2,2,D,2526,True,csv
2026-04-24,Sunderland,Nottingham Forest,0,5,A,2526,True,csv
2026-04-25,Fulham,Aston Villa,1,0,H,2526,True,csv
2026-04-25,Liverpool,Crystal Palace,3,1,H,2526,True,csv
2026-04-25,West Ham United,Everton,2,1,H,2526,True,csv
2026-04-25,Wolverhampton Wanderers,Tottenham Hotspur,0,1,A,2526,True,csv
2026-04-25,Arsenal,Newcastle United,1,0,H,2526,True,csv
2026-04-27,Manchester United,Brentford,2,1,H,2526,True,csv
2026-05-01,Leeds United,Burnley,3,1,H,2526,True,csv
2026-05-02,Arsenal,Fulham,3,0,H,2526,True,csv
2026-05-02,Wolverhampton Wanderers,Sunderland,1,1,D,2526,True,csv
2026-05-02,Newcastle United,Brighton & Hove Albion,3,1,H,2526,True,csv
2026-05-02,Brentford,West Ham United,3,0,H,2526,True,csv
2026-05-03,Bournemouth,Crystal Palace,3,0,H,2526,True,csv
2026-05-03,Manchester United,Liverpool,3,2,H,2526,True,csv
2026-05-03,Aston Villa,Tottenham Hotspur,1,2,A,2526,True,csv
2026-05-04,Chelsea,Nottingham Forest,1,3,A,2526,True,csv
2026-05-04,Everton,Manchester City,3,3,D,2526,True,csv
2026-05-09,Manchester City,Brentford,3,0,H,2526,True,csv
2026-05-09,Sunderland,Manchester United,0,0,D,2526,True,csv
2026-05-09,Liverpool,Chelsea,1,1,D,2526,True,csv
2026-05-09,Brighton & Hove Albion,Wolverhampton Wanderers,3,0,H,2526,True,csv
2026-05-09,Fulham,Bournemouth,0,1,A,2526,True,csv
2026-05-10,Burnley,Aston Villa,2,2,D,2526,True,csv
2026-05-10,Crystal Palace,Everton,2,2,D,2526,True,csv
2026-05-10,Nottingham Forest,Newcastle United,1,1,D,2526,True,csv
2026-05-10,West Ham United,Arsenal,0,1,A,2526,True,csv
2026-05-11,Tottenham Hotspur,Leeds United,1,1,D,2526,True,csv
2026-05-13,Manchester City,Crystal Palace,3,0,H,2526,True,csv
2026-05-15,Aston Villa,Liverpool,4,2,H,2526,True,csv
2026-05-17,Wolverhampton Wanderers,Fulham,1,1,D,2526,True,csv
2026-05-17,Manchester United,Nottingham Forest,3,2,H,2526,True,csv
2026-05-17,Brentford,Crystal Palace,2,2,D,2526,True,csv
2026-05-17,Everton,Sunderland,1,3,A,2526,True,csv
2026-05-17,Leeds United,Brighton & Hove Albion,1,0,H,2526,True,csv
2026-05-17,Newcastle United,West Ham United,3,1,H,2526,True,csv
2026-05-18,Arsenal,Burnley,1,0,H,2526,True,csv
2026-05-19,Bournemouth,Manchester City,1,1,D,2526,True,csv
2026-05-19,Chelsea,Tottenham Hotspur,2,1,H,2526,True,csv
2026-05-24,Brighton & Hove Albion,Manchester United,0,3,A,2526,True,csv
2026-05-24,Burnley,Wolverhampton Wanderers,1,1,D,2526,True,csv
2026-05-24,Crystal Palace,Arsenal,1,2,A,2526,True,csv
2026-05-24,Fulham,Newcastle United,2,0,H,2526,True,csv
2026-05-24,Liverpool,Brentford,1,1,D,2526,True,csv
2026-05-24,Manchester City,Aston Villa,1,2,A,2526,True,csv
2026-05-24,Nottingham Forest,Bournemouth,1,1,D,2526,True,csv
2026-05-24,Sunderland,Chelsea,2,1,H,2526,True,csv
2026-05-24,Tottenham Hotspur,Everton,1,0,H,2526,True,csv
2026-05-24,West Ham United,Leeds United,3,0,H,2526,True,csv
2026-08-21,Arsenal,Coventry City,3,0,H,2627,True,api
2026-08-22,Everton,Crystal Palace,2,0,H,2627,True,api
2026-08-22,Nottingham Forest,Leeds United,0,1,A,2627,True,api
2026-08-22,Brentford,Tottenham Hotspur,3,0,H,2627,True,api
2026-08-22,Hull City,Manchester United,2,0,H,2627,True,api
2026-08-22,Ipswich Town,Sunderland,2,1,H,2627,True,api
2026-08-23,Manchester City,Bournemouth,2,1,H,2627,True,api
2026-08-23,Brighton & Hove Albion,Aston Villa,4,0,H,2627,True,api
2026-08-23,Newcastle United,Liverpool,2,2,D,2627,True,api
2026-08-24,Fulham,Chelsea,2,3,A,2627,True,api
2026-08-28,Crystal Palace,Manchester City,1,4,A,2627,True,api
2026-08-29,Tottenham Hotspur,Newcastle United,0,2,A,2627,True,api
2026-08-29,Coventry City,Hull City,0,1,A,2627,True,api
2026-08-29,Liverpool,Nottingham Forest,2,2,D,2627,True,api
2026-08-29,Bournemouth,Everton,1,1,D,2627,True,api
2026-08-30,Sunderland,Fulham,1,0,H,2627,True,api
2026-08-30,Chelsea,Brighton & Hove Albion,4,3,H,2627,True,api
2026-08-30,Leeds United,Brentford,1,1,D,2627,True,api
2026-08-30,Manchester United,Ipswich Town,5,2,H,2627,True,api
2026-08-31,Aston Villa,Arsenal,0,1,A,2627,True,api
2026-09-04,Ipswich Town,Liverpool,0,2,A,2627,True,api
2026-09-05,Fulham,Crystal Palace,2,3,A,2627,True,api
2026-09-05,Hull City,Aston Villa,0,0,D,2627,True,api
2026-09-05,Brentford,Sunderland,1,1,D,2627,True,api
2026-09-05,Newcastle United,Bournemouth,2,2,D,2627,True,api
2026-09-05,Manchester City,Coventry City,1,0,H,2627,True,api
2026-09-05,Brighton & Hove Albion,Leeds United,1,1,D,2627,True,api
2026-09-05,Nottingham Forest,Tottenham Hotspur,0,0,D,2627,True,api
2026-09-06,Everton,Manchester United,2,2,D,2627,True,api
2026-09-06,Arsenal,Chelsea,2,1,H,2627,True,api
2026-09-12,Crystal Palace,Ipswich Town,2,3,A,2627,True,api
2026-09-12,Liverpool,Fulham,0,0,D,2627,True,api
2026-09-12,Aston Villa,Nottingham Forest,1,2,A,2627,True,api
2026-09-12,Bournemouth,Brentford,2,2,D,2627,True,api
2026-09-12,Chelsea,Hull City,2,2,D,2627,True,api
2026-09-12,Tottenham Hotspur,Everton,0,0,D,2627,True,api
2026-09-12,Sunderland,Arsenal,0,2,A,2627,True,api
2026-09-13,Coventry City,Brighton & Hove Albion,0,5,A,2627,True,api
2026-09-13,Manchester United,Manchester City,0,1,A,2627,True,api
2026-09-14,Leeds United,Newcastle United,4,1,H,2627,True,api
2026-09-18,Brentford,Chelsea,3,0,H,2627,True,api
2026-09-19,Nottingham Forest,Coventry City,0,1,A,2627,True,api
2026-09-19,Newcastle United,Hull City,2,1,H,2627,True,api
2026-09-19,Tottenham Hotspur,Aston Villa,2,3,A,2627,True,api
2026-09-19,Everton,Ipswich Town,1,0,H,2627,True,api
2026-09-19,Brighton & Hove Albion,Arsenal,3,0,H,2627,True,api
2026-09-20,Bournemouth,Liverpool,0,1,A,2627,True,api
2026-09-20,Leeds United,Crystal Palace,0,0,D,2627,True,api
2026-09-20,Manchester City,Sunderland,5,3,H,2627,True,api
2026-09-20,Fulham,Manchester United,1,1,D,2627,True,api
2026-10-10,Manchester United,Tottenham Hotspur,,,,2627,False,api
2026-10-10,Arsenal,Leeds United,,,,2627,False,api
2026-10-10,Sunderland,Brighton & Hove Albion,,,,2627,False,api
2026-10-10,Chelsea,Bournemouth,,,,2627,False,api
2026-10-10,Ipswich Town,Fulham,,,,2627,False,api
2026-10-10,Aston Villa,Brentford,,,,2627,False,api
2026-10-11,Liverpool,Manchester City,,,,2627,False,api
2026-10-11,Crystal Palace,Nottingham Forest,,,,2627,False,api
2026-10-11,Hull City,Everton,,,,2627,False,api
2026-10-12,Coventry City,Newcastle United,,,,2627,False,api
2026-10-17,Everton,Chelsea,,,,2627,False,api
2026-10-17,Fulham,Hull City,,,,2627,False,api
2026-10-17,Manchester City,Ipswich Town,,,,2627,False,api
2026-10-17,Brentford,Liverpool,,,,2627,False,api
2026-10-17,Newcastle United,Aston Villa,,,,2627,False,api
2026-10-18,Bournemouth,Sunderland,,,,2627,False,api
2026-10-18,Leeds United,Manchester United,,,,2627,False,api
2026-10-18,Brighton & Hove Albion,Crystal Palace,,,,2627,False,api
2026-10-18,Nottingham Forest,Arsenal,,,,2627,False,api
2026-10-19,Tottenham Hotspur,Coventry City,,,,2627,False,api
2026-10-23,Ipswich Town,Nottingham Forest,,,,2627,False,api
2026-10-24,Chelsea,Tottenham Hotspur,,,,2627,False,api
2026-10-24,Coventry City,Fulham,,,,2627,False,api
2026-10-24,Aston Villa,Manchester City,,,,2627,False,api
2026-10-24,Arsenal,Everton,,,,2627,False,api
2026-10-25,Liverpool,Brighton & Hove Albion,,,,2627,False,api
2026-10-25,Crystal Palace,Newcastle United,,,,2627,False,api
2026-10-25,Manchester United,Bournemouth,,,,2627,False,api
2026-10-25,Hull City,Brentford,,,,2627,False,api
2026-10-25,Sunderland,Leeds United,,,,2627,False,api
2026-10-31,Aston Villa,Fulham,,,,2627,False,api
2026-10-31,Chelsea,Manchester United,,,,2627,False,api
2026-10-31,Manchester City,Brighton & Hove Albion,,,,2627,False,api
2026-10-31,Bournemouth,Leeds United,,,,2627,False,api
2026-10-31,Coventry City,Sunderland,,,,2627,False,api
2026-10-31,Hull City,Ipswich Town,,,,2627,False,api
2026-10-31,Brentford,Nottingham Forest,,,,2627,False,api
2026-10-31,Tottenham Hotspur,Crystal Palace,,,,2627,False,api
2026-11-01,Liverpool,Arsenal,,,,2627,False,api
2026-11-02,Newcastle United,Everton,,,,2627,False,api
2026-11-06,Everton,Coventry City,,,,2627,False,api
2026-11-07,Nottingham Forest,Manchester City,,,,2627,False,api
2026-11-07,Fulham,Newcastle United,,,,2627,False,api
2026-11-07,Leeds United,Tottenham Hotspur,,,,2627,False,api
2026-11-07,Arsenal,Hull City,,,,2627,False,api
2026-11-08,Crystal Palace,Liverpool,,,,2627,False,api
2026-11-08,Sunderland,Chelsea,,,,2627,False,api
2026-11-08,Ipswich Town,Bournemouth,,,,2627,False,api
2026-11-08,Brighton & Hove Albion,Brentford,,,,2627,False,api
2026-11-08,Manchester United,Aston Villa,,,,2627,False,api
2026-11-21,Manchester City,Fulham,,,,2627,False,api
2026-11-21,Chelsea,Leeds United,,,,2627,False,api
2026-11-21,Aston Villa,Sunderland,,,,2627,False,api
2026-11-21,Bournemouth,Nottingham Forest,,,,2627,False,api
2026-11-21,Tottenham Hotspur,Ipswich Town,,,,2627,False,api
2026-11-21,Coventry City,Crystal Palace,,,,2627,False,api
2026-11-21,Newcastle United,Arsenal,,,,2627,False,api
2026-11-22,Liverpool,Manchester United,,,,2627,False,api
2026-11-22,Hull City,Brighton & Hove Albion,,,,2627,False,api
2026-11-23,Brentford,Everton,,,,2627,False,api
2026-11-27,Nottingham Forest,Chelsea,,,,2627,False,api
2026-11-28,Leeds United,Coventry City,,,,2627,False,api
2026-11-28,Manchester United,Brentford,,,,2627,False,api
2026-11-28,Ipswich Town,Aston Villa,,,,2627,False,api
2026-11-29,Everton,Liverpool,,,,2627,False,api
2026-11-29,Fulham,Bournemouth,,,,2627,False,api
2026-11-29,Brighton & Hove Albion,Newcastle United,,,,2627,False,api
2026-11-29,Sunderland,Tottenham Hotspur,,,,2627,False,api
2026-11-29,Crystal Palace,Hull City,,,,2627,False,api
2026-11-29,Arsenal,Manchester City,,,,2627,False,api
2026-12-02,Coventry City,Ipswich Town,,,,2627,False,api
2026-12-02,Bournemouth,Brighton & Hove Albion,,,,2627,False,api
2026-12-02,Manchester City,Leeds United,,,,2627,False,api
2026-12-02,Brentford,Arsenal,,,,2627,False,api
2026-12-02,Newcastle United,Manchester United,,,,2627,False,api
2026-12-02,Chelsea,Crystal Palace,,,,2627,False,api
2026-12-02,Hull City,Nottingham Forest,,,,2627,False,api
2026-12-02,Liverpool,Sunderland,,,,2627,False,api
2026-12-02,Tottenham Hotspur,Fulham,,,,2627,False,api
2026-12-02,Aston Villa,Everton,,,,2627,False,api
2026-12-05,Everton,Fulham,,,,2627,False,api
2026-12-05,Nottingham Forest,Brighton & Hove Albion,,,,2627,False,api
2026-12-05,Aston Villa,Crystal Palace,,,,2627,False,api
2026-12-05,Bournemouth,Hull City,,,,2627,False,api
2026-12-05,Brentford,Manchester City,,,,2627,False,api
2026-12-05,Chelsea,Liverpool,,,,2627,False,api
2026-12-05,Leeds United,Ipswich Town,,,,2627,False,api
2026-12-05,Manchester United,Coventry City,,,,2627,False,api
2026-12-05,Tottenham Hotspur,Arsenal,,,,2627,False,api
2026-12-05,Newcastle United,Sunderland,,,,2627,False,api
2026-12-12,Fulham,Brentford,,,,2627,False,api
2026-12-12,Liverpool,Leeds United,,,,2627,False,api
2026-12-12,Manchester City,Chelsea,,,,2627,False,api
2026-12-12,Arsenal,Bournemouth,,,,2627,False,api
2026-12-12,Coventry City,Aston Villa,,,,2627,False,api
2026-12-12,Brighton & Hove Albion,Everton,,,,2627,False,api
2026-12-12,Hull City,Tottenham Hotspur,,,,2627,False,api
2026-12-12,Crystal Palace,Manchester United,,,,2627,False,api
2026-12-12,Sunderland,Nottingham Forest,,,,2627,False,api
2026-12-12,Ipswich Town,Newcastle United,,,,2627,False,api
2026-12-19,Chelsea,Aston Villa,,,,2627,False,api
2026-12-19,Liverpool,Tottenham Hotspur,,,,2627,False,api
2026-12-19,Arsenal,Manchester United,,,,2627,False,api
2026-12-19,Bournemouth,Coventry City,,,,2627,False,api
2026-12-19,Sunderland,Crystal Palace,,,,2627,False,api
2026-12-19,Manchester City,Hull City,,,,2627,False,api
2026-12-19,Nottingham Forest,Everton,,,,2627,False,api
2026-12-19,Brighton & Hove Albion,Ipswich Town,,,,2627,False,api
2026-12-19,Leeds United,Fulham,,,,2627,False,api
2026-12-19,Brentford,Newcastle United,,,,2627,False,api
2026-12-26,Hull City,Liverpool,,,,2627,False,api
2026-12-26,Newcastle United,Manchester City,,,,2627,False,api
2026-12-26,Ipswich Town,Brentford,,,,2627,False,api
2026-12-26,Fulham,Brighton & Hove Albion,,,,2627,False,api
2026-12-26,Tottenham Hotspur,Bournemouth,,,,2627,False,api
2026-12-26,Everton,Sunderland,,,,2627,False,api
2026-12-26,Aston Villa,Leeds United,,,,2627,False,api
2026-12-27,Coventry City,Chelsea,,,,2627,False,api
2026-12-27,Manchester United,Nottingham Forest,,,,2627,False,api
2026-12-27,Crystal Palace,Arsenal,,,,2627,False,api
2026-12-29,Hull City,Leeds United,,,,2627,False,api
2026-12-29,Tottenham Hotspur,Brighton & Hove Albion,,,,2627,False,api
2026-12-29,Everton,Manchester City,,,,2627,False,api
2026-12-30,Aston Villa,Liverpool,,,,2627,False,api
2026-12-30,Crystal Palace,Bournemouth,,,,2627,False,api
2026-12-30,Manchester United,Sunderland,,,,2627,False,api
2026-12-30,Ipswich Town,Chelsea,,,,2627,False,api
2026-12-30,Coventry City,Brentford,,,,2627,False,api
2026-12-30,Fulham,Arsenal,,,,2627,False,api
2026-12-30,Newcastle United,Nottingham Forest,,,,2627,False,api
2027-01-01,Leeds United,Everton,,,,2627,False,api
2027-01-02,Bournemouth,Aston Villa,,,,2627,False,api
2027-01-02,Liverpool,Coventry City,,,,2627,False,api
2027-01-02,Sunderland,Hull City,,,,2627,False,api
2027-01-02,Nottingham Forest,Fulham,,,,2627,False,api
2027-01-02,Brentford,Crystal Palace,,,,2627,False,api
2027-01-02,Brighton & Hove Albion,Manchester United,,,,2627,False,api
2027-01-02,Arsenal,Ipswich Town,,,,2627,False,api
2027-01-03,Chelsea,Newcastle United,,,,2627,False,api
2027-01-03,Manchester City,Tottenham Hotspur,,,,2627,False,api
2027-01-05,Sunderland,Liverpool,,,,2627,False,api
2027-01-05,Arsenal,Brentford,,,,2627,False,api
2027-01-05,Brighton & Hove Albion,Bournemouth,,,,2627,False,api
2027-01-05,Nottingham Forest,Hull City,,,,2627,False,api
2027-01-05,Everton,Aston Villa,,,,2627,False,api
2027-01-06,Leeds United,Manchester City,,,,2627,False,api
2027-01-06,Ipswich Town,Coventry City,,,,2627,False,api
2027-01-06,Fulham,Tottenham Hotspur,,,,2627,False,api
2027-01-06,Crystal Palace,Chelsea,,,,2627,False,api
2027-01-07,Manchester United,Newcastle United,,,,2627,False,api
2027-01-16,Newcastle United,Fulham,,,,2627,False,api
2027-01-16,Hull City,Arsenal,,,,2627,False,api
2027-01-16,Liverpool,Crystal Palace,,,,2627,False,api
2027-01-16,Coventry City,Everton,,,,2627,False,api
2027-01-16,Tottenham Hotspur,Leeds United,,,,2627,False,api
2027-01-16,Brentford,Brighton & Hove Albion,,,,2627,False,api
2027-01-16,Chelsea,Sunderland,,,,2627,False,api
2027-01-16,Manchester City,Nottingham Forest,,,,2627,False,api
2027-01-16,Bournemouth,Ipswich Town,,,,2627,False,api
2027-01-16,Aston Villa,Manchester United,,,,2627,False,api
2027-01-23,Fulham,Aston Villa,,,,2627,False,api
2027-01-23,Crystal Palace,Tottenham Hotspur,,,,2627,False,api
2027-01-23,Brighton & Hove Albion,Manchester City,,,,2627,False,api
2027-01-23,Manchester United,Liverpool,,,,2627,False,api
2027-01-23,Leeds United,Chelsea,,,,2627,False,api
2027-01-23,Ipswich Town,Hull City,,,,2627,False,api
2027-01-23,Nottingham Forest,Bournemouth,,,,2627,False,api
2027-01-23,Sunderland,Coventry City,,,,2627,False,api
2027-01-23,Everton,Brentford,,,,2627,False,api
2027-01-23,Arsenal,Newcastle United,,,,2627,False,api
2027-01-30,Chelsea,Nottingham Forest,,,,2627,False,api
2027-01-30,Manchester City,Arsenal,,,,2627,False,api
2027-01-30,Liverpool,Everton,,,,2627,False,api
2027-01-30,Bournemouth,Fulham,,,,2627,False,api
2027-01-30,Aston Villa,Ipswich Town,,,,2627,False,api
2027-01-30,Hull City,Crystal Palace,,,,2627,False,api
2027-01-30,Newcastle United,Brighton & Hove Albion,,,,2627,False,api
2027-01-30,Brentford,Manchester United,,,,2627,False,api
2027-01-30,Tottenham Hotspur,Sunderland,,,,2627,False,api
2027-01-30,Coventry City,Leeds United,,,,2627,False,api
2027-02-06,Leeds United,Bournemouth,,,,2627,False,api
2027-02-06,Crystal Palace,Coventry City,,,,2627,False,api
2027-02-06,Nottingham Forest,Brentford,,,,2627,False,api
2027-02-06,Manchester United,Chelsea,,,,2627,False,api
2027-02-06,Fulham,Manchester City,,,,2627,False,api
2027-02-06,Sunderland,Aston Villa,,,,2627,False,api
2027-02-06,Ipswich Town,Tottenham Hotspur,,,,2627,False,api
2027-02-06,Everton,Newcastle United,,,,2627,False,api
2027-02-06,Brighton & Hove Albion,Hull City,,,,2627,False,api
2027-02-06,Arsenal,Liverpool,,,,2627,False,api
2027-02-10,Ipswich Town,Arsenal,,,,2627,False,api
2027-02-10,Manchester United,Brighton & Hove Albion,,,,2627,False,api
2027-02-10,Tottenham Hotspur,Manchester City,,,,2627,False,api
2027-02-10,Fulham,Nottingham Forest,,,,2627,False,api
2027-02-10,Newcastle United,Chelsea,,,,2627,False,api
2027-02-10,Crystal Palace,Brentford,,,,2627,False,api
2027-02-10,Aston Villa,Bournemouth,,,,2627,False,api
2027-02-10,Hull City,Sunderland,,,,2627,False,api
2027-02-10,Coventry City,Liverpool,,,,2627,False,api
2027-02-10,Everton,Leeds United,,,,2627,False,api
2027-02-20,Leeds United,Aston Villa,,,,2627,False,api
2027-02-20,Sunderland,Everton,,,,2627,False,api
2027-02-20,Brighton & Hove Albion,Tottenham Hotspur,,,,2627,False,api
2027-02-20,Nottingham Forest,Manchester United,,,,2627,False,api
2027-02-20,Arsenal,Fulham,,,,2627,False,api
2027-02-20,Chelsea,Ipswich Town,,,,2627,False,api
2027-02-20,Brentford,Coventry City,,,,2627,False,api
2027-02-20,Bournemouth,Crystal Palace,,,,2627,False,api
2027-02-20,Manchester City,Newcastle United,,,,2627,False,api
2027-02-20,Liverpool,Hull City,,,,2627,False,api
2027-02-27,Everton,Nottingham Forest,,,,2627,False,api
2027-02-27,Crystal Palace,Sunderland,,,,2627,False,api
2027-02-27,Manchester United,Arsenal,,,,2627,False,api
2027-02-27,Ipswich Town,Brighton & Hove Albion,,,,2627,False,api
2027-02-27,Coventry City,Bournemouth,,,,2627,False,api
2027-02-27,Fulham,Leeds United,,,,2627,False,api
2027-02-27,Aston Villa,Chelsea,,,,2627,False,api
2027-02-27,Tottenham Hotspur,Liverpool,,,,2627,False,api
2027-02-27,Newcastle United,Brentford,,,,2627,False,api
2027-02-27,Hull City,Manchester City,,,,2627,False,api
2027-03-03,Brighton & Hove Albion,Fulham,,,,2627,False,api
2027-03-03,Liverpool,Aston Villa,,,,2627,False,api
2027-03-03,Chelsea,Coventry City,,,,2627,False,api
2027-03-03,Brentford,Ipswich Town,,,,2627,False,api
2027-03-03,Sunderland,Manchester United,,,,2627,False,api
2027-03-03,Nottingham Forest,Newcastle United,,,,2627,False,api
2027-03-03,Arsenal,Crystal Palace,,,,2627,False,api
2027-03-03,Manchester City,Everton,,,,2627,False,api
2027-03-03,Bournemouth,Tottenham Hotspur,,,,2627,False,api
2027-03-03,Leeds United,Hull City,,,,2627,False,api
2027-03-13,Sunderland,Brentford,,,,2627,False,api
2027-03-13,Manchester United,Everton,,,,2627,False,api
2027-03-13,Aston Villa,Hull City,,,,2627,False,api
2027-03-13,Chelsea,Arsenal,,,,2627,False,api
2027-03-13,Bournemouth,Newcastle United,,,,2627,False,api
2027-03-13,Liverpool,Ipswich Town,,,,2627,False,api
2027-03-13,Crystal Palace,Fulham,,,,2627,False,api
2027-03-13,Tottenham Hotspur,Nottingham Forest,,,,2627,False,api
2027-03-13,Leeds United,Brighton & Hove Albion,,,,2627,False,api
2027-03-13,Coventry City,Manchester City,,,,2627,False,api
2027-03-20,Hull City,Chelsea,,,,2627,False,api
2027-03-20,Newcastle United,Leeds United,,,,2627,False,api
2027-03-20,Everton,Tottenham Hotspur,,,,2627,False,api
2027-03-20,Nottingham Forest,Aston Villa,,,,2627,False,api
2027-03-20,Fulham,Liverpool,,,,2627,False,api
2027-03-20,Brentford,Bournemouth,,,,2627,False,api
2027-03-20,Ipswich Town,Crystal Palace,,,,2627,False,api
2027-03-20,Manchester City,Manchester United,,,,2627,False,api
2027-03-20,Brighton & Hove Albion,Coventry City,,,,2627,False,api
2027-03-20,Arsenal,Sunderland,,,,2627,False,api
2027-04-10,Aston Villa,Brighton & Hove Albion,,,,2627,False,api
2027-04-10,Tottenham Hotspur,Brentford,,,,2627,False,api
2027-04-10,Crystal Palace,Everton,,,,2627,False,api
2027-04-10,Bournemouth,Manchester City,,,,2627,False,api
2027-04-10,Coventry City,Arsenal,,,,2627,False,api
2027-04-10,Chelsea,Fulham,,,,2627,False,api
2027-04-10,Manchester United,Hull City,,,,2627,False,api
2027-04-10,Leeds United,Nottingham Forest,,,,2627,False,api
2027-04-10,Sunderland,Ipswich Town,,,,2627,False,api
2027-04-10,Liverpool,Newcastle United,,,,2627,False,api
2027-04-17,Newcastle United,Tottenham Hotspur,,,,2627,False,api
2027-04-17,Manchester City,Crystal Palace,,,,2627,False,api
2027-04-17,Ipswich Town,Manchester United,,,,2627,False,api
2027-04-17,Arsenal,Aston Villa,,,,2627,False,api
2027-04-17,Everton,Bournemouth,,,,2627,False,api
2027-04-17,Nottingham Forest,Liverpool,,,,2627,False,api
2027-04-17,Brentford,Leeds United,,,,2627,False,api
2027-04-17,Fulham,Sunderland,,,,2627,False,api
2027-04-17,Brighton & Hove Albion,Chelsea,,,,2627,False,api
2027-04-17,Hull City,Coventry City,,,,2627,False,api
2027-04-24,Leeds United,Liverpool,,,,2627,False,api
2027-04-24,Brentford,Fulham,,,,2627,False,api
2027-04-24,Aston Villa,Coventry City,,,,2627,False,api
2027-04-24,Newcastle United,Ipswich Town,,,,2627,False,api
2027-04-24,Nottingham Forest,Sunderland,,,,2627,False,api
2027-04-24,Everton,Brighton & Hove Albion,,,,2627,False,api
2027-04-24,Tottenham Hotspur,Hull City,,,,2627,False,api
2027-04-24,Bournemouth,Arsenal,,,,2627,False,api
2027-04-24,Chelsea,Manchester City,,,,2627,False,api
2027-04-24,Manchester United,Crystal Palace,,,,2627,False,api
2027-05-01,Liverpool,Chelsea,,,,2627,False,api
2027-05-01,Ipswich Town,Leeds United,,,,2627,False,api
2027-05-01,Arsenal,Tottenham Hotspur,,,,2627,False,api
2027-05-01,Fulham,Everton,,,,2627,False,api
2027-05-01,Crystal Palace,Aston Villa,,,,2627,False,api
2027-05-01,Hull City,Bournemouth,,,,2627,False,api
2027-05-01,Coventry City,Manchester United,,,,2627,False,api
2027-05-01,Brighton & Hove Albion,Nottingham Forest,,,,2627,False,api
2027-05-01,Sunderland,Newcastle United,,,,2627,False,api
2027-05-01,Manchester City,Brentford,,,,2627,False,api
2027-05-08,Bournemouth,Manchester United,,,,2627,False,api
2027-05-08,Everton,Hull City,,,,2627,False,api
2027-05-08,Tottenham Hotspur,Chelsea,,,,2627,False,api
2027-05-08,Brighton & Hove Albion,Sunderland,,,,2627,False,api
2027-05-08,Newcastle United,Coventry City,,,,2627,False,api
2027-05-08,Brentford,Aston Villa,,,,2627,False,api
2027-05-08,Nottingham Forest,Crystal Palace,,,,2627,False,api
2027-05-08,Fulham,Ipswich Town,,,,2627,False,api
2027-05-08,Leeds United,Arsenal,,,,2627,False,api
2027-05-08,Manchester City,Liverpool,,,,2627,False,api
2027-05-15,Ipswich Town,Manchester City,,,,2627,False,api
2027-05-15,Liverpool,Brentford,,,,2627,False,api
2027-05-15,Arsenal,Nottingham Forest,,,,2627,False,api
2027-05-15,Sunderland,Bournemouth,,,,2627,False,api
2027-05-15,Coventry City,Tottenham Hotspur,,,,2627,False,api
2027-05-15,Crystal Palace,Brighton & Hove Albion,,,,2627,False,api
2027-05-15,Aston Villa,Newcastle United,,,,2627,False,api
2027-05-15,Manchester United,Leeds United,,,,2627,False,api
2027-05-15,Hull City,Fulham,,,,2627,False,api
2027-05-15,Chelsea,Everton,,,,2627,False,api
2027-05-23,Manchester City,Aston Villa,,,,2627,False,api
2027-05-23,Brentford,Hull City,,,,2627,False,api
2027-05-23,Newcastle United,Crystal Palace,,,,2627,False,api
2027-05-23,Tottenham Hotspur,Manchester United,,,,2627,False,api
2027-05-23,Leeds United,Sunderland,,,,2627,False,api
2027-05-23,Brighton & Hove Albion,Liverpool,,,,2627,False,api
2027-05-23,Nottingham Forest,Ipswich Town,,,,2627,False,api
2027-05-23,Bournemouth,Chelsea,,,,2627,False,api
2027-05-23,Fulham,Coventry City,,,,2627,False,api
2027-05-23,Everton,Arsenal,,,,2627,False,api
2027-05-30,Manchester United,Fulham,,,,2627,False,api
2027-05-30,Hull City,Newcastle United,,,,2627,False,api
2027-05-30,Sunderland,Manchester City,,,,2627,False,api
2027-05-30,Aston Villa,Tottenham Hotspur,,,,2627,False,api
2027-05-30,Chelsea,Brentford,,,,2627,False,api
2027-05-30,Liverpool,Bournemouth,,,,2627,False,api
2027-05-30,Arsenal,Brighton & Hove Albion,,,,2627,False,api
2027-05-30,Ipswich Town,Everton,,,,2627,False,api
2027-05-30,Coventry City,Nottingham Forest,,,,2627,False,api
2027-05-30,Crystal Palace,Leeds United,,,,2627,False,api
