match_id,home_form_5,away_form_5,home_gf_5,away_gf_5,home_ga_5,away_ga_5,home_venue_form_5,away_venue_form_5,home_rest_days,away_rest_days,elo_home,elo_away,elo_diff,h2h_points,form_diff,rest_diff
0,,,,,,,,,,,1500.0,1500.0,0.0,,,
1,,,,,,,,,,,1500.0,1500.0,0.0,,,
2,,,,,,,,,,,1500.0,1500.0,0.0,,,
3,,,,,,,,,,,1500.0,1500.0,0.0,,,
4,,,,,,,,,,,1500.0,1500.0,0.0,,,
5,,,,,,,,,,,1500.0,1500.0,0.0,,,
6,,,,,,,,,,,1500.0,1500.0,0.0,,,
7,,,,,,,,,,,1500.0,1500.0,0.0,,,
8,,,,,,,,,,,1500.0,1500.0,0.0,,,
9,,,,,,,,,,,1500.0,1500.0,0.0,,,
10,,,,,,,,,7.0,6.0,1491.7099735734362,1488.2900264265638,3.419947146872346,,,1.0
11,,,,,,,,,7.0,7.0,1511.7099735734362,1508.2900264265638,3.419947146872346,,,0.0
12,,,,,,,,,7.0,8.0,1491.7099735734362,1508.2900264265638,-16.580052853127654,,,-1.0
13,,,,,,,,,7.0,7.0,1491.7099735734362,1508.2900264265638,-16.580052853127654,,,0.0
14,,,,,,,,,7.0,7.0,1511.7099735734362,1488.2900264265638,23.419947146872342,,,0.0
15,,,,,,,,,6.0,7.0,1491.7099735734362,1488.2900264265638,3.419947146872346,,,-1.0
16,,,,,,,,,9.0,8.0,1491.7099735734362,1508.2900264265638,-16.580052853127654,,,1.0
17,,,,,,,,,8.0,8.0,1491.7099735734362,1508.2900264265638,-16.580052853127654,,,0.0
18,,,,,,,,,8.0,7.0,1491.7099735734362,1508.2900264265638,-16.580052853127654,,,1.0
19,,,,,,,,,8.0,9.0,1511.7099735734362,1508.2900264265638,3.419947146872346,,,-1.0
20,,,,,,,,,7.0,7.0,1499.904607872375,1509.5332872100776,-9.62867933770258,,,0.0
21,,,,,,,,,7.0,7.0,1519.904607872375,1509.5332872100776,10.37132066229742,,,0.0
22,,,,,,,,,7.0,6.0,1519.3540535333104,1519.5332872100776,-0.1792336767671258,,,1.0
23,,,,,,,,,7.0,6.0,1499.904607872375,1480.4667127899224,19.437895082452545,,,1.0
24,,,,,,,,,7.0,6.0,1480.095392127625,1490.4667127899224,-10.37132066229742,,,1.0
25,,,,,,,,,7.0,5.0,1480.095392127625,1500.095392127625,-20.0,,,2.0
26,,,,,,,,,5.0,7.0,1519.904607872375,1490.4667127899224,29.437895082452545,,,-2.0
27,,,,,,,,,8.0,8.0,1480.6459464666896,1490.4667127899224,-9.820766323232874,,,0.0
28,,,,,,,,,7.0,8.0,1519.5332872100776,1500.095392127625,19.437895082452545,,,-1.0
29,,,,,,,,,7.0,7.0,1480.4667127899224,1509.5332872100776,-29.06657442015512,,,0.0
30,0.0,0.0,0.0,0.3333333333333333,3.0,3.333333333333333,,,14.0,14.0,1472.7140932493585,1468.9491594523793,3.764933796978994,,0.0,0.0
31,1.6666666666666667,2.0,1.0,1.3333333333333333,0.3333333333333333,1.0,,,14.0,14.0,1510.973017100479,1507.9064090116804,3.0666080887986027,,-0.3333333333333332,0.0
32,2.333333333333333,1.3333333333333333,2.0,1.6666666666666667,0.3333333333333333,1.3333333333333333,,,14.0,14.0,1521.238252424886,1498.4648779819736,22.773374442912427,,1.0000000000000002,0.0
33,0.6666666666666666,3.0,0.6666666666666666,1.0,1.6666666666666667,0.0,,,14.0,13.0,1492.985548390309,1527.2859067506415,-34.300358360332666,,-2.333333333333333,1.0
34,2.0,2.0,1.3333333333333333,3.333333333333333,1.6666666666666667,0.3333333333333333,,,14.0,14.0,1511.2416248028708,1507.6572274129392,3.5843973899316097,,0.0,0.0
35,2.333333333333333,0.3333333333333333,2.333333333333333,1.3333333333333333,0.6666666666666666,2.6666666666666665,,,13.0,14.0,1520.4212776477502,1478.6766005200536,41.744677127696605,,2.0,-1.0
36,0.6666666666666666,2.333333333333333,1.3333333333333333,3.333333333333333,2.0,1.6666666666666667,,,14.0,14.0,1491.8855043974938,1517.3857722719883,-25.50026787449451,,-1.666666666666667,0.0
37,1.0,0.0,1.0,0.0,1.6666666666666667,1.0,,,13.0,13.0,1492.3427725870608,1469.5787223522498,22.764050234811062,,1.0,0.0
38,0.6666666666666666,2.333333333333333,1.3333333333333333,2.0,2.6666666666666665,0.3333333333333333,,,14.0,14.0,1491.9010281423004,1517.649088318502,-25.74806017620153,,-1.666666666666667,0.0
39,2.333333333333333,0.3333333333333333,2.333333333333333,0.6666666666666666,1.0,1.6666666666666667,,,14.0,14.0,1521.5314860707722,1479.2116311143116,42.31985495646063,,2.0,0.0
40,0.25,0.5,1.25,1.0,3.0,2.75,,,6.0,5.0,1471.524110390015,1480.918359525921,-9.394249135905966,,-0.25,1.0
41,1.0,2.5,1.25,2.5,1.75,1.0,,,7.0,5.0,1490.8032133883307,1528.6687707608912,-37.86555737256049,,-1.5,2.0
42,0.25,0.75,0.75,0.25,2.0,2.25,,,5.0,7.0,1472.0743464241923,1480.8991233963084,-8.824776972115842,,-0.5,-2.0
43,2.5,1.25,2.25,1.25,0.25,1.25,,,6.0,7.0,1528.6317569348814,1502.24719937554,26.38455755934137,,1.25,-1.0
44,2.25,0.75,2.75,1.0,0.25,1.5,,,7.0,7.0,1519.4671717076446,1490.8957731111625,28.57139859648214,,1.5,0.0
45,0.0,0.75,0.25,0.75,2.75,1.75,,,7.0,7.0,1460.7641293054292,1480.0046908804848,-19.240561575055608,,-0.75,0.0
46,0.75,1.25,0.5,0.75,0.75,0.5,,,7.0,7.0,1481.9168040588258,1499.1774916456666,-17.26068758684073,,-0.5,0.0
47,2.25,1.5,1.25,1.0,0.75,1.5,,,8.0,8.0,1519.7019344664927,1499.4316805081653,20.27025395832743,,0.75,0.0
48,2.25,2.5,0.75,2.25,0.75,0.25,,,8.0,8.0,1518.0242557654108,1528.8999170185289,-10.875661253118096,,-0.25,0.0
49,2.0,2.5,2.5,2.75,1.25,0.75,,,8.0,8.0,1518.3755035583197,1527.5737677777888,-9.198264219469138,,-0.5,0.0
50,1.6,2.6,1.0,2.4,0.4,0.2,,,7.0,7.0,1510.4014603185833,1536.195408212903,-25.793947894319672,,-1.0,0.0
51,2.6,2.0,2.4,2.2,0.2,0.2,,,6.0,7.0,1540.3044818214255,1516.9717082024931,23.33277361893238,,0.6000000000000001,-1.0
52,2.0,0.0,2.0,0.4,1.4,2.8,,,7.0,7.0,1519.304990718931,1449.5963308592168,69.70865985971454,,2.0,0.0
53,0.6,1.6,1.0,2.2,2.4,1.4,,,8.0,6.0,1482.3646963545832,1506.9236442828835,-24.558947928300316,,-1.0,2.0
54,1.2,0.2,1.0,0.6,1.6,1.8,,,6.0,7.0,1491.701795886094,1460.611965562942,31.089830323152,,1.0,-1.0
55,2.6,1.4,2.6,1.6,0.8,1.4,,,6.0,7.0,1539.025627053225,1500.1669934302906,38.85863362293435,,1.2000000000000002,-1.0
56,1.2,0.4,1.2,1.2,1.6,2.6,,,7.0,8.0,1491.1724893266971,1470.0777735613528,21.09471576534429,,0.7999999999999999,-1.0
57,1.2,1.8,0.4,0.6,1.8,1.2,,,8.0,7.0,1492.3615042575589,1506.619690962514,-14.258186704955278,,-0.6000000000000001,1.0
58,0.8,0.6,0.8,0.4,1.2,1.0,,,8.0,8.0,1493.391236616314,1470.6928353859091,22.698401230404897,,0.2,0.0
59,1.0,2.4,1.0,1.4,1.6,0.8,,,9.0,8.0,1494.6835480975185,1527.431819088564,-32.7482709910455,,-1.4,1.0
60,2.0,1.8,1.2,1.0,0.8,1.6,2.0,1.0,5.0,6.0,1528.2145822866191,1501.0525033625847,27.162078924034404,,0.1999999999999999,-1.0
61,0.4,0.0,0.8,0.4,1.8,2.6,0.3333333333333333,0.0,7.0,7.0,1463.1752774763247,1443.165354134442,20.009923341882768,,0.4,0.0
62,2.0,0.8,1.8,0.6,0.4,0.8,2.0,0.6666666666666666,7.0,6.0,1527.9509317155528,1481.054941225318,46.89599049023491,,1.2,1.0
63,0.6,0.8,1.0,0.8,1.8,1.4,0.3333333333333333,1.0,7.0,7.0,1471.348144357892,1488.8798790938258,-17.531734735933696,,-0.2,0.0
64,2.0,2.0,1.6,1.8,0.8,1.2,2.0,1.3333333333333333,7.0,7.0,1526.2546280745837,1525.7359674437062,0.5186606308775481,,0.0,0.0
65,1.2,0.6,0.6,1.0,0.8,2.0,0.0,0.3333333333333333,6.0,7.0,1483.0291307769053,1472.3703837942242,10.658746982681125,,0.6,-1.0
66,1.2,0.8,1.2,1.2,1.2,2.0,1.6666666666666667,1.0,6.0,8.0,1493.9007848994634,1489.1384839727114,4.762300926752005,,0.3999999999999999,-2.0
67,2.2,2.6,2.4,2.4,0.8,0.0,2.333333333333333,2.0,8.0,8.0,1537.1767688113218,1529.3252583083658,7.851510502955989,,-0.3999999999999999,0.0
68,1.2,2.0,0.6,1.4,1.8,0.8,2.0,1.0,7.0,8.0,1497.9286918574885,1512.937992408932,-15.00930055144363,,-0.8,-1.0
69,1.6,1.2,1.8,1.2,1.2,1.0,1.3333333333333333,1.6666666666666667,8.0,8.0,1517.9401962795746,1509.4200997201644,8.520096559410149,,0.4000000000000001,0.0
70,1.4,1.8,1.2,1.0,1.2,0.8,2.333333333333333,2.0,13.0,14.0,1504.2257389623617,1491.0229907522737,13.202748210087975,,-0.4000000000000001,-1.0
71,1.6,2.0,1.6,2.0,1.2,0.6,1.3333333333333333,2.333333333333333,13.0,14.0,1521.3670894943225,1534.967759751104,-13.60067025678154,,-0.3999999999999999,-1.0
72,1.0,2.0,1.4,1.6,1.6,0.8,1.3333333333333333,2.333333333333333,13.0,14.0,1490.9812002004444,1524.5301664608508,-33.54896626040636,,-1.0,-1.0
73,2.2,0.6,1.8,0.8,0.4,1.4,2.333333333333333,0.3333333333333333,13.0,14.0,1531.253727187518,1460.9122700817832,70.34145710573489,,1.6,-1.0
74,0.2,1.6,0.4,0.8,1.6,0.8,0.0,2.333333333333333,14.0,14.0,1445.4283615289835,1525.7571945704956,-80.3288330415121,,-1.4,0.0
75,0.6,1.0,0.6,0.8,1.2,1.4,0.6666666666666666,0.6666666666666666,14.0,14.0,1474.0381131897666,1480.1318609091306,-6.093747719364046,,-0.4,0.0
76,0.8,1.8,0.8,2.4,1.2,1.2,1.3333333333333333,2.333333333333333,14.0,13.0,1480.0961625425873,1535.2482999321696,-55.15213738958232,,-1.0,1.0
77,2.0,1.0,1.6,1.2,1.0,1.4,3.0,2.333333333333333,14.0,14.0,1527.4604290574391,1505.9932065054163,21.467222552022577,,1.0,0.0
78,0.6,1.2,1.2,0.8,2.0,2.0,0.6666666666666666,1.0,14.0,14.0,1464.3765238188555,1506.6409453040585,-42.26442148520277,,-0.6,0.0
79,2.0,1.2,1.0,1.6,1.2,1.6,2.0,0.3333333333333333,14.0,14.0,1503.5098910787085,1492.0580686717303,11.451822406977954,,0.8,0.0
80,2.2,1.2,1.4,1.4,0.6,1.6,1.75,0.75,4.0,6.0,1501.481853250857,1492.1494279282745,9.332425322582594,,1.0000000000000002,-2.0
81,1.8,2.2,0.8,1.2,0.4,0.4,1.75,1.75,7.0,7.0,1525.172750526558,1537.668820891275,-12.496070364716616,,-0.4000000000000001,0.0
82,2.4,0.4,2.0,0.2,0.4,1.2,2.25,0.25,7.0,7.0,1546.295356587761,1446.012805572921,100.28255101484,,2.0,0.0
83,1.2,0.4,1.6,1.2,1.6,2.2,1.5,0.25,5.0,6.0,1494.0861064995815,1453.866495769544,40.21961073003763,,0.7999999999999999,-1.0
84,1.4,0.8,1.2,0.8,1.2,2.0,2.25,0.75,6.0,7.0,1515.157663251857,1469.9566388950184,45.201024356838616,,0.5999999999999999,-1.0
85,0.8,2.4,0.6,1.6,1.4,1.0,1.0,2.25,7.0,7.0,1471.6710761859638,1503.099301786361,-31.428225600397127,,-1.6,0.0
86,1.0,0.4,0.4,0.6,0.8,1.6,1.25,0.25,7.0,7.0,1482.4988979129334,1454.4971763780266,28.00172153490689,,0.6,0.0
87,1.4,1.0,1.4,1.8,1.2,1.8,1.0,1.0,8.0,8.0,1510.0394926576655,1500.221345750637,9.81814690702845,,0.3999999999999999,0.0
88,1.4,2.2,1.8,3.2,1.6,1.0,1.75,2.5,8.0,8.0,1515.290020910658,1545.3878235797386,-30.097802669080465,,-0.8000000000000003,0.0
89,1.4,1.2,1.0,1.2,1.0,2.4,1.0,1.5,7.0,7.0,1518.2959723109986,1517.1509733533703,1.1449989576283317,,0.1999999999999999,0.0
90,0.6,1.4,0.8,1.6,1.4,1.4,0.5,2.0,7.0,6.0,1456.9772580524857,1498.0565845510152,-41.079326498529554,,-0.7999999999999999,1.0
91,1.6,2.2,2.2,1.8,1.8,0.8,1.75,1.0,6.0,8.0,1512.2042538572873,1509.5123793600449,2.691874497242452,,-0.6000000000000001,-2.0
92,2.2,1.2,3.6,0.8,1.0,1.2,2.0,2.0,6.0,7.0,1556.246359249492,1513.8139343864568,42.432424863035294,,1.0000000000000002,-1.0
93,2.2,0.8,1.8,1.2,0.6,1.8,2.5,0.5,7.0,7.0,1549.027637031376,1491.278982649812,57.74865438156394,,1.4,0.0
94,0.6,2.4,1.2,2.8,1.6,0.4,0.5,2.5,7.0,7.0,1456.6736196193135,1551.9836786466187,-95.3100590273052,,-1.7999999999999998,0.0
95,1.2,0.8,1.2,1.0,2.0,2.4,2.25,1.75,6.0,6.0,1508.8929208833808,1504.4314852409043,4.461435642476317,,0.3999999999999999,0.0
96,1.4,1.0,1.8,0.8,2.0,1.2,1.0,0.5,7.0,7.0,1482.8953029263855,1480.0188162384743,2.8764866879112105,,0.3999999999999999,0.0
97,1.2,1.8,1.6,1.2,1.6,1.0,1.75,2.5,9.0,7.0,1484.118901819087,1526.554024780988,-42.43512296190147,,-0.6000000000000001,2.0
98,0.4,1.0,0.2,0.8,2.4,1.0,0.25,0.5,8.0,8.0,1440.324483514063,1470.8505632318715,-30.526079717808216,,-0.6,0.0
99,2.0,0.8,1.4,1.0,1.2,2.0,0.75,1.25,9.0,9.0,1503.9198147404531,1502.21899922049,1.700815519963271,,1.2,0.0
100,1.4,0.6,1.0,1.2,1.2,2.4,1.2,0.6,6.0,5.0,1491.8090454564062,1473.61377429503,18.19527116137624,,0.7999999999999999,1.0
101,0.8,0.4,1.4,0.2,2.0,2.2,0.8,0.2,7.0,6.0,1488.6006275971797,1429.4781850786887,59.12244251849074,,0.4,1.0
102,0.8,0.4,0.8,1.0,1.4,2.0,1.4,0.4,7.0,7.0,1516.6796239183927,1447.6864401515472,68.9931837668455,,0.4,0.0
103,2.4,1.2,2.8,1.4,0.4,1.4,2.4,0.4,7.0,7.0,1560.970858114385,1466.4332150063217,94.53764310806356,,1.2,0.0
104,1.4,2.6,1.6,1.8,1.2,1.0,1.4,2.0,7.0,5.0,1504.5440030327577,1512.162359289444,-7.6183562566866385,,-1.2000000000000002,2.0
105,0.8,2.0,1.2,1.8,2.2,1.0,1.4,2.0,7.0,7.0,1516.2658345822383,1535.7626166484304,-19.496782066191827,,-1.2,0.0
106,2.2,0.8,2.0,1.2,0.8,2.0,2.0,1.2,8.0,8.0,1521.2974648187565,1471.1050737084536,50.19239111030288,,1.4,0.0
107,0.8,1.2,1.2,1.2,1.8,2.0,1.8,1.2,6.0,8.0,1493.976454671499,1497.0585715420468,-3.0821168705479067,,-0.3999999999999999,-2.0
108,1.4,1.6,1.0,2.0,1.0,1.8,1.0,1.4,7.0,8.0,1481.696861667246,1500.4191683985755,-18.72230673132958,,-0.2000000000000001,-1.0
109,2.4,1.8,1.8,3.4,0.8,1.4,1.4,2.6,7.0,8.0,1537.0591523050448,1553.3806697175562,-16.32151741251141,,0.5999999999999999,-1.0
110,0.0,0.8,1.0,0.8,2.6,1.4,1.4,1.8,14.0,14.0,1465.827168409571,1513.1285837635046,-47.30141535393364,,-0.8,0.0
111,1.2,1.8,1.2,1.8,1.2,1.0,1.0,1.0,14.0,14.0,1470.609326877318,1513.0476585587962,-42.4383316814783,,-0.6000000000000001,0.0
112,1.6,2.6,1.8,3.0,1.6,0.4,1.4,2.6,13.0,14.0,1501.601677419581,1556.7947462433883,-55.19306882380761,,-1.0,-1.0
113,1.6,2.2,3.2,1.6,1.4,0.6,1.8,1.4,13.0,13.0,1544.6312560509684,1528.228104843562,16.40315120740638,,-0.6000000000000001,0.0
114,0.4,0.6,1.0,1.0,2.0,1.8,0.4,1.6,14.0,14.0,1451.2374803064354,1475.3003273348854,-24.06284702845005,,-0.1999999999999999,0.0
115,1.0,2.0,0.6,1.2,2.0,1.0,0.2,1.0,14.0,14.0,1442.7784853409828,1499.5956513418653,-56.81716600088248,,-1.0,0.0
116,0.6,0.8,1.0,1.2,2.0,2.4,0.8,2.0,13.0,14.0,1464.174433683648,1505.1053108081526,-40.930877124504605,,-0.2,-1.0
117,2.0,2.4,1.6,2.0,1.4,1.0,1.2,2.6,14.0,13.0,1503.6587037634054,1545.8085659716326,-42.149862208227205,,-0.3999999999999999,1.0
118,2.0,0.4,2.0,0.8,1.0,1.8,2.0,1.0,14.0,14.0,1546.9231404225163,1492.3527262153984,54.57041420711789,,1.6,0.0
119,1.4,1.6,1.0,1.0,1.4,0.8,1.8,1.0,14.0,14.0,1498.6822999981473,1480.514352646241,18.167947351906378,,-0.2000000000000001,0.0
120,2.0,0.6,1.6,1.4,1.4,2.2,2.6,0.6,7.0,7.0,1520.3923889955367,1450.206798993882,70.18559000165487,,1.4,0.0
121,0.6,1.0,0.8,1.0,1.8,1.2,1.0,1.0,7.0,6.0,1503.4939157464717,1472.726998834018,30.766916912453556,,-0.4,1.0
122,1.8,0.6,2.0,1.2,1.2,2.2,1.8,0.6,7.0,7.0,1513.5526939640822,1475.461836426604,38.09085753747832,,1.2000000000000002,0.0
123,2.0,2.0,3.6,1.2,1.0,0.8,1.8,1.0,7.0,7.0,1552.4669718989935,1489.6872581057492,62.77971379324458,,0.0,0.0
124,1.4,2.0,1.0,1.4,2.2,1.2,0.8,2.0,7.0,7.0,1452.686878577099,1513.145387065647,-60.45850848854775,,-0.6000000000000001,0.0
125,0.2,0.2,1.2,0.6,2.2,2.2,0.2,0.8,8.0,7.0,1476.331008647439,1485.535778748988,-9.204770101549002,,0.0,1.0
126,2.6,0.6,3.0,1.2,0.2,3.0,2.0,1.8,8.0,8.0,1566.9330920169875,1495.6536138249717,71.27947819201586,,2.0,0.0
127,1.4,1.2,1.4,1.8,1.8,2.0,0.8,1.2,8.0,8.0,1491.463331645982,1473.6261306668289,17.837200979153067,,0.1999999999999999,0.0
128,2.4,2.4,2.2,1.8,0.6,0.8,2.0,2.0,7.0,8.0,1553.7400878889268,1536.3218826693912,17.418205219535594,,0.0,-1.0
129,1.2,1.6,1.0,1.8,1.0,1.2,1.0,1.2,3.0,3.0,1475.2816251669874,1500.8021090155542,-25.520483848566755,,-0.4000000000000001,0.0
130,0.6,1.4,1.0,1.0,2.0,2.2,0.6,0.8,3.0,3.0,1443.7877949940466,1452.700075504572,-8.912280510525306,,-0.7999999999999999,0.0
131,1.2,2.4,1.2,2.2,1.8,0.8,1.4,2.6,4.0,3.0,1488.212421375132,1561.5479743055832,-73.33555293045129,,-1.2,1.0
132,0.2,2.0,0.6,3.4,2.2,1.0,1.4,2.0,3.0,4.0,1476.9874547167126,1559.0732004988529,-82.08574578214007,,-1.8,-1.0
133,1.4,1.4,1.0,1.4,1.6,1.8,1.6,1.6,4.0,3.0,1483.0810295058902,1499.2597409456037,-16.178711439713425,,0.0,1.0
134,1.2,2.2,2.2,3.0,1.8,0.4,0.8,2.6,3.0,3.0,1465.8297213672072,1563.3246798272585,-97.49495846005108,,-1.0000000000000002,0.0
135,1.8,0.6,1.8,0.8,1.2,1.8,1.4,1.2,3.0,4.0,1528.5139962527348,1500.9392894135024,27.57470683923248,,1.2000000000000002,-1.0
136,1.6,1.2,0.8,1.8,0.8,1.8,1.8,0.6,4.0,11.0,1513.1321901381737,1470.104291472032,43.02789866614171,,0.4000000000000001,-7.0
137,0.8,2.4,1.0,1.6,2.4,1.0,0.8,1.4,4.0,5.0,1499.262026014701,1526.811392995372,-27.54936698067104,,-1.6,-1.0
138,1.4,0.8,1.0,1.4,1.4,2.0,1.8,1.6,11.0,4.0,1506.46965381037,1484.8793326797145,21.590321130655862,,0.5999999999999999,7.0
139,0.6,1.4,1.0,1.8,2.0,1.4,0.6,0.8,4.0,3.0,1442.3278789170745,1472.9857048852334,-30.65782596815893,,-0.7999999999999999,1.0
140,1.4,0.8,1.0,0.8,1.6,1.2,1.6,0.8,3.0,3.0,1481.8263973778562,1503.4078330688285,-21.581435690972057,,0.5999999999999999,0.0
141,0.6,2.4,1.4,1.8,1.8,0.8,0.8,2.6,3.0,3.0,1456.904742830101,1571.1643346175351,-114.25959178743416,,-1.7999999999999998,0.0
142,1.4,2.2,1.8,2.0,1.4,0.6,1.4,3.0,3.0,3.0,1526.045452597409,1572.2496583643644,-46.20420576695551,,-0.8000000000000003,0.0
143,1.6,2.0,0.6,3.2,0.6,1.2,2.0,2.0,3.0,3.0,1510.2507767249722,1568.4383764877573,-58.18759976278511,,-0.3999999999999999,0.0
144,1.2,1.0,1.2,1.4,1.6,2.0,1.2,1.2,4.0,4.0,1478.59606106318,1500.5143730736377,-21.91831201045761,,0.1999999999999999,0.0
145,1.6,0.8,1.0,1.2,0.8,2.0,1.6,1.4,5.0,3.0,1484.2924700467413,1477.185453394317,7.107016652424363,,0.8,2.0
146,1.4,1.4,1.6,1.6,1.8,1.2,0.8,1.0,3.0,5.0,1508.3307282451822,1491.7912641358002,16.539464109381925,,0.0,-2.0
147,1.4,1.6,0.8,1.2,1.0,1.0,1.8,1.0,3.0,5.0,1514.1635330957674,1454.159991581544,60.00354151422334,,-0.2000000000000001,-2.0
148,0.2,1.8,0.4,1.4,2.0,1.4,0.8,1.4,5.0,4.0,1467.622278727808,1517.7426907648908,-50.120412037082815,,-1.6,1.0
149,1.0,0.6,1.4,1.6,1.8,2.2,0.8,1.2,5.0,6.0,1479.0932824355398,1448.4538855337296,30.639396901810187,,0.4,-1.0
150,1.2,1.0,1.2,1.0,1.8,1.8,2.6,0.8,5.0,7.0,1508.026971546302,1480.7251071886242,27.301864357677918,,0.1999999999999999,-2.0
151,1.6,1.2,1.8,1.0,1.2,1.0,1.6,1.0,7.0,6.0,1562.6465246854536,1482.3846410055185,80.26188367993518,,0.4000000000000001,1.0
152,2.4,1.8,3.0,1.4,0.8,1.0,2.2,1.2,7.0,6.0,1578.490541086701,1487.5043503758136,90.98619071088706,,0.5999999999999999,1.0
153,3.0,1.0,2.4,0.2,0.6,0.6,2.0,1.6,7.0,7.0,1579.6151919139063,1500.1986121260288,79.41657978787771,,2.0,0.0
154,1.6,1.4,1.0,1.2,1.2,1.8,1.0,1.4,6.0,6.0,1447.4828707515312,1516.162704787244,-68.67983403571293,,0.2000000000000001,0.0
155,1.2,1.4,1.4,1.6,1.2,1.6,1.2,1.8,8.0,8.0,1463.828238396895,1535.6485862763195,-71.82034787942507,,-0.1999999999999999,0.0
156,0.8,0.8,1.2,0.6,1.4,1.8,1.2,0.2,7.0,6.0,1483.9592875937385,1477.3379979463966,6.621289647341655,,0.0,1.0
157,1.0,1.2,1.6,1.2,2.0,1.4,1.4,0.6,7.0,8.0,1491.606083761004,1451.4853454054132,40.1207383555909,,-0.1999999999999999,-1.0
158,3.0,1.0,2.2,1.2,0.6,1.4,2.4,0.8,3.0,3.0,1585.8048138031277,1476.215797175227,109.58901662790072,,2.0,0.0
159,1.0,1.8,0.6,1.4,1.2,1.0,1.0,0.6,3.0,3.0,1437.732644495782,1481.59571130347,-43.863066807688256,,-0.8,0.0
160,1.2,1.0,1.6,1.0,1.8,1.2,2.6,1.4,4.0,3.0,1515.565803816029,1535.308500519609,-19.74269670357989,,0.1999999999999999,1.0
161,0.8,1.0,0.6,0.2,1.0,0.4,1.2,1.0,11.0,4.0,1504.5091232580603,1494.0089902368077,10.500133021252624,,-0.1999999999999999,7.0
162,0.8,0.4,1.4,0.8,1.6,2.4,1.6,0.6,3.0,4.0,1492.0649336265385,1473.1862749188972,18.878658707641307,,0.4,-1.0
163,2.0,0.6,2.2,0.8,1.4,2.4,2.2,0.2,5.0,4.0,1568.8153685157451,1469.2323519135964,99.58301660214876,,1.4,1.0
164,3.0,1.0,2.8,1.0,0.2,2.0,2.2,0.4,5.0,4.0,1584.399180159044,1444.2898475156635,140.10933264338064,,2.0,1.0
165,1.0,1.8,1.0,2.0,2.4,1.0,1.8,0.8,4.0,3.0,1470.7429990366588,1524.4122632791286,-53.66926424246981,,-0.8,1.0
166,0.8,3.0,0.6,3.0,2.0,0.6,1.0,2.6,3.0,5.0,1439.4870832678346,1591.2776119416958,-151.79052867386122,,-2.2,-2.0
167,2.0,3.0,1.4,2.6,0.8,0.4,2.4,2.4,14.0,3.0,1520.8406539257803,1589.201944406873,-68.36129048109274,,-1.0,11.0
168,1.0,1.6,0.2,1.8,0.4,1.6,2.0,2.4,4.0,3.0,1506.0107483176598,1564.52009594781,-58.50934763015016,,-0.6000000000000001,1.0
169,1.8,1.6,1.4,1.6,1.0,1.4,1.2,2.0,12.0,7.0,1492.0598358853308,1564.5630001086224,-72.5031642232916,0.0,0.1999999999999999,5.0
170,0.6,1.6,0.4,1.6,1.0,1.6,0.6,1.0,11.0,14.0,1492.5073651772082,1486.5420872156808,5.965277961527363,3.0,-1.0,-3.0
171,3.0,1.4,3.4,2.2,0.4,1.8,2.4,1.2,7.0,14.0,1598.695467203711,1498.801581650754,99.89388555295682,3.0,1.6,-7.0
172,0.4,1.8,0.2,2.4,1.4,1.2,0.8,1.2,12.0,8.0,1427.2685199139212,1534.5944563381563,-107.32593642423537,0.0,-1.4,4.0
173,2.2,0.8,1.8,1.2,0.6,1.4,2.0,1.0,7.0,11.0,1521.0812647621565,1489.8328418315712,31.248422930585093,0.0,1.4,-4.0
174,1.0,0.6,1.0,1.0,1.4,2.4,2.0,0.8,11.0,11.0,1526.4620410565094,1475.4183667138643,51.04367434264486,1.0,0.4,0.0
175,0.8,2.0,0.6,1.4,2.4,1.4,1.0,1.4,8.0,14.0,1432.0692280058197,1525.9129310429937,-93.84370303717378,0.0,-1.2,-6.0
176,0.8,0.2,1.0,0.2,1.6,2.4,1.6,1.0,2.0,2.0,1482.4004179836552,1418.6223072391178,63.778110744537344,,0.6000000000000001,0.0
177,1.4,2.6,2.8,2.2,2.4,0.8,1.8,2.0,2.0,9.0,1493.1041481790098,1588.9613335704971,-95.85718539148728,,-1.2000000000000002,-7.0
178,1.2,2.6,1.6,2.4,2.0,0.6,1.8,0.8,2.0,2.0,1488.5099035506412,1528.5136886100722,-40.00378505943104,,-1.4,0.0
179,0.6,1.0,1.8,1.2,2.4,1.6,0.6,0.8,14.0,2.0,1441.0050807535886,1513.3705042197328,-72.3654234661442,,-0.4,12.0
180,1.4,3.0,1.0,4.2,1.4,0.8,1.2,3.0,3.0,3.0,1478.4182307352264,1604.3929006754547,-125.9746699402283,,-1.6,0.0
181,1.6,1.2,1.8,0.8,1.4,0.6,1.8,0.8,3.0,3.0,1574.2032853853143,1500.6312216576623,73.572063727652,,0.4000000000000001,0.0
182,2.2,0.8,1.4,0.8,0.8,1.0,1.4,0.6,3.0,14.0,1524.941900301838,1464.1683241536057,60.77357614823245,,1.4,-11.0
183,2.4,3.0,3.0,3.8,0.6,0.6,3.0,3.0,6.0,3.0,1543.24066901296,1612.5164963494892,-69.27582733652935,0.0,-0.6000000000000001,3.0
184,1.4,1.4,1.6,1.8,1.4,1.6,2.0,0.8,4.0,4.0,1488.9812449937,1523.0147489205094,-34.03350392680932,1.0,0.0,0.0
185,0.0,2.2,1.2,2.2,3.0,0.6,0.6,1.0,4.0,4.0,1431.360836052812,1529.088591305288,-97.72775525247609,0.0,-2.2,0.0
186,0.8,1.2,0.8,1.2,1.6,1.4,1.2,1.2,4.0,7.0,1470.294635061192,1482.4195506086387,-12.12491554744679,1.0,-0.3999999999999999,-3.0
187,1.8,2.0,1.6,1.4,1.0,0.8,1.4,1.4,4.0,5.0,1570.5376162295622,1577.9329295133582,-7.395313283795986,1.0,-0.1999999999999999,-1.0
188,0.8,1.2,1.0,1.0,2.0,0.8,0.8,0.8,14.0,4.0,1473.5276244815316,1504.2968908134148,-30.769266331883276,3.0,-0.3999999999999999,10.0
189,0.8,0.6,1.2,0.8,3.2,1.4,1.2,0.6,14.0,3.0,1460.560805977631,1457.5109049849898,3.049900992641142,1.0,0.2,11.0
190,2.6,1.0,1.8,0.2,0.8,0.4,1.8,1.0,4.0,14.0,1531.5993194704536,1505.9678441568474,25.631475313606188,3.0,1.6,-10.0
191,1.2,1.4,1.4,1.2,1.8,1.4,1.4,0.4,14.0,9.0,1487.9350008554254,1478.9253349958096,9.00966585961578,,-0.1999999999999999,5.0
192,1.4,0.0,1.8,0.0,1.6,2.8,2.0,0.8,11.0,14.0,1533.760736316627,1412.041480229073,121.71925608755396,,1.4,-3.0
193,1.6,1.4,1.4,2.0,1.0,1.8,1.0,0.8,12.0,13.0,1515.1362394965424,1478.2352575975826,36.9009818989598,1.0,0.2000000000000001,-1.0
194,1.2,2.0,1.2,1.2,1.4,0.6,1.2,1.6,13.0,12.0,1473.788850674021,1519.18337032848,-45.39451965445892,3.0,-0.8,1.0
195,3.0,1.4,4.0,1.4,0.8,1.0,3.0,2.0,14.0,13.0,1622.249579992321,1569.034996406397,53.21458358592395,3.0,1.6,1.0
196,0.8,0.0,0.6,0.8,2.4,2.4,1.2,0.6,14.0,14.0,1433.0402587469753,1422.442480033047,10.597778713927935,1.0,0.8,0.0
197,0.0,0.8,0.0,1.4,2.6,2.4,0.8,0.2,3.0,13.0,1406.8418325836903,1462.688275798404,-55.846443214713645,0.0,-0.8,-10.0
198,1.4,1.6,0.4,2.0,0.4,1.8,1.6,0.8,12.0,4.0,1518.383793298821,1495.974458026251,22.409335272569933,3.0,-0.2000000000000001,8.0
199,1.6,1.2,1.6,1.0,1.2,1.8,2.6,0.4,14.0,5.0,1579.4355493365233,1470.885877824984,108.54967151153936,1.0,0.4000000000000001,9.0
200,1.8,0.8,2.2,1.6,1.6,3.4,2.0,0.8,4.0,14.0,1538.9603839620097,1468.7657458929305,70.19463806907902,3.0,1.0,-10.0
201,1.6,1.2,1.4,1.2,1.0,1.0,1.2,1.4,4.0,3.0,1512.417340586752,1562.1829353965609,-49.76559480980859,1.0,0.4000000000000001,1.0
202,0.6,1.6,0.6,1.4,2.2,1.0,1.8,1.2,3.0,4.0,1465.3892639426288,1519.603502389822,-54.21423844719334,,-1.0,-1.0
203,1.4,2.2,2.2,2.0,2.0,0.6,1.8,1.6,14.0,14.0,1504.1325522361487,1538.0069473250526,-33.87439508890384,,-0.8000000000000003,0.0
204,0.2,0.6,0.8,0.4,2.2,2.6,0.6,0.8,6.0,6.0,1424.446935814527,1416.722289304452,7.72464651007499,3.0,-0.3999999999999999,0.0
205,0.6,2.0,0.8,1.0,2.4,0.4,1.8,1.4,3.0,7.0,1455.2227517306349,1526.0553652944654,-70.83261356383059,3.0,-1.4,-4.0
206,0.8,0.8,1.4,1.2,2.0,1.6,0.8,1.2,7.0,7.0,1452.8078190776423,1473.3687186126788,-20.56089953503647,0.0,0.0,0.0
207,1.2,0.4,1.8,0.6,3.4,2.6,1.6,0.4,6.0,7.0,1482.3469689196963,1431.0358029654956,51.31116595420076,1.0,0.7999999999999999,-1.0
208,1.6,1.8,1.8,2.6,1.2,1.8,1.8,1.4,3.0,6.0,1529.770014601816,1525.3791609352436,4.390853666572411,3.0,-0.1999999999999999,-3.0
209,1.6,3.0,2.2,2.8,1.8,0.8,1.8,3.0,7.0,7.0,1488.3028860306067,1629.1016410021575,-140.7987549715508,1.0,-1.4,0.0
210,2.4,0.4,3.0,0.4,0.6,1.4,2.4,0.4,14.0,14.0,1533.507585370128,1449.3059650696905,84.20162030043775,3.0,2.0,0.0
211,1.2,2.2,1.4,2.0,1.2,1.0,1.4,1.6,5.0,4.0,1562.4774200856548,1548.7574886008554,13.719931484799416,3.0,-1.0000000000000002,1.0
212,1.0,1.6,1.6,2.0,1.8,1.2,1.4,1.6,9.0,7.0,1480.954156507373,1584.9321632188785,-103.97800671150549,0.0,-0.6000000000000001,2.0
213,1.2,1.8,2.2,1.6,2.2,1.0,1.8,1.2,4.0,5.0,1493.382010960346,1512.122855897658,-18.740844937311977,0.0,-0.6000000000000001,-1.0
214,0.4,0.2,0.4,0.6,1.4,2.2,1.2,0.8,13.0,14.0,1453.2334495595371,1412.5219828252912,40.71146673424596,,0.2,-1.0
215,0.6,2.0,0.4,1.8,1.2,1.0,1.4,1.8,3.0,14.0,1450.413289689484,1537.9376284890873,-87.52433879960336,0.0,-1.4,-11.0
216,1.0,0.2,0.8,1.0,1.8,2.0,1.2,0.2,14.0,14.0,1444.134301329142,1441.677521215944,2.4567801131977376,,0.8,0.0
217,1.8,0.4,2.2,0.4,1.4,1.8,1.4,0.4,14.0,3.0,1517.2115470479723,1415.3421426953444,101.86940435262795,3.0,1.4,11.0
218,1.4,1.2,1.4,1.4,1.4,3.0,1.4,0.8,14.0,14.0,1484.499016474377,1469.24847055605,15.250545918326909,,0.1999999999999999,0.0
219,2.6,0.6,2.2,1.0,1.0,2.6,3.0,0.2,14.0,14.0,1626.8171030459328,1445.534438420062,181.2826646258709,3.0,2.0,0.0
220,1.2,0.8,1.0,1.4,2.2,2.0,0.8,0.4,14.0,14.0,1428.647242293688,1472.2132280916678,-43.56598579797992,0.0,0.3999999999999999,0.0
221,2.0,1.6,1.6,2.0,1.0,1.6,2.6,0.8,14.0,14.0,1540.8480392206488,1490.5874239868317,50.26061523381736,1.0,0.3999999999999999,0.0
222,1.6,1.4,2.0,2.2,1.2,2.0,3.0,1.0,14.0,14.0,1593.6730916345837,1492.2000280540285,101.4730635805554,0.0,0.2000000000000001,0.0
223,2.6,2.0,1.4,2.4,0.4,0.6,1.6,1.2,14.0,14.0,1535.7436786050384,1529.5801008802812,6.1635777247572605,,0.6000000000000001,0.0
224,0.0,1.0,0.6,1.6,2.8,1.6,1.2,0.4,3.0,3.0,1441.5428807066316,1472.6858845925012,-31.14300388586957,1.0,-1.0,0.0
225,0.2,1.4,1.0,2.0,2.0,2.2,0.8,1.0,4.0,3.0,1433.4560549424575,1471.3811113996833,-37.92505645722554,1.0,-1.2,1.0
226,1.6,1.6,1.4,2.0,1.0,1.6,2.4,1.4,4.0,3.0,1537.147067507015,1503.6585625082164,33.48850499879859,1.0,0.0,1.0
227,1.4,2.6,1.2,1.4,1.4,0.4,0.8,2.6,3.0,3.0,1428.1745857928545,1630.808660759363,-202.63407496650848,0.0,-1.2000000000000002,0.0
228,0.4,1.4,0.2,1.4,1.2,1.2,0.0,1.4,4.0,14.0,1409.6909296833862,1513.3048388039756,-103.61390912058935,0.0,-1.0,-10.0
229,0.6,2.0,0.6,2.0,1.4,0.8,1.4,1.6,5.0,3.0,1451.2038506715562,1599.333559437932,-148.12970876637564,0.0,-1.4,2.0
230,0.8,1.8,1.4,1.6,2.4,1.2,2.0,1.4,3.0,5.0,1486.53956025068,1522.8627600599305,-36.32319980925036,0.0,-1.0,-2.0
231,1.6,1.0,1.2,1.6,1.4,2.0,1.6,1.8,5.0,4.0,1452.3557676026282,1482.3663756307435,-30.010608028115485,0.0,0.6000000000000001,1.0
232,1.4,2.0,1.4,1.2,1.6,0.6,2.0,2.0,4.0,3.0,1527.776900699264,1523.8620290497354,3.91487164952855,3.0,-0.6000000000000001,1.0
233,1.8,1.8,1.6,1.6,1.0,1.0,2.0,1.8,3.0,3.0,1534.519367438319,1522.05608201938,12.463285418938996,,0.0,0.0
234,2.0,0.2,2.2,0.4,0.6,2.0,2.0,0.2,9.0,7.0,1541.4617504355842,1440.7142142314208,100.74753620416344,0.0,1.8,2.0
235,1.0,0.4,1.4,0.2,1.6,1.4,1.0,0.4,6.0,7.0,1473.2274024119608,1400.9396864679818,72.28771594397904,0.0,0.6,-1.0
236,1.2,0.6,1.0,0.4,1.0,1.0,1.2,0.4,4.0,6.0,1514.112018174258,1443.687389217249,70.42462895700942,3.0,0.6,-2.0
237,0.6,1.2,1.0,1.2,1.6,1.0,1.4,1.0,7.0,14.0,1473.514551067712,1570.3868694658613,-96.87231839814922,0.0,-0.6,-7.0
238,2.6,1.4,2.2,1.2,0.6,1.6,3.0,0.8,6.0,7.0,1606.8500208922394,1422.0638446729365,184.7861762193029,3.0,1.2000000000000002,-1.0
239,2.6,1.2,2.0,1.2,0.4,1.8,3.0,1.6,7.0,6.0,1636.919401879281,1515.9577577745092,120.96164410477172,0.0,1.4,1.0
240,1.6,0.6,2.0,1.4,1.6,1.8,1.4,0.2,7.0,7.0,1506.2862625769123,1442.8215405924293,63.46472198448305,0.0,1.0,0.0
241,1.4,2.2,1.4,1.4,1.2,0.6,1.8,0.8,6.0,6.0,1523.5431801725338,1461.4947408214111,62.048439351122624,3.0,-0.8000000000000003,0.0
242,1.4,2.2,1.8,1.6,2.0,0.6,1.4,1.8,8.0,5.0,1462.0156257497115,1542.463431283441,-80.44780553372925,0.0,-0.8000000000000003,3.0
243,2.4,1.0,1.6,1.2,0.6,1.6,1.0,0.4,7.0,7.0,1535.68117197449,1485.8591401380768,49.82203183641332,0.0,1.4,0.0
244,1.2,1.2,0.8,1.6,0.4,2.2,0.8,2.0,4.0,4.0,1457.2743815621986,1530.741311545882,-73.46692998368349,,0.0,0.0
245,3.0,0.8,2.4,1.6,0.4,2.6,3.0,0.8,4.0,3.0,1610.7775339750235,1452.6034823322489,158.17405164277466,3.0,2.2,1.0
246,0.8,0.6,0.2,0.6,1.2,1.2,0.0,0.6,4.0,4.0,1414.573313085956,1464.571855222763,-49.99854213680692,,0.2,0.0
247,2.0,2.4,1.8,1.8,0.6,0.8,2.0,2.4,5.0,4.0,1547.1391834753745,1542.6214706963035,4.517712779070735,3.0,-0.3999999999999999,1.0
248,1.6,1.4,1.6,1.4,1.4,1.8,1.8,0.6,6.0,6.0,1512.8750575844383,1418.1363315901524,94.73872599428591,0.0,0.2000000000000001,0.0
249,0.2,2.2,0.6,1.4,1.8,0.6,0.8,0.8,7.0,7.0,1435.0367811916306,1464.8698753819124,-29.833094190281827,1.0,-2.0,0.0
250,1.0,1.0,0.8,1.2,1.4,1.4,1.0,1.2,7.0,7.0,1500.525025829308,1459.5937757939869,40.931250035321455,0.0,0.0,0.0
251,1.0,1.6,1.2,1.0,1.2,0.4,0.8,0.8,3.0,3.0,1474.8596408320116,1467.6617969655003,7.197843866511221,1.0,-0.6000000000000001,0.0
252,0.6,2.0,1.0,2.0,1.6,0.8,1.2,2.6,7.0,7.0,1436.2327455849031,1622.135848107908,-185.9031025230047,0.0,-1.4,0.0
253,0.2,0.6,1.0,1.0,3.4,2.0,0.8,1.8,3.0,3.0,1448.169909756632,1520.3538961425804,-72.1839863859484,0.0,-0.3999999999999999,0.0
254,2.2,0.8,1.8,0.4,0.8,1.4,2.0,1.0,6.0,3.0,1551.8755747009038,1404.285527476707,147.5900472241965,0.0,1.4,3.0
255,1.0,1.8,1.2,1.4,1.4,1.0,1.4,2.4,8.0,3.0,1520.1680456120323,1534.457385274141,-14.289339662108432,0.0,-0.8,5.0
256,1.6,0.4,1.2,1.2,0.6,2.0,1.2,0.2,3.0,9.0,1469.572144945811,1478.9188414162631,-9.346696470452116,1.0,1.2000000000000002,-6.0
257,1.4,2.2,1.2,1.8,1.0,0.8,1.0,1.6,7.0,8.0,1472.4197573809024,1518.694168595498,-46.2744112145956,0.0,-0.8000000000000003,-1.0
258,1.4,1.6,1.0,1.2,0.8,0.8,1.0,1.6,4.0,14.0,1458.1244680991451,1579.3295653108105,-121.20509721166536,1.0,-0.2000000000000001,-10.0
259,1.0,0.2,1.2,1.0,1.4,4.0,1.6,0.8,4.0,7.0,1490.366518262929,1438.5204493897652,51.84606887316386,1.0,0.8,-3.0
260,3.0,1.6,3.0,1.0,0.4,0.8,3.0,1.4,10.0,6.0,1615.2111065506404,1528.8599260175642,86.3511805330761,0.0,1.4,4.0
261,2.6,0.8,1.6,0.6,0.4,1.6,1.6,1.6,7.0,7.0,1475.7359733201915,1487.6990442423923,-11.963070922200814,1.0,1.8,0.0
262,0.8,0.2,1.0,0.4,2.0,1.6,0.8,0.0,8.0,7.0,1412.3172205790927,1424.1706832533514,-11.853462674258708,3.0,0.6000000000000001,1.0
263,1.2,1.2,1.0,1.2,1.0,0.8,1.4,1.2,6.0,7.0,1525.7655048686092,1472.9492928517009,52.816212016908366,0.0,0.0,-1.0
264,2.0,1.8,2.0,1.6,0.8,0.8,2.4,1.8,8.0,8.0,1628.6627766386662,1546.5229481120696,82.1398285265966,3.0,0.1999999999999999,0.0
265,0.8,2.0,0.4,1.2,1.4,0.8,0.0,1.8,8.0,10.0,1409.6381540655416,1555.3032688975372,-145.66511483199565,0.0,-1.2,-2.0
266,1.2,0.6,1.8,0.8,1.6,1.4,1.4,0.2,9.0,9.0,1530.0033565094473,1429.7058170541452,100.29753945530206,1.0,0.6,0.0
267,0.0,1.4,0.4,1.8,3.6,1.0,0.6,1.8,5.0,5.0,1431.6328587520136,1482.0249085685582,-50.39204981654461,1.0,-1.4,0.0
268,0.2,2.0,0.6,1.6,2.6,0.4,0.8,2.0,5.0,5.0,1400.9402547868183,1587.5859405522745,-186.64568576545616,0.0,-1.8,0.0
269,2.0,2.6,1.6,1.8,1.4,0.6,2.2,1.4,5.0,5.0,1509.0890174078422,1484.3621026255314,24.72691478231081,1.0,-0.6000000000000001,0.0
270,1.2,0.8,1.0,0.8,1.2,1.8,1.4,1.2,5.0,4.0,1512.627899428163,1402.055014896007,110.57288453215574,3.0,0.3999999999999999,1.0
271,0.8,1.4,0.8,1.0,1.4,1.4,0.8,1.0,7.0,7.0,1435.5476490456258,1449.8680928576812,-14.320443812055371,0.0,-0.5999999999999999,0.0
272,0.6,3.0,0.6,2.6,1.8,0.2,1.0,1.6,7.0,7.0,1479.0729149370525,1621.2314236725183,-142.15850873546606,1.0,-2.4,0.0
273,1.6,1.8,1.6,2.4,1.4,1.0,1.6,1.8,6.0,5.0,1540.400126565732,1535.6913273729183,4.708799192813785,3.0,-0.1999999999999999,1.0
274,2.6,1.4,1.6,1.2,0.8,1.2,2.0,0.6,7.0,8.0,1562.886408067072,1497.2541089006806,65.63229916639125,3.0,1.2000000000000002,-1.0
275,2.6,2.6,2.2,1.6,0.4,0.6,1.8,2.0,3.0,3.0,1594.094087880539,1496.7535206816074,97.3405671989317,3.0,0.0,0.0
276,0.6,1.2,0.8,1.4,2.2,1.2,1.2,1.8,6.0,3.0,1424.0178461906742,1518.0782123891393,-94.06036619846508,0.0,-0.6,3.0
277,0.0,0.0,0.4,0.6,3.6,3.0,0.6,0.6,3.0,3.0,1421.356390187962,1394.4321074585537,26.924282729408333,3.0,0.0,0.0
278,1.4,0.8,1.2,0.8,1.4,2.2,2.0,1.0,3.0,3.0,1496.6975993517665,1396.6047019350303,100.09289741673592,3.0,0.5999999999999999,0.0
279,1.6,1.8,1.0,1.8,0.8,0.4,2.0,1.8,8.0,3.0,1522.839608895686,1492.3013771326098,30.538231763076283,3.0,-0.1999999999999999,5.0
280,1.6,2.4,1.4,2.6,0.6,0.8,0.8,2.6,9.0,8.0,1486.0868982921477,1634.7855981850037,-148.6986998928562,3.0,-0.7999999999999998,1.0
281,3.0,3.0,2.0,2.6,0.8,0.2,2.0,2.0,3.0,4.0,1569.420192627818,1628.9098247794043,-59.48963215158619,0.0,0.0,-1.0
282,0.0,1.8,0.2,2.8,2.2,1.2,0.4,1.2,4.0,4.0,1471.3945138301667,1527.532555943779,-56.1380421136123,,-1.8,0.0
283,0.6,2.0,0.6,1.4,1.8,0.8,0.6,2.0,4.0,4.0,1414.99505382414,1490.9960125295745,-76.00095870543419,0.0,-1.4,0.0
284,1.2,0.6,1.2,0.4,1.0,3.0,1.8,0.8,5.0,5.0,1527.101004755673,1428.905434565364,98.19557019030935,1.0,0.6,0.0
285,1.8,2.4,2.0,1.8,0.6,1.2,1.0,2.4,6.0,3.0,1484.849849898719,1559.4055030708878,-74.55565317216883,0.0,-0.5999999999999999,3.0
286,1.4,1.4,1.2,1.2,1.2,1.0,1.6,0.6,7.0,8.0,1490.7203243399345,1444.2404093915593,46.47991494837515,3.0,0.0,-1.0
287,1.8,1.6,2.6,1.2,0.8,1.0,1.4,1.4,4.0,7.0,1537.6437074492144,1530.291136129577,7.352571319637491,0.0,0.1999999999999999,-3.0
288,0.0,0.0,0.2,0.8,2.2,2.6,0.2,0.6,14.0,14.0,1461.2833623247311,1386.8830630811517,74.40029924357964,1.0,0.0,0.0
289,0.8,2.0,0.4,2.2,1.8,0.8,0.8,2.2,14.0,14.0,1441.1753325117477,1632.2866991395683,-191.11136662782064,0.0,-1.2,0.0
290,3.0,1.2,2.2,1.4,0.2,1.4,1.8,0.6,14.0,13.0,1599.8515960325722,1437.2126675933496,162.63892843922258,3.0,1.8,1.0
291,1.2,1.2,1.0,1.2,2.2,1.6,0.6,1.4,14.0,14.0,1443.168084987915,1482.3903663281228,-39.22228134020747,0.0,0.0,0.0
292,3.0,0.8,2.8,1.0,0.2,2.4,3.0,1.4,14.0,14.0,1638.9245143363346,1410.9119349586738,228.0125793776608,3.0,2.2,0.0
293,2.0,1.8,2.0,1.2,1.6,1.0,2.2,0.6,14.0,13.0,1548.5588979948714,1497.7480661381442,50.81083185672719,0.0,0.1999999999999999,1.0
294,1.2,1.8,1.4,2.0,1.2,0.6,1.2,1.8,14.0,14.0,1512.838354333122,1475.2685503415285,37.56980399159352,3.0,-0.6000000000000001,0.0
295,2.4,1.8,3.2,1.2,0.8,0.8,1.8,1.4,14.0,14.0,1545.729068944322,1480.535793248303,65.1932756960191,3.0,0.5999999999999999,0.0
296,1.4,0.6,1.0,0.2,1.2,1.8,2.0,0.2,14.0,14.0,1522.2057746344692,1425.4552731054114,96.75050152905784,3.0,0.7999999999999999,0.0
297,1.6,2.4,1.4,1.6,0.6,1.0,0.4,3.0,14.0,14.0,1488.5857973375828,1568.9868026280783,-80.4010052904955,1.0,-0.7999999999999998,0.0
298,0.2,0.6,0.2,0.4,2.2,1.8,0.6,0.0,4.0,3.0,1434.779535348884,1419.6838282773556,15.095707071528524,0.0,-0.3999999999999999,1.0
299,1.2,1.8,1.0,1.8,1.8,1.2,2.2,1.8,5.0,6.0,1473.9908858949927,1520.1016375813012,-46.1107516863085,0.0,-0.6000000000000001,-1.0
300,1.8,0.2,1.2,0.2,1.4,1.6,2.0,1.4,5.0,7.0,1558.400288420476,1457.5970759047989,100.8032125156774,1.0,1.6,-2.0
301,1.2,2.4,1.8,3.4,1.0,1.0,1.0,1.8,7.0,6.0,1468.0052670933492,1552.2739762976323,-84.26870920428314,0.0,-1.2,1.0
302,0.6,1.6,0.8,1.8,2.2,1.8,1.2,1.6,3.0,7.0,1411.8122147907525,1545.4734236326908,-133.66120884193856,1.0,-1.0,-4.0
303,0.8,2.4,1.0,2.0,1.8,1.0,1.4,2.0,7.0,7.0,1482.987685228025,1584.197112679849,-101.209427451824,0.0,-1.6,0.0
304,0.8,1.4,0.8,1.2,2.0,1.6,0.0,0.8,7.0,7.0,1407.711143540517,1442.5707660880132,-34.8596225474962,0.0,-0.5999999999999999,0.0
305,1.8,1.8,2.0,1.2,1.2,1.2,0.8,0.8,8.0,7.0,1452.8671509460728,1527.977219462525,-75.1100685164522,3.0,0.0,1.0
306,2.0,2.2,1.2,2.0,0.8,0.4,1.6,1.8,8.0,6.0,1500.8335405003247,1499.172311545185,1.661228955139677,1.0,-0.2000000000000001,2.0
307,2.0,3.0,1.8,2.6,0.8,0.0,2.4,2.6,8.0,8.0,1638.682496302432,1642.1253057544914,-3.442809452059464,1.0,-1.0,0.0
308,0.2,0.6,0.6,0.6,2.0,2.4,0.8,1.0,8.0,4.0,1390.5693495010844,1442.6511488354874,-52.08179933440306,1.0,-0.3999999999999999,4.0
309,1.0,0.8,1.0,1.0,1.6,1.6,1.8,0.8,7.0,6.0,1533.3844893761443,1400.3414848157156,133.04300456042893,3.0,0.1999999999999999,1.0
310,0.2,1.2,0.6,0.8,3.0,1.4,1.2,2.4,7.0,7.0,1474.1682568309009,1544.0764184766522,-69.9081616457513,0.0,-1.0,0.0
311,2.4,0.8,3.2,0.6,1.0,1.4,1.8,1.4,7.0,7.0,1561.576600530238,1471.9209458486223,89.65565468161549,3.0,1.6,0.0
312,0.6,2.4,0.8,2.4,2.6,0.8,0.0,1.2,7.0,6.0,1396.9888055782749,1463.3017796926238,-66.31297411434912,0.0,-1.7999999999999998,1.0
313,1.2,2.0,0.8,1.2,1.6,1.0,2.6,0.8,9.0,7.0,1483.5913340145255,1509.0771892724922,-25.48585525796648,0.0,-0.8,2.0
314,1.2,0.6,1.0,0.6,1.6,2.4,2.6,1.0,7.0,7.0,1517.542590715974,1432.8790135208562,84.6635771951178,1.0,0.6,0.0
315,2.6,1.4,1.8,1.6,0.4,2.0,3.0,1.4,9.0,3.0,1643.7389246524565,1538.3372669909934,105.40165766146288,3.0,1.2000000000000002,6.0
316,2.4,0.6,3.0,0.4,1.0,1.6,1.6,1.8,11.0,4.0,1593.016541076973,1533.7913159451027,59.22522513187028,3.0,1.7999999999999998,7.0
317,1.2,1.4,1.0,1.2,1.2,1.4,1.8,0.8,11.0,3.0,1423.9011490472983,1500.0673313220595,-76.16618227476101,,-0.1999999999999999,8.0
318,2.2,1.4,1.8,0.6,0.6,1.0,2.0,1.8,10.0,4.0,1637.068877404467,1485.9803714313066,151.0885059731604,3.0,0.8000000000000003,6.0
319,1.2,1.6,0.8,1.4,1.6,0.6,3.0,1.6,3.0,10.0,1492.6011919649584,1490.9286627730175,1.6725291919408392,1.0,-0.4000000000000001,-7.0
320,0.8,0.8,0.8,0.8,1.8,2.2,1.2,1.0,4.0,5.0,1436.8177373681551,1484.4533593624503,-47.63562199429498,1.0,0.0,-1.0
321,1.2,1.4,1.2,1.4,1.6,2.0,1.8,0.8,3.0,4.0,1547.0942520515596,1532.7681276042165,14.326124447343318,0.0,-0.1999999999999999,-1.0
322,2.4,2.4,2.2,2.8,0.8,0.6,1.4,1.8,7.0,7.0,1473.1200976855605,1547.517174947554,-74.39707726199345,0.0,0.0,0.0
323,1.6,0.6,1.4,1.0,1.2,1.8,2.2,1.2,3.0,14.0,1499.602366700674,1458.7026428607437,40.89972383993063,0.0,1.0,-11.0
324,2.2,0.6,2.2,0.6,0.6,2.4,2.0,1.4,3.0,7.0,1641.644793999999,1387.170487585338,254.474306414661,3.0,1.6,-4.0
325,0.8,1.8,1.2,1.0,1.6,1.4,0.8,1.2,7.0,3.0,1395.3887072008667,1500.8445255250858,-105.45581832421908,1.0,-1.0,4.0
326,1.4,0.8,0.6,0.6,1.2,2.2,0.2,1.0,4.0,3.0,1481.404454835775,1474.8090846089835,6.595370226791147,1.0,0.5999999999999999,1.0
327,1.4,1.8,1.2,1.8,1.4,1.0,1.2,1.2,3.0,14.0,1446.462012121622,1510.5011894617685,-64.03917734014613,1.0,-0.4000000000000001,-11.0
328,1.8,1.4,2.6,1.2,1.8,1.6,1.4,0.2,4.0,7.0,1579.713604970516,1513.603866868675,66.10973810184123,0.0,0.4000000000000001,-3.0
329,2.6,1.4,2.4,1.2,0.4,1.2,3.0,0.0,5.0,4.0,1649.3080640392334,1424.366113668684,224.94195037054945,3.0,1.2000000000000002,1.0
330,1.4,2.0,1.2,1.8,0.6,1.4,1.0,1.2,5.0,14.0,1482.68532921289,1453.2931040502556,29.39222516263453,0.0,-0.6000000000000001,-9.0
331,0.8,1.8,1.0,2.2,2.2,1.6,2.2,2.6,5.0,4.0,1524.875357227565,1586.2353045267714,-61.3599472992064,1.0,-1.0,1.0
332,0.2,0.8,0.4,1.0,1.8,1.6,0.8,0.2,7.0,7.0,1461.5277894956787,1386.6896166758909,74.83817281978781,3.0,-0.6000000000000001,0.0
333,2.2,2.2,1.8,2.4,0.8,0.6,0.8,2.2,5.0,7.0,1455.8107085219222,1644.456929012165,-188.6462204902425,0.0,0.0,-2.0
334,2.4,2.6,1.6,2.4,1.2,0.4,3.0,2.6,7.0,6.0,1509.5436160500617,1652.55666399661,-143.01304794654834,0.0,-0.2000000000000001,1.0
335,1.0,1.0,0.8,0.8,2.2,0.6,1.2,1.4,6.0,5.0,1476.7027193166616,1480.1677247412235,-3.465005424561923,1.0,0.0,1.0
336,0.6,2.0,0.8,1.4,2.6,1.0,0.0,1.0,7.0,6.0,1384.3583525731722,1456.57826375342,-72.21991118024789,1.0,-1.4,1.0
337,1.2,1.6,1.0,1.0,1.2,1.2,1.8,1.2,6.0,6.0,1500.3849378299703,1479.5108201280966,20.87411770187373,3.0,-0.4000000000000001,0.0
338,0.8,1.4,1.0,2.2,1.6,1.8,1.4,2.6,7.0,3.0,1421.1175137113073,1586.1961622969443,-165.07864858563698,1.0,-0.5999999999999999,4.0
339,2.0,1.2,2.4,1.0,0.6,1.0,1.8,1.0,8.0,8.0,1547.1030307716155,1496.777220065739,50.32581070587685,3.0,0.8,0.0
340,0.8,1.2,0.8,1.6,1.6,1.8,2.2,1.8,7.0,8.0,1507.0821673124196,1554.9870224282108,-47.90485511579118,0.0,-0.3999999999999999,-1.0
341,0.8,2.0,1.0,1.8,2.2,0.8,1.8,1.8,4.0,9.0,1524.914499457392,1473.534241861499,51.380257595893454,3.0,-1.2,-5.0
342,2.0,0.8,1.6,0.8,1.0,2.4,1.6,0.6,5.0,7.0,1466.6345378106373,1465.0897226423565,1.5448151682808202,0.0,1.2,-2.0
343,2.0,1.4,1.6,1.6,1.2,2.0,0.4,0.6,7.0,5.0,1491.797413887646,1531.8142035082535,-40.01678962060737,0.0,0.6000000000000001,2.0
344,2.0,0.8,1.2,0.6,0.8,1.4,1.8,1.4,7.0,7.0,1466.226691395893,1467.8306177108532,-1.6039263149598355,,1.2,0.0
345,1.4,0.6,2.0,0.8,1.2,1.8,1.8,0.6,6.0,7.0,1573.2607166831554,1488.0983440704208,85.16237261273454,1.0,0.7999999999999999,-1.0
346,1.4,0.0,1.2,0.6,0.8,2.8,1.2,0.8,7.0,7.0,1491.780721415529,1374.709924930699,117.07079648482976,3.0,1.4,0.0
347,2.6,2.0,2.2,2.4,0.4,0.6,3.0,2.0,7.0,6.0,1660.2118084743445,1554.0301928588951,106.18161561544936,1.0,0.6000000000000001,1.0
348,1.8,1.6,2.0,1.4,1.4,1.4,1.8,1.4,7.0,8.0,1565.335008116608,1449.3530184523447,115.9819896642632,3.0,0.1999999999999999,-1.0
349,1.0,1.4,1.0,1.0,1.4,1.2,2.2,0.0,7.0,7.0,1489.8500579784595,1434.0529593250965,55.797098653363264,1.0,-0.3999999999999999,0.0
350,2.6,2.4,3.2,1.4,0.6,0.4,2.0,1.2,8.0,8.0,1650.914619081742,1501.8884715723273,149.02614750941484,3.0,0.2000000000000001,0.0
351,0.8,0.8,0.8,0.8,1.6,1.4,0.6,0.2,8.0,7.0,1380.3867884607164,1496.7341816240223,-116.34739316330617,0.0,0.0,1.0
352,1.4,2.2,1.2,2.0,1.4,0.6,1.2,2.6,3.0,3.0,1479.4957413484478,1655.7629241294612,-176.2671827810134,0.0,-0.8000000000000003,0.0
353,1.0,1.0,1.0,1.2,1.4,1.6,0.8,2.0,3.0,4.0,1444.025287293966,1569.3098704128147,-125.2845831188488,0.0,0.0,-1.0
354,0.4,0.6,0.8,0.8,1.6,2.4,2.0,0.2,3.0,3.0,1476.6353116030089,1371.9945255593698,104.64078604363908,3.0,-0.1999999999999999,0.0
355,0.0,2.0,0.6,1.0,2.6,0.8,0.0,0.6,4.0,3.0,1369.4066550567768,1447.267705700547,-77.86105064377011,3.0,-2.0,1.0
356,0.8,2.6,0.8,3.8,1.6,0.6,1.2,2.6,4.0,3.0,1492.0491903407617,1655.5325660033393,-163.48337566257783,0.0,-1.8,1.0
357,1.6,2.4,1.6,2.2,0.6,1.2,2.4,1.8,5.0,4.0,1558.4790772037784,1570.6627392749867,-12.183662071208346,0.0,-0.7999999999999998,1.0
358,1.4,1.4,1.2,0.8,1.4,0.8,1.2,1.8,5.0,8.0,1472.7226142689142,1497.0839912894508,-24.361377020536565,3.0,0.0,-3.0
359,1.6,2.0,0.8,1.4,0.8,0.8,2.0,1.8,4.0,8.0,1446.7540757337915,1474.8814340718393,-28.12735833804777,0.0,-0.3999999999999999,-4.0
360,0.8,2.0,0.8,2.0,1.8,1.0,0.8,1.8,4.0,8.0,1435.8825215353663,1501.2228842574768,-65.34036272211051,1.0,-1.2,-4.0
361,1.6,2.0,1.4,1.4,0.6,1.0,2.4,1.0,3.0,8.0,1567.1114363343208,1454.561567758299,112.54986857602216,0.0,-0.3999999999999999,-5.0
362,0.2,1.0,0.6,1.2,2.0,1.2,0.2,0.4,4.0,4.0,1369.9202850235322,1482.2220682484035,-112.30178322487131,0.0,-0.8,0.0
363,0.8,3.0,1.2,4.4,1.2,0.4,2.0,2.6,7.0,4.0,1505.1264445253692,1662.6391358914825,-157.51269136611313,0.0,-2.2,3.0
364,0.2,0.0,0.6,0.4,2.4,3.0,1.2,0.2,4.0,4.0,1484.9426204526185,1366.4077689139751,118.53485153864337,1.0,0.2,0.0
365,1.8,2.4,1.2,2.2,1.4,1.6,2.4,1.2,8.0,4.0,1497.27052465073,1562.0303801444445,-64.75985549371421,0.0,-0.5999999999999999,4.0
366,0.8,2.6,0.8,2.0,1.8,0.4,0.6,2.6,10.0,7.0,1456.8428263811545,1662.5360512089949,-205.6932248278404,0.0,-1.8,3.0
367,1.6,1.8,1.4,1.2,0.8,1.0,0.8,0.8,4.0,4.0,1471.700434813829,1449.1562614178374,22.544173395991493,3.0,-0.1999999999999999,0.0
368,1.6,1.4,1.4,2.0,0.8,1.2,1.4,1.0,8.0,4.0,1577.4526361714145,1490.727970956116,86.72466521529827,3.0,0.2000000000000001,4.0
369,1.4,1.6,1.0,0.8,1.2,0.6,2.0,1.4,4.0,4.0,1435.8392721470502,1498.106170744536,-62.266898597485806,0.0,-0.2000000000000001,0.0
370,1.8,2.0,1.4,1.6,1.6,1.2,1.8,0.8,6.0,3.0,1551.8933890611047,1445.9045178076651,105.98887125343958,0.0,-0.1999999999999999,3.0
371,2.0,0.4,1.6,0.4,1.2,2.0,2.0,1.4,7.0,7.0,1485.7962376585806,1436.0362174263564,49.76002023222418,1.0,1.6,0.0
372,1.6,1.0,2.0,1.6,1.2,1.2,1.0,0.6,7.0,7.0,1501.0691883664867,1507.8616404921463,-6.792452125659793,1.0,0.6000000000000001,0.0
373,1.4,1.8,1.0,1.2,1.2,1.2,1.8,0.6,3.0,6.0,1451.4883596346483,1507.4075157340696,-55.91915609942134,0.0,-0.4000000000000001,-3.0
374,1.2,0.2,1.4,0.6,1.0,2.6,1.0,0.6,3.0,7.0,1573.4639099448766,1361.4143823158197,212.0495276290569,3.0,1.0,-4.0
375,1.6,0.8,1.2,1.0,1.0,2.4,1.8,0.0,3.0,14.0,1488.0409250839211,1522.3887331384228,-34.347808054501684,0.0,0.8,-11.0
376,1.4,0.2,2.2,0.8,1.4,2.2,2.0,0.4,3.0,5.0,1494.7166971826537,1450.8065590657145,43.91013811693915,1.0,1.2,-2.0
377,2.6,0.4,1.6,0.8,0.6,2.4,2.6,0.8,5.0,7.0,1668.5723185244349,1480.2131120354773,188.3592064889576,3.0,2.2,-2.0
378,2.6,1.6,4.2,1.6,0.8,1.0,2.6,1.4,7.0,3.0,1659.903939924705,1469.368336597018,190.53560332768689,3.0,1.0,4.0
379,0.2,2.2,0.2,1.6,2.6,0.4,0.6,1.6,7.0,7.0,1371.1372773311164,1572.516742674782,-201.37946534366571,0.0,-2.0,0.0
380,2.0,1.8,1.4,1.8,1.0,1.6,2.2,1.2,14.0,14.0,1497.3039343495157,1557.4489554245206,-60.14502107500493,2.0,0.1999999999999999,0.0
381,,1.0,,1.6,,1.6,,0.8,,14.0,1500.0,1465.5442351400404,34.45576485995957,,,
382,1.4,1.6,1.6,1.6,2.2,1.0,2.0,2.0,14.0,14.0,1440.3489514442492,1576.9195345435353,-136.57058309928607,2.0,-0.2000000000000001,0.0
383,,2.6,,1.8,,0.8,,2.6,,14.0,1500.0,1672.4353190600732,-172.4353190600732,,,
384,0.8,0.4,0.8,1.0,2.2,2.8,1.0,0.8,14.0,14.0,1449.0943008711768,1476.350111499839,-27.25581062866217,2.0,0.4,0.0
385,1.8,,1.4,,1.4,,2.4,,14.0,,1517.5249664621283,1500.0,17.524966462128305,,,
386,2.6,0.2,2.6,1.0,0.4,2.6,2.4,0.4,14.0,14.0,1578.6581751276135,1443.7112400413369,134.94693508627688,0.5,2.4,0.0
387,2.0,1.4,2.8,1.4,1.0,1.4,2.0,1.8,14.0,14.0,1501.812016207031,1472.7381542137605,29.073861993271063,3.0,0.6000000000000001,0.0
388,0.8,2.2,1.0,2.6,1.8,0.8,2.2,2.0,14.0,14.0,1513.1257238728283,1509.5496130212864,3.5761108515421256,1.5,-1.4,0.0
389,0.8,2.6,1.6,3.8,1.6,1.0,1.6,2.2,14.0,14.0,1499.3812158373469,1663.7280413816825,-164.34682554433562,0.5,-1.8,0.0
390,1.8,2.2,1.8,3.0,1.4,1.0,1.8,1.0,8.0,6.0,1567.4447813826946,1499.302996146056,68.1417852366385,3.0,-0.4000000000000001,2.0
391,0.4,0.8,1.0,1.2,1.8,2.2,1.0,0.8,7.0,7.0,1458.197833875503,1432.5178284624242,25.68000541307879,3.0,-0.4,0.0
392,1.4,0.8,1.8,1.0,1.8,1.6,2.0,0.0,6.0,6.0,1475.2471742747357,1501.31601027166,-26.068835996924463,0.0,0.5999999999999999,0.0
393,2.6,1.8,2.6,1.2,0.6,1.4,1.6,1.2,6.0,7.0,1521.359326622455,1525.3299279012035,-3.970601278748745,0.5,0.8,-1.0
394,2.6,,3.4,,1.0,,2.6,,6.0,7.0,1670.81185619514,1507.3464012645377,163.46545493060262,,,-1.0
395,0.0,1.4,0.8,1.2,3.0,1.6,0.6,2.0,7.0,7.0,1438.7991890207622,1458.1546278131734,-19.355438792411174,2.0,-1.4,0.0
396,0.4,,1.2,,2.6,,0.8,,7.0,7.0,1467.2897845578425,1503.1277183209943,-35.83793376315202,,,0.0
397,2.2,2.6,1.8,2.8,0.8,0.4,1.6,2.2,8.0,8.0,1584.7506575253603,1583.5702261481883,1.180431377171999,3.0,-0.3999999999999999,0.0
398,,0.8,,1.6,,1.8,,0.6,8.0,7.0,1492.1950385609246,1492.2974010238893,-0.1023624629647201,,,1.0
399,2.2,1.4,2.0,1.0,1.2,1.2,2.6,0.8,9.0,10.0,1669.307600739079,1487.3081083913416,181.9994923477373,3.0,0.8000000000000003,-1.0
400,,1.8,,2.2,,1.6,,1.8,7.0,7.0,1503.0170459813223,1573.9151749755945,-70.89812899427193,,,0.0
401,1.0,1.0,1.0,1.2,1.4,1.6,2.0,0.8,5.0,7.0,1493.329717874586,1465.7805694984413,27.549148376144785,0.5,0.0,-2.0
402,0.6,,1.4,,2.6,,1.4,,7.0,6.0,1424.9350928394858,1500.487925212014,-75.5528323725282,,,1.0
403,,2.0,,2.6,,1.2,,2.0,7.0,7.0,1503.8220395194178,1484.273650001543,19.54838951787474,,,0.0
404,1.6,0.2,2.8,1.0,1.8,3.0,1.6,0.2,7.0,7.0,1492.8326025531564,1437.634652040893,55.19795051226356,2.0,1.4,0.0
405,2.6,0.4,3.0,0.8,0.6,2.2,2.4,0.2,6.0,7.0,1585.3131625422025,1466.5954633594188,118.71769918278368,1.5,2.2,-1.0
406,1.6,2.2,1.4,1.8,1.6,0.8,1.0,2.0,8.0,7.0,1459.3191647930428,1583.0077211313462,-123.68855633830344,0.0,-0.6000000000000001,1.0
407,2.0,2.6,1.2,3.2,1.2,1.0,2.4,2.6,8.0,8.0,1526.9287476528984,1675.1412114783552,-148.21246382545678,0.0,-0.6000000000000001,0.0
408,0.8,2.2,1.4,2.0,1.6,0.6,1.0,2.0,7.0,8.0,1484.0045143727998,1519.7605068707603,-35.755992497960506,0.5,-1.4,-1.0
409,0.6,2.2,0.8,2.0,2.2,1.2,1.6,2.2,9.0,7.0,1492.2895345448524,1663.2859912558345,-170.9964567109821,0.0,-1.6,2.0
410,2.4,1.6666666666666667,2.8,1.6666666666666667,1.0,1.3333333333333333,2.4,,7.0,7.0,1583.60160444351,1511.571639617676,72.02996482583399,,0.7333333333333332,0.0
411,1.4,0.8,2.4,1.2,1.8,2.2,2.0,0.8,7.0,7.0,1476.5240499032848,1425.3824405696037,51.14160933368112,3.0,0.5999999999999999,0.0
412,2.2,2.2,1.6,2.0,0.6,1.0,1.8,1.6,6.0,6.0,1530.457175120198,1471.1320086565306,59.3251664636673,1.0,0.0,0.0
413,1.6,1.0,1.2,2.0,1.4,2.0,1.8,1.0,6.0,7.0,1571.1948772678584,1479.6333274217102,91.56154984614818,2.0,0.6000000000000001,-1.0
414,1.6,1.0,1.8,0.6666666666666666,1.4,2.333333333333333,2.2,,5.0,7.0,1650.1956836124716,1493.3306165134063,156.86506709906507,,0.6000000000000001,-2.0
415,2.2,1.4,2.8,1.4,1.4,1.4,3.0,1.0,6.0,7.0,1672.6554380964606,1500.861865036259,171.79357306020165,0.5,0.8000000000000003,-1.0
416,0.8,0.6,1.4,0.6,2.6,2.4,0.8,0.0,7.0,5.0,1450.8339271723391,1505.3798421882152,-54.54591501587606,1.0,0.2,2.0
417,0.8,0.2,1.2,0.6,2.0,2.0,1.6,0.6,8.0,7.0,1458.2484223367685,1473.3078461233622,-15.059423786593698,0.0,0.6000000000000001,1.0
418,1.3333333333333333,2.6,0.6666666666666666,2.6,1.0,0.6,,1.8,8.0,8.0,1500.0405774818962,1590.5795695552442,-90.53899207334804,,-1.2666666666666668,0.0
419,0.4,2.2,0.6,1.8,1.4,0.8,1.0,1.4,8.0,7.0,1461.329056346377,1529.414521034793,-68.0854646884161,1.5,-1.8000000000000005,1.0
420,1.4,1.0,1.4,2.0,1.6,1.6,2.0,1.4,3.0,3.0,1496.6929218639907,1473.429963902301,23.26295796168938,1.0,0.3999999999999999,0.0
421,1.25,2.6,1.5,1.6,1.5,0.4,,2.0,3.0,3.0,1505.198825332497,1537.1516765276945,-31.952851195197358,,-1.35,0.0
422,2.0,0.4,1.8,0.8,1.0,2.0,1.4,1.0,3.0,3.0,1464.437507249034,1428.476526570587,35.96098067844696,0.5,1.6,0.0
423,0.8,2.0,1.2,1.4,2.4,1.4,0.8,1.4,3.0,3.0,1440.6769588813197,1577.0897375664772,-136.4127786851575,0.0,-1.2,0.0
424,3.0,0.6,3.2,1.0,0.8,2.0,3.0,0.8,4.0,3.0,1589.974418728689,1446.9620945488143,143.01232417987467,3.0,2.4,1.0
425,0.75,0.4,0.5,0.6,4.0,1.4,,0.2,4.0,3.0,1488.870987641345,1461.561732724491,27.30925491685366,,0.35,1.0
426,1.6,1.8,3.2,1.6,1.2,1.0,2.2,1.6,4.0,3.0,1654.6553124845332,1529.1818446566788,125.4734678278544,3.0,-0.1999999999999999,1.0
427,2.6,1.0,3.2,0.5,1.4,1.25,3.0,,4.0,3.0,1676.8243812687288,1490.917303599115,185.90707766961373,,1.6,1.0
428,0.6,2.6,0.4,2.8,1.6,0.6,0.4,1.8,3.0,3.0,1484.5941739113164,1599.7028434380254,-115.10866952670904,1.5,-2.0,0.0
429,0.8,1.2,2.0,0.8,2.2,1.6,1.4,0.6,5.0,5.0,1473.7384671230914,1515.5368104792346,-41.79834335614328,2.0,-0.3999999999999999,0.0
430,0.6,2.6,0.8,3.8,1.8,1.0,1.0,2.2,3.0,3.0,1442.220050812296,1680.731568799455,-238.51151798715927,0.0,-2.0,0.0
431,1.2,1.6,2.0,1.6,1.4,1.0,1.6,1.0,4.0,4.0,1475.7816157700363,1461.7436820853363,14.037933684700192,0.5,-0.4000000000000001,0.0
432,1.4,0.8,1.2,0.4,1.6,1.2,1.8,1.2,4.0,3.0,1564.9251892947657,1486.1671594789357,78.75802981583001,1.5,0.5999999999999999,1.0
433,0.6,1.6,0.8,3.0,1.2,1.2,1.4,2.0,4.0,3.0,1431.1703517342848,1659.77223703969,-228.6018853054052,0.0,-1.0,1.0
434,1.2,1.0,1.4,1.4,1.2,1.8,2.0,1.0,3.0,4.0,1524.064920101522,1494.3412699962555,29.72365010526641,2.0,0.1999999999999999,-1.0
435,0.8,0.8,0.4,0.4,2.2,3.2,,,3.0,3.0,1487.0101160683885,1486.4096200797555,0.6004959886329289,,0.0,0.0
436,2.2,1.6,2.0,1.6,0.8,1.4,3.0,,3.0,4.0,1598.129857870406,1514.393312504846,83.73654536556023,,0.6000000000000001,-1.0
437,0.6,1.4,0.4,1.4,0.8,1.8,0.6,0.8,3.0,4.0,1464.0231002860808,1452.8415071530312,11.181593133049546,3.0,-0.7999999999999999,-1.0
438,2.0,0.2,1.2,1.2,0.6,2.2,2.2,0.8,5.0,3.0,1527.9571893553457,1463.2150600860348,64.74212926931091,2.0,1.8,2.0
439,1.8,3.0,1.0,2.6,1.4,0.8,2.0,1.8,3.0,4.0,1526.0602175162912,1594.716462465207,-68.65624494891608,1.5,-1.2,-1.0
440,0.8,1.4,1.0,1.2,1.6,1.2,1.2,0.6,13.0,13.0,1446.9490378430137,1444.862085879109,2.0869519639045397,1.5,-0.5999999999999999,0.0
441,0.8,1.4,0.8,1.4,2.4,1.4,1.0,0.3333333333333333,13.0,13.0,1475.283369181039,1508.3094699119183,-33.026100730879534,,-0.5999999999999999,0.0
442,0.8,0.8,1.0,0.6,1.2,3.6,1.6,1.0,14.0,14.0,1521.5383832258178,1498.136366967105,23.40201625871282,,0.0,0.0
443,2.2,0.0,1.6,1.2,0.8,2.8,3.0,0.8,14.0,13.0,1604.2137004633337,1456.6587126790266,147.55498778430683,3.0,2.2,1.0
444,1.2,2.2,0.4,3.6,0.4,1.2,1.2,1.8,14.0,14.0,1472.002521560003,1676.002581768738,-204.0000602087348,0.0,-1.0000000000000002,0.0
445,1.6,2.4,2.6,2.4,1.4,1.4,2.0,1.2,14.0,14.0,1483.6823140039614,1584.4673672470265,-100.78505324306502,1.5,-0.7999999999999998,0.0
446,0.8,0.8,0.8,0.6,1.0,1.2,1.0,1.2,14.0,14.0,1435.6749358226316,1479.9613233203106,-44.286387497679016,0.0,0.0,0.0
447,2.4,2.6,2.2,2.4,1.0,0.8,3.0,1.8,13.0,14.0,1593.2988416076682,1608.861793894214,-15.562952286545624,1.5,-0.2000000000000001,-1.0
448,1.0,1.0,0.8,1.8,3.0,2.0,1.3333333333333333,1.0,14.0,13.0,1500.491799553842,1474.8508396433197,25.64095991052227,,0.0,1.0
449,1.2,1.4,1.4,1.4,1.4,1.8,2.0,1.2,14.0,14.0,1496.8678068719596,1571.1310254533907,-74.26321858143115,0.0,-0.1999999999999999,0.0
450,1.8,0.8,2.0,1.2,1.8,1.4,2.333333333333333,1.0,14.0,14.0,1519.084285027966,1519.182950639081,-0.0986656111149386,,1.0,0.0
451,1.6,2.0,2.6,1.8,0.8,0.8,2.2,2.0,14.0,14.0,1655.2676529513433,1534.513536762354,120.75411618898944,2.0,-0.3999999999999999,0.0
452,1.2,1.4,0.8,0.8,1.0,0.6,0.8,0.6,14.0,13.0,1436.63030985316,1445.2229698251235,-8.592659971963485,1.5,-0.1999999999999999,1.0
453,0.8,1.0,0.6,0.4,1.2,1.0,0.4,0.4,13.0,14.0,1470.413289317819,1465.9250984349,4.488190882918616,1.5,-0.1999999999999999,-1.0
454,1.0,0.8,1.6,0.8,1.8,1.4,1.6,0.6,14.0,14.0,1453.8429838514114,1455.1808138689623,-1.337830017550914,0.5,0.1999999999999999,0.0
455,2.2,2.4,3.4,1.4,1.2,1.2,3.0,1.2,14.0,14.0,1682.0800048938409,1536.309312734472,145.77069215936876,3.0,-0.1999999999999997,0.0
456,0.0,0.2,1.2,1.0,3.2,3.0,1.4,0.3333333333333333,14.0,14.0,1452.0106192481462,1464.5085540649916,-12.497934816845373,,-0.2,0.0
457,1.2,0.6,0.8,1.8,2.4,2.8,1.25,0.2,7.0,5.0,1498.0755933587493,1460.6518557805011,37.423737578248165,,0.6,2.0
458,2.0,2.0,2.4,2.4,1.4,1.4,2.6,1.6,7.0,7.0,1539.2924828796924,1600.1338661214932,-60.84138324180071,1.5,0.0,0.0
459,1.8,1.0,1.4,0.4,1.6,1.2,2.2,0.2,7.0,7.0,1580.720727493082,1457.7601919315794,122.96053556150264,1.0,0.8,0.0
460,2.6,0.6,4.0,0.6,1.2,1.2,3.0,0.6,6.0,7.0,1686.764845263676,1425.161391641418,261.60345362225803,1.0,2.0,-1.0
461,1.2,1.2,1.4,1.4,1.0,1.4,1.8,1.2,7.0,7.0,1530.8901672908912,1477.2670458384123,53.62312145247893,2.0,0.0,0.0
462,2.4,1.6,2.2,3.0,1.2,1.2,3.0,1.6,8.0,8.0,1602.026769380389,1650.4887068340047,-48.46193745361575,0.0,0.7999999999999998,0.0
463,1.0,1.0,1.4,1.2,1.6,1.4,1.4,0.8,8.0,7.0,1487.2781048322684,1452.170414650268,35.1076901820004,0.5,0.0,1.0
464,1.8,2.4,1.0,2.0,0.6,1.6,1.6,1.2,8.0,7.0,1456.6918880368655,1531.6244723646369,-74.93258432777134,2.0,-0.5999999999999999,1.0
465,1.4,1.2,1.0,1.6,0.8,2.2,1.0,1.0,8.0,8.0,1478.5781958211394,1507.3770683761556,-28.79887255501626,,0.1999999999999999,0.0
466,0.0,1.0,0.8,0.6,3.6,0.8,0.75,0.2,7.0,8.0,1455.867317532637,1456.8533830701058,-0.9860655374691304,,-1.0,-1.0
467,1.0,1.4,1.4,2.0,2.2,1.6,1.4,1.6,6.0,6.0,1470.4255743416977,1529.3166997887274,-58.89112544702971,0.0,-0.3999999999999999,0.0
468,1.2,1.8,1.6,1.2,2.4,0.8,1.75,1.0,6.0,7.0,1498.2727026117443,1505.3427663103032,-7.07006369855867,,-0.6000000000000001,-1.0
469,0.6,1.0,1.8,1.2,2.8,1.6,1.4,0.6,7.0,6.0,1453.3846828289472,1494.6070721564029,-41.22238932745563,2.0,-0.4,1.0
470,2.0,1.6,2.2,1.0,1.4,0.8,3.0,1.0,7.0,6.0,1610.1096492124582,1447.121417914951,162.98823129750713,2.0,0.3999999999999999,1.0
471,0.8,0.2,0.2,1.0,1.6,3.4,1.2,0.25,7.0,5.0,1452.587991307287,1454.1849086398363,-1.5969173325493102,,0.6000000000000001,2.0
472,1.2,2.4,0.8,2.0,0.8,1.0,1.6,1.8,6.0,8.0,1458.5357919629062,1585.8929281173744,-127.3571361544682,0.0,-1.2,-2.0
473,0.4,2.4,0.8,2.4,1.8,1.4,1.8,1.8,7.0,7.0,1444.8414473261334,1611.694799274101,-166.8533519479672,0.0,-2.0,0.0
474,1.6,2.6,3.2,4.0,1.4,0.8,2.2,1.8,7.0,8.0,1640.820676940293,1689.47925594984,-48.65857900954711,1.0,-1.0,-1.0
475,2.4,1.6,2.0,2.2,1.6,1.0,2.0,1.6,7.0,8.0,1541.194942486551,1537.7316387876058,3.4633036989455377,2.0,0.7999999999999998,-1.0
476,0.6,1.4,0.6,1.4,1.8,1.0,0.8,0.6,8.0,7.0,1422.446980955254,1487.6825615855505,-65.23558063029645,2.0,-0.7999999999999999,1.0
477,0.8,0.2,1.8,1.0,2.0,2.4,2.0,0.2,4.0,3.0,1519.3486156555552,1445.850228418131,73.49838723742414,,0.6000000000000001,1.0
478,1.2,1.2,0.8,0.4,0.8,1.6,1.4,0.2,3.0,3.0,1495.1470096192345,1460.9226715289922,34.2243380902421,3.0,0.0,0.0
479,1.8,0.2,1.6,0.4,1.2,1.8,1.6,0.6,4.0,3.0,1506.854534910745,1422.5976616737487,84.25687323699663,,1.6,1.0
480,1.4,2.4,1.6,2.0,2.0,0.8,2.0,1.8,5.0,3.0,1480.39365847487,1593.9781630427124,-113.58450456784249,1.5,-1.0,2.0
481,1.6,1.4,1.6,1.4,1.4,1.0,2.2,0.8,3.0,3.0,1650.4943605012352,1487.531880867056,162.96247963417932,1.5,0.2000000000000001,0.0
482,2.0,2.4,1.8,2.4,1.6,1.2,2.0,1.6,3.0,4.0,1539.3883695842442,1614.448330505423,-75.0599609211788,3.0,-0.3999999999999999,-1.0
483,1.8,1.4,2.0,0.8,0.6,1.0,1.8,1.0,3.0,4.0,1539.538211689913,1442.7827366219865,96.75547506792668,1.5,0.4000000000000001,-1.0
484,0.8,1.2,1.6,0.6,2.6,0.8,1.6,0.4,5.0,4.0,1496.7609340113024,1450.4505570375682,46.310376973734265,,-0.3999999999999999,1.0
485,0.8,0.4,1.8,0.8,2.6,1.8,1.0,0.8,5.0,4.0,1452.8447453661158,1437.823501229345,15.021244136770749,2.0,0.4,1.0
486,2.6,2.0,1.8,2.0,0.4,1.6,2.6,1.8,3.0,3.0,1592.4479902941616,1549.8215588336284,42.62643146053324,1.0,0.6000000000000001,0.0
487,1.2,1.6,0.8,1.0,1.2,0.8,1.0,0.6,3.0,4.0,1437.0114093469908,1502.4996039354814,-65.48819458849061,1.5,-0.4000000000000001,-1.0
488,2.0,1.0,2.8,1.6,1.0,1.6,3.0,1.4,6.0,4.0,1679.805572388898,1515.684782277249,164.12079011164883,3.0,1.0,2.0
489,0.4,1.6,0.6,1.4,1.8,1.2,0.8,1.0,4.0,3.0,1449.514061796437,1654.8335454516791,-205.3194836552418,,-1.2000000000000002,1.0
490,1.0,1.0,0.4,0.6,1.2,1.6,1.4,0.6,3.0,4.0,1443.4183659870691,1481.9238312234206,-38.50546523635148,0.5,0.0,-1.0
491,0.2,1.4,0.6,2.0,2.0,2.2,1.6,0.8,3.0,3.0,1429.9498415221772,1503.7931250618014,-73.84328353962428,,-1.2,0.0
492,0.8,2.4,0.6,2.2,1.6,1.2,1.0,2.4,4.0,7.0,1436.5264910798862,1618.712745370889,-182.1862542910028,1.5,-1.6,-3.0
493,1.8,2.2,2.0,2.2,1.4,0.6,3.0,1.2,4.0,4.0,1604.0151412560388,1545.3095389649084,58.70560229113039,3.0,-0.4000000000000001,0.0
494,0.6,1.4,0.4,1.8,2.0,1.6,1.6,0.0,5.0,3.0,1453.570077212745,1460.7184050732835,-7.148327860538757,1.5,-0.7999999999999999,2.0
495,1.4,1.2,1.2,1.0,0.8,1.0,1.4,1.0,5.0,5.0,1483.192695916612,1492.9257055046078,-9.733009587995866,,0.1999999999999999,0.0
496,1.0,1.2,0.8,1.0,1.2,1.4,1.0,1.4,5.0,6.0,1484.362494646043,1590.7255360703205,-106.36304142427753,,-0.1999999999999999,-1.0
497,1.0,0.6,0.6,0.4,1.8,2.2,1.6,0.2,6.0,6.0,1472.5417055753614,1442.0605098284266,30.481195746934876,1.5,0.4,0.0
498,0.4,2.2,0.8,1.6,1.8,0.4,1.6,1.4,7.0,7.0,1511.3682100440644,1589.5771761885926,-78.20896614452818,1.0,-1.8000000000000005,0.0
499,1.4,1.0,1.0,0.8,1.4,1.6,2.0,1.2,7.0,6.0,1492.3416541345405,1439.9051399422387,52.43651419230173,2.0,0.3999999999999999,1.0
500,1.4,1.2,2.0,1.2,2.2,1.2,2.0,1.0,6.0,7.0,1513.3948940488374,1447.1693591479318,66.22553490090559,,0.1999999999999999,-1.0
501,2.0,2.4,2.2,3.2,0.4,1.0,1.4,1.6,6.0,7.0,1472.2279724576022,1684.1221446220825,-211.89417216448032,0.0,-0.3999999999999999,-1.0
502,1.4,0.2,1.4,0.6,1.4,1.6,2.6,0.2,7.0,6.0,1640.8788836943763,1420.3480725351412,220.5308111592351,3.0,1.2,1.0
503,2.6,1.0,2.4,1.0,0.6,1.2,1.8,0.4,6.0,6.0,1558.599144150627,1452.8004916351283,105.79865251549836,1.5,1.6,0.0
504,2.6,1.0,2.2,0.4,0.8,1.2,3.0,0.4,7.0,8.0,1615.3340965085365,1463.46872355374,151.86537295479638,,1.6,-1.0
505,1.6,2.0,1.6,1.6,1.6,0.6,2.0,0.8,8.0,6.0,1552.6923729391974,1491.7559067751768,60.93646616402066,3.0,-0.3999999999999999,2.0
506,0.8,1.4,0.8,1.4,1.0,0.6,1.6,0.6,7.0,7.0,1450.6505889184211,1466.341069302943,-15.690480384521834,2.0,-0.5999999999999999,0.0
507,0.6,0.8,1.0,1.2,1.8,1.8,1.0,1.0,7.0,7.0,1437.0297876280208,1475.6890654154763,-38.65927778745549,,-0.2,0.0
508,2.4,1.6,2.8,1.8,1.0,1.4,3.0,1.2,7.0,7.0,1690.0090477767417,1509.913664278348,180.09538349839363,,0.7999999999999998,0.0
509,1.0,1.0,0.4,0.8,1.4,2.0,0.8,0.4,6.0,7.0,1458.9085693712093,1469.9947678829,-11.086198511690554,,0.0,-1.0
510,0.8,0.8,0.6,1.0,2.0,1.4,1.4,0.8,7.0,7.0,1444.6074475208882,1521.8918268888726,-77.28437936798446,1.5,0.0,0.0
511,0.8,2.2,1.0,1.2,2.0,0.4,1.4,2.0,8.0,7.0,1447.240530730906,1559.3456282314453,-112.1050975005394,2.0,-1.4,1.0
512,1.6,2.6,1.4,2.6,1.0,0.8,2.2,2.0,8.0,7.0,1579.0535593437844,1619.894250691067,-40.84069134728293,1.5,-1.0,1.0
513,1.0,2.6,0.6,2.4,1.4,0.4,1.0,1.6,8.0,8.0,1433.0328892967784,1564.159105054849,-131.12621575807066,0.5,-1.6,0.0
514,1.8,1.2,1.4,1.0,1.2,1.2,2.4,0.4,8.0,8.0,1599.398965300887,1624.1971686014967,-24.798203300609657,1.0,0.6000000000000001,0.0
515,1.4,2.0,1.2,1.0,0.8,1.0,2.0,0.6,7.0,8.0,1485.1026514829289,1499.2139047800008,-14.111253297071926,2.0,-0.6000000000000001,-1.0
516,0.2,0.8,1.4,0.6,2.4,1.0,1.0,1.0,7.0,7.0,1466.3025294671863,1439.3821280176005,26.92040144958605,,-0.6000000000000001,0.0
517,1.8,1.0,1.0,0.8,0.8,1.4,2.0,0.6,6.0,6.0,1635.2069049607246,1425.0519391589714,210.1549658017532,3.0,0.8,0.0
518,2.4,1.2,2.0,1.0,0.6,1.4,3.0,0.6,7.0,7.0,1694.0224862142888,1471.3933919783526,222.62909423593624,3.0,1.2,0.0
519,2.6,1.0,2.2,0.8,0.4,1.2,2.2,1.4,6.0,6.0,1572.140055192656,1568.5026684123084,3.637386780347697,0.0,1.6,0.0
520,1.0,2.0,0.6,1.0,1.6,1.0,1.0,1.0,7.0,6.0,1457.5099452757563,1510.5270620634278,-53.01711678767128,,-1.0,1.0
521,1.2,1.2,1.4,1.6,1.6,2.0,1.8,0.6,6.0,7.0,1588.3892289416592,1446.4163235763108,141.97290536534842,3.0,0.0,-1.0
522,0.8,2.0,0.8,1.6,1.0,0.2,2.0,1.2,6.0,7.0,1473.789494199502,1477.6095302037638,-3.820036004261965,2.0,-1.2,-1.0
523,0.8,2.6,1.0,2.2,2.0,0.6,1.2,2.0,7.0,6.0,1435.104521945876,1630.4451416225434,-195.3406196766673,0.0,-1.8,1.0
524,1.4,1.2,1.6,1.4,1.6,2.0,2.0,0.4,8.0,7.0,1531.3947524638847,1458.7290928589823,72.66565960490243,0.0,0.1999999999999999,1.0
525,1.6,1.6,1.8,1.0,1.2,0.8,1.6,1.4,8.0,7.0,1505.9002258408009,1547.8570661033689,-41.956840262568,,0.0,1.0
526,2.6,0.6,2.0,0.6,0.2,1.2,3.0,0.2,14.0,14.0,1636.735491700303,1462.1864519006638,174.54903979963933,3.0,2.0,0.0
527,1.8,1.8,1.8,1.4,1.8,1.0,2.0,0.8,14.0,14.0,1472.3721575746524,1638.693816255908,-166.3216586812557,0.0,0.0,0.0
528,1.2,1.2,1.0,1.8,1.6,2.2,1.6,1.4,14.0,14.0,1488.1084029055953,1593.1529527436198,-105.04454983802452,0.5,0.0,0.0
529,1.8,1.4,1.0,1.6,1.2,1.2,2.0,1.2,14.0,14.0,1500.7280185406669,1495.3813683221636,5.3466502185031,,0.4000000000000001,0.0
530,0.8,0.2,0.6,0.8,1.2,2.4,1.4,0.4,14.0,14.0,1431.8329786384552,1428.8141718681163,3.0188067703388697,0.0,0.6000000000000001,0.0
531,2.4,3.0,2.0,2.4,0.2,0.4,1.4,2.0,14.0,14.0,1489.212572502602,1580.3286357440284,-91.11606324142645,1.5,-0.6000000000000001,0.0
532,0.8,1.4,0.8,1.8,1.8,1.6,1.0,0.8,14.0,14.0,1421.565027863788,1517.7516877482146,-96.18665988442672,1.0,-0.5999999999999999,0.0
533,0.4,0.6,0.4,1.6,1.4,2.0,2.0,1.0,14.0,14.0,1560.314087860936,1473.8516788463314,86.46240901460465,,-0.1999999999999999,0.0
534,2.0,1.6,1.4,0.8,1.0,1.4,2.6,0.2,14.0,14.0,1558.3759236220062,1467.3089887985177,91.06693482348852,,0.3999999999999999,0.0
535,1.2,1.8,2.2,1.4,2.6,1.0,1.0,1.6,14.0,14.0,1441.6525997743502,1677.307475287046,-235.654875512696,0.0,-0.6000000000000001,0.0
536,1.8,1.8,1.8,1.6,1.2,0.8,2.0,1.8,4.0,4.0,1645.7257111960369,1480.1057779800506,165.6199332159863,1.5,0.0,0.0
537,0.6,1.2,0.8,1.4,1.6,2.0,1.8,1.0,4.0,4.0,1458.0696094710368,1489.3976736648929,-31.328064193856108,0.0,-0.6,0.0
538,0.6,1.2,1.6,0.6,2.2,1.6,1.4,1.0,4.0,5.0,1467.8340557583465,1488.869059541612,-21.03500378326544,,-0.6,-1.0
539,1.8,2.6,2.4,2.4,1.8,0.4,1.4,2.6,5.0,5.0,1526.7139018646665,1640.85233412993,-114.13843226526365,2.0,-0.8,0.0
540,1.4,0.2,1.6,0.8,1.2,2.4,1.0,0.6,5.0,5.0,1507.2403273212185,1412.602813747336,94.6375135738822,,1.2,0.0
541,2.4,0.8,2.0,0.8,1.0,1.4,2.4,0.8,3.0,5.0,1682.6425694585023,1420.038784693443,262.60378476505934,3.0,1.6,-2.0
542,3.0,1.2,2.8,2.4,0.4,2.8,2.6,0.6,5.0,3.0,1589.4354302665795,1436.317505602894,153.1179246636857,2.0,1.8,2.0
543,0.8,2.0,1.0,1.6,2.2,1.0,0.6,1.4,5.0,4.0,1440.6083658131286,1564.2826278961777,-123.67426208304914,1.5,-1.2,1.0
544,1.4,0.8,0.8,0.8,2.0,1.4,1.6,1.4,5.0,5.0,1461.4022845243462,1566.331710948921,-104.9294264245748,,0.5999999999999999,0.0
545,1.4,1.8,2.2,2.0,2.2,1.8,1.8,1.0,6.0,6.0,1591.8636819843225,1465.3402626345237,126.5234193497986,3.0,-0.4000000000000001,0.0
546,1.8,2.4,1.8,2.2,1.2,1.2,1.2,1.4,3.0,3.0,1500.221050019469,1650.0131439104591,-149.79209389099017,0.5,-0.5999999999999999,0.0
547,3.0,2.6,3.0,2.4,0.6,0.2,3.0,2.6,3.0,3.0,1649.3065951728508,1583.970251188161,65.33634398468985,1.5,0.3999999999999999,0.0
548,0.4,1.8,0.4,2.6,1.6,2.0,1.2,1.4,3.0,3.0,1427.337854879573,1518.2596408217455,-90.92178594217307,1.5,-1.4,0.0
549,1.2,1.4,1.0,1.4,1.2,1.0,1.4,1.8,4.0,3.0,1475.8183452656283,1513.0618425428231,-37.24349727719482,,-0.1999999999999999,1.0
550,2.4,0.6,1.6,1.6,0.8,2.2,2.6,0.4,3.0,3.0,1572.47018193642,1456.7172314482946,115.7529504881254,,1.7999999999999998,0.0
551,1.8,0.8,1.6,1.0,1.8,1.6,1.8,0.8,3.0,4.0,1480.246318338642,1432.4208117728865,47.82550656575586,0.0,1.0,-1.0
552,1.8,1.4,1.0,2.0,1.0,2.2,1.8,1.4,4.0,3.0,1499.985883851664,1576.9576262802038,-76.97174242853998,1.5,0.4000000000000001,1.0
553,1.4,0.0,2.0,0.4,2.2,2.0,0.8,0.2,4.0,5.0,1441.7826846813127,1447.2462331164606,-5.4635484351479136,1.5,1.4,-1.0
554,0.0,1.0,0.8,0.8,2.6,2.2,0.4,0.2,4.0,3.0,1406.7812985257312,1462.688296704292,-55.9069981785608,,-1.0,1.0
555,0.8,2.0,0.8,1.6,1.4,1.0,2.0,2.0,4.0,5.0,1565.0456987689752,1675.3434992723726,-110.2978005033974,0.0,-1.2,-1.0
556,1.8,0.8,1.6,0.6,1.0,0.8,1.6,1.0,9.0,7.0,1523.715892307187,1556.4833563785803,-32.76746407139353,,1.0,2.0
557,2.0,1.0,1.8,2.0,1.2,2.4,1.4,0.8,9.0,9.0,1477.2387931347355,1440.2257655098072,37.01302762492833,1.6666666666666667,1.0,0.0
558,2.2,0.6,2.2,1.2,1.2,2.2,1.8,0.2,12.0,11.0,1512.7494310229995,1451.384345526036,61.3650854969635,1.0,1.6,1.0
559,1.8,2.4,2.6,2.2,2.0,1.4,0.8,1.2,11.0,12.0,1527.3719827590749,1637.4847629069286,-110.11278014785375,0.6666666666666666,-0.5999999999999999,-1.0
560,0.2,0.0,0.6,0.8,2.4,2.6,0.6,0.6,11.0,10.0,1418.2255129422435,1396.663497912997,21.562015029246595,2.0,0.2,1.0
561,2.4,2.0,2.0,1.6,0.8,1.0,2.6,2.4,11.0,9.0,1577.8030678586786,1683.9058416627672,-106.10277380408866,0.0,0.3999999999999999,2.0
562,1.6,1.2,1.0,1.0,1.2,1.2,1.8,1.8,10.0,11.0,1472.8060973170263,1465.1642955012644,7.641801815761937,0.0,0.4000000000000001,-1.0
563,0.8,0.2,1.0,0.8,1.6,2.2,0.6,0.4,10.0,10.0,1435.428336976793,1448.8031522879662,-13.37481531117328,1.0,0.6000000000000001,0.0
564,0.8,1.2,0.8,0.8,1.0,1.8,1.4,1.4,3.0,11.0,1547.265570537789,1490.4739816966603,56.79158884112872,3.0,-0.3999999999999999,-8.0
565,2.2,2.4,1.6,1.8,0.2,0.8,2.6,1.8,12.0,3.0,1587.4289695816342,1532.9336781479783,54.49529143365567,3.0,-0.1999999999999997,9.0
566,1.4,2.6,2.2,2.0,1.8,0.6,1.2,2.6,11.0,12.0,1586.4695284352074,1645.8478767793777,-59.37834834417026,1.0,-1.2000000000000002,-1.0
567,0.6,3.0,0.4,2.2,1.8,0.4,1.8,2.0,3.0,4.0,1483.7143699892094,1589.1222786215135,-105.40790863230428,1.5,-2.4,-1.0
568,1.4,1.4,1.4,2.0,1.2,1.8,2.0,2.0,5.0,4.0,1672.586630899932,1576.4516358813546,96.13499501857746,0.0,0.0,1.0
569,0.6,2.0,0.6,1.0,1.8,0.8,1.2,0.8,7.0,7.0,1444.7420405713249,1480.883440540216,-36.14139996889139,3.0,-1.4,0.0
570,0.8,2.2,0.6,1.0,1.8,0.0,1.4,2.2,3.0,6.0,1485.013923825047,1594.2478603179688,-109.23393649292188,0.6666666666666666,-1.4,-3.0
571,0.6,1.8,0.6,2.6,1.6,1.6,0.8,1.8,7.0,7.0,1457.0869522780747,1538.8044247227087,-81.71747244463404,0.3333333333333333,-1.2000000000000002,0.0
572,1.8,1.4,1.8,1.0,1.8,0.8,2.4,0.4,7.0,6.0,1626.0523209432947,1554.02518224524,72.02713869805484,1.0,0.4000000000000001,1.0
573,0.6,2.0,1.0,1.6,2.0,1.2,0.4,1.4,7.0,8.0,1408.9688472261375,1484.5169079521395,-75.54806072600195,1.0,-1.4,-1.0
574,0.2,0.2,0.6,0.8,2.0,2.4,1.2,0.4,7.0,7.0,1440.137134626093,1405.920163629103,34.216970996990085,2.0,0.0,0.0
575,2.6,2.6,2.2,2.0,0.6,0.4,2.6,1.6,7.0,4.0,1655.8657693332304,1587.8227247856762,68.04304454755425,1.0,0.0,3.0
576,0.4,2.6,1.4,2.2,2.2,0.8,0.8,1.4,9.0,8.0,1432.9476506924032,1519.3917359777108,-86.44408528530766,1.3333333333333333,-2.2,1.0
577,2.0,1.4,2.0,0.8,1.2,1.0,2.0,1.0,3.0,8.0,1678.3726346328635,1444.094354638666,234.27827999419745,3.0,0.6000000000000001,-5.0
578,2.4,0.8,1.6,1.6,0.6,2.0,2.0,1.4,8.0,4.0,1526.114787411644,1570.6656321484231,-44.55084473677925,0.0,1.6,4.0
579,1.0,1.8,0.6,1.0,0.8,0.8,1.4,1.8,13.0,11.0,1557.6522973191625,1515.6704178165585,41.981879502604215,0.0,-0.8,2.0
580,2.0,0.2,1.4,0.6,1.0,2.0,2.0,1.8,14.0,14.0,1494.06969728629,1457.7112185411709,36.3584787451191,2.0,1.8,0.0
581,2.2,0.6,1.8,0.8,0.6,1.6,1.8,1.2,13.0,14.0,1518.6320803660817,1399.416057891987,119.21602247409464,1.5,1.6,-1.0
582,2.0,0.2,2.8,0.2,1.6,2.0,1.4,0.0,14.0,14.0,1538.1801584596126,1444.0564122501405,94.12374620947207,,1.8,0.0
583,0.2,2.6,0.8,2.4,2.2,1.0,0.6,2.6,14.0,13.0,1398.5673721312676,1662.3386511031374,-263.77127897186983,1.5,-2.4,1.0
584,2.0,1.0,1.8,0.6,1.0,1.2,3.0,1.2,13.0,14.0,1581.3498430157692,1486.4215807359546,94.9282622798146,1.3333333333333333,1.0,-1.0
585,1.8,0.8,0.8,1.0,0.0,1.6,2.6,0.2,14.0,14.0,1592.8402034070612,1447.4899261239284,145.35027728313275,0.5,1.0,0.0
586,1.4,1.4,0.8,1.2,1.2,1.6,0.6,1.2,13.0,14.0,1440.9893492537108,1622.425205869372,-181.43585661566132,0.0,0.0,-1.0
587,1.6,0.6,1.0,0.8,1.0,1.4,2.2,0.8,14.0,14.0,1481.5690688614002,1433.7073063040325,47.86176255736791,,1.0,0.0
588,1.2,2.0,1.4,2.0,1.6,1.0,0.6,1.8,13.0,14.0,1581.1100017435087,1681.4776400178189,-100.36763827431014,2.0,-0.8,-1.0
589,2.0,0.6,2.0,0.6,1.2,1.0,3.0,0.8,4.0,3.0,1587.164453337031,1426.7157806198936,160.4486727171377,3.0,1.4,1.0
590,2.0,2.6,1.8,2.0,1.0,0.2,2.6,1.6,7.0,7.0,1647.0649076688635,1523.8873658392874,123.17754182957606,2.0,-0.6000000000000001,0.0
591,0.2,1.4,0.2,0.4,1.8,0.2,0.8,2.2,7.0,7.0,1438.2226839208558,1587.5337313665862,-149.3110474457303,1.0,-1.2,0.0
592,0.4,2.0,0.4,2.4,1.6,1.4,1.0,2.0,7.0,7.0,1480.6069704146926,1544.0138867888973,-63.40691637420469,1.0,-1.6,0.0
593,1.4,2.2,0.6,1.2,0.6,0.4,1.4,1.0,8.0,6.0,1518.524200125904,1488.5605945455388,29.963605580365083,3.0,-0.8000000000000003,2.0
594,0.8,1.8,1.4,1.6,1.8,1.2,0.8,2.0,7.0,6.0,1470.4156511129677,1592.2666756038814,-121.85102449091391,0.0,-1.0,1.0
595,0.6,1.4,0.6,1.0,1.6,1.0,0.2,1.0,7.0,7.0,1394.160772418781,1454.348851483066,-60.18807906428469,0.0,-0.7999999999999999,0.0
596,1.0,1.0,1.0,0.4,1.2,0.6,1.2,0.4,7.0,8.0,1452.7963981644034,1554.7985150098168,-102.0021168454134,1.0,0.0,-1.0
597,0.6,1.6,1.0,1.8,1.4,1.6,1.0,1.4,4.0,4.0,1432.327226598036,1581.5530073588889,-149.2257807608528,0.3333333333333333,-1.0,0.0
598,1.8,2.0,1.8,1.6,1.0,1.2,2.0,1.8,7.0,8.0,1670.3209661574465,1481.3652647144934,188.9557014429529,2.333333333333333,-0.1999999999999999,-1.0
599,0.8,0.8,0.6,0.8,2.0,1.8,2.0,0.4,9.0,9.0,1609.0657036400169,1413.8411155655417,195.22458807447535,2.333333333333333,0.0,0.0
600,1.6,1.8,1.2,2.2,0.8,1.2,2.2,1.8,4.0,3.0,1642.232319577513,1674.1732755963951,-31.94095601888239,0.0,-0.1999999999999999,1.0
601,1.4,1.4,1.4,1.4,1.8,1.4,1.4,2.4,6.0,3.0,1477.5129552755443,1631.4264666015797,-153.9135113260354,0.0,0.0,3.0
602,2.2,0.6,1.8,0.6,0.4,1.0,2.2,1.2,7.0,7.0,1528.719953930638,1480.7050262075472,48.01492772309075,1.0,1.6,0.0
603,2.2,1.4,2.2,0.8,0.8,0.6,1.8,1.4,7.0,7.0,1543.9158309960426,1525.9911987725518,17.92463222349079,0.0,0.8000000000000003,0.0
604,1.2,0.6,0.6,0.6,0.6,1.6,1.4,0.6,7.0,7.0,1553.5954520592695,1384.166185768874,169.42926629039562,2.0,0.6,0.0
605,0.6,0.4,0.6,0.6,2.0,1.4,0.6,0.4,5.0,6.0,1410.099802864964,1424.8403435214557,-14.740540656491476,1.6666666666666667,0.1999999999999999,-1.0
606,1.4,0.8,0.6,0.6,0.4,1.8,2.2,1.2,7.0,5.0,1585.018315412101,1612.8070163405944,-27.788700928493427,0.0,0.5999999999999999,2.0
607,2.0,2.4,1.0,2.6,0.6,1.0,2.2,1.8,7.0,3.0,1481.093595898891,1684.9791285723286,-203.88553267343764,0.0,-0.3999999999999999,4.0
608,2.0,0.4,1.4,0.4,1.0,1.6,1.2,0.0,7.0,7.0,1464.3434381329732,1440.738099875341,23.605338257632184,1.0,1.6,0.0
609,1.6,1.4,1.8,2.0,1.4,1.6,2.6,1.8,7.0,8.0,1589.0398904354695,1482.1772960736114,106.8625943618581,1.3333333333333333,0.2000000000000001,-1.0
610,1.2,1.2,1.0,1.2,2.0,1.0,1.2,0.4,8.0,8.0,1580.5050306432374,1453.9994611149505,126.50556952828696,1.3333333333333333,0.0,0.0
611,1.4,1.8,0.6,1.2,0.4,1.0,1.8,1.6,6.0,6.0,1538.1971836183943,1451.9824789080512,86.21470471034331,1.0,-0.4000000000000001,0.0
612,1.0,2.0,0.6,2.0,1.0,0.8,1.0,1.4,7.0,7.0,1453.099059100263,1681.0593412262865,-227.96028212602343,0.0,-1.0,0.0
613,0.8,1.4,0.8,0.8,1.0,1.2,0.6,1.2,7.0,7.0,1483.7175094343145,1623.7314848340827,-140.01397539976824,0.3333333333333333,-0.5999999999999999,0.0
614,1.2,1.2,0.6,1.6,1.2,2.4,1.2,1.8,7.0,7.0,1418.8044498168074,1470.1520397026006,-51.34758988579324,0.0,0.0,0.0
615,0.4,1.2,0.4,0.8,1.2,1.4,1.0,1.2,7.0,7.0,1416.135696569612,1399.9521520594396,16.183544510172396,0.6666666666666666,-0.7999999999999999,0.0
616,1.4,1.4,2.0,1.8,2.0,1.8,0.8,2.4,6.0,7.0,1476.6418874733265,1638.7873821745234,-162.1454947011971,0.0,0.0,-1.0
617,1.0,1.6,0.8,1.0,1.0,0.8,0.8,0.8,6.0,7.0,1448.905126708733,1485.013383244933,-36.10825653620009,0.0,-0.6000000000000001,-1.0
618,1.8,1.2,1.4,0.4,1.6,0.4,1.8,0.6,7.0,8.0,1585.599365049455,1537.8094857687042,47.78987928075071,0.3333333333333333,0.6000000000000001,-1.0
619,1.4,1.2,1.4,0.4,1.4,1.2,1.6,0.4,4.0,4.0,1645.9292747454483,1408.5554649055862,237.3738098398624,1.0,0.1999999999999999,0.0
620,1.6,1.4,0.8,1.2,0.6,1.2,2.0,1.6,4.0,5.0,1621.468366784968,1455.9588553055246,165.5095114794433,2.0,0.2000000000000001,-1.0
621,2.0,1.0,2.2,0.8,1.2,1.4,1.6,0.6,3.0,7.0,1648.9878275444937,1447.5889112811617,201.39891626333224,3.0,1.0,-4.0
622,1.2,0.8,1.6,0.6,2.2,0.8,0.8,0.8,7.0,7.0,1480.4010246138218,1485.980627483429,-5.57960286960747,1.3333333333333333,0.3999999999999999,0.0
623,1.6,1.6,1.4,1.6,0.8,0.8,1.2,0.4,14.0,7.0,1531.7098461501998,1458.2185489334483,73.49129721675149,2.333333333333333,0.0,7.0
624,0.6,0.8,0.2,0.6,0.8,1.2,1.4,0.4,6.0,7.0,1530.8160782609468,1423.977437956263,106.83864030468384,2.0,-0.2,-1.0
625,2.0,1.2,2.2,0.6,1.0,0.8,2.0,1.8,7.0,14.0,1686.569489045388,1574.0938469186126,112.47564212677548,2.333333333333333,0.8,-7.0
626,0.6,1.4,0.4,2.0,1.4,1.8,0.0,1.2,7.0,7.0,1392.1104106727887,1469.499994902401,-77.38958422961241,1.3333333333333333,-0.7999999999999999,0.0
627,1.4,2.4,1.2,1.4,1.0,0.8,1.2,1.4,3.0,6.0,1451.669281162575,1592.5927725572124,-140.92349139463727,1.0,-1.0,-3.0
628,2.0,2.0,1.2,2.2,0.6,1.2,2.6,2.0,4.0,14.0,1625.7579409279174,1594.5752990357546,31.182641892162792,2.0,0.0,-10.0
629,1.0,1.2,0.6,0.4,1.6,1.6,2.2,0.2,8.0,4.0,1475.6999610202176,1405.496912106541,70.20304891367664,1.0,-0.1999999999999999,4.0
630,1.8,1.6,1.4,0.8,0.4,0.4,2.2,2.0,14.0,10.0,1525.7074707038707,1534.2208072209212,-8.513336517050448,0.0,0.1999999999999999,4.0
631,0.8,2.6,1.0,2.6,1.8,0.0,1.0,0.8,7.0,6.0,1443.954498149198,1633.1921333754551,-189.23763522625745,0.0,-1.8,1.0
632,0.6,2.6,0.6,2.6,1.0,0.8,0.8,1.4,7.0,7.0,1477.5342871395562,1691.9764809384492,-214.44219379889296,1.3333333333333333,-2.0,0.0
633,0.8,1.8,0.6,1.6,2.0,0.8,1.2,1.8,6.0,5.0,1409.078346167444,1534.2363187177143,-125.15797255027042,0.3333333333333333,-1.0,1.0
634,0.8,1.6,0.6,1.6,1.2,0.8,1.0,2.2,7.0,7.0,1418.441477311582,1538.0461894470957,-119.60471213551364,0.6666666666666666,-0.8,0.0
635,1.2,1.0,1.6,0.4,1.6,0.8,0.8,0.6,7.0,7.0,1458.9998999654129,1536.3520389056278,-77.3521389402149,0.3333333333333333,0.1999999999999999,0.0
636,1.8,1.0,1.2,0.8,1.0,1.8,1.8,0.8,7.0,6.0,1580.3048320541227,1472.1185269593147,108.18630509480796,3.0,0.8,1.0
637,1.6,2.4,1.2,2.6,0.8,1.4,2.0,2.4,6.0,8.0,1525.6919592070776,1652.6222406764573,-126.93028146937968,0.0,-0.7999999999999998,-2.0
638,2.0,1.2,1.8,0.6,2.0,1.2,2.6,1.2,7.0,8.0,1587.1411065882166,1402.610505609777,184.53060097843968,1.6666666666666667,0.8,-1.0
639,0.6,1.4,0.4,0.8,1.2,1.0,1.6,1.0,8.0,8.0,1568.6868550255515,1463.9572216656647,104.72963335988676,1.3333333333333333,-0.7999999999999999,0.0
640,1.0,1.2,1.2,1.6,1.6,2.2,1.4,2.4,8.0,8.0,1451.8822056365525,1488.847364957695,-36.96515932114244,3.0,-0.1999999999999999,0.0
641,1.6,0.6,1.6,0.4,0.8,0.8,1.8,0.8,4.0,4.0,1536.3472626440057,1471.7081306166838,64.6391320273217,1.0,1.0,0.0
642,1.4,1.6,0.6,1.6,0.6,1.0,0.6,1.6,3.0,4.0,1408.6783469553302,1522.3826031612116,-113.7042562058814,1.0,-0.2000000000000001,-1.0
643,0.4,1.0,0.8,0.8,2.4,1.4,1.8,1.2,6.0,5.0,1466.6135716651097,1574.2715527367372,-107.65798107162776,0.0,-0.6,1.0
644,1.4,1.4,1.4,1.2,1.6,1.6,1.4,0.6,6.0,7.0,1489.5093912423165,1457.5116854295309,31.9977058127854,0.0,0.0,-1.0
645,1.6,0.6,1.4,1.0,1.0,1.8,2.6,0.6,3.0,7.0,1530.8490645638094,1449.4989198299747,81.35014473383467,0.3333333333333333,1.0,-4.0
646,1.4,1.4,1.0,0.8,1.0,1.6,1.4,0.4,7.0,7.0,1545.853019041066,1420.9320617239466,124.92095731711925,1.3333333333333333,0.0,0.0
647,1.4,1.8,0.4,1.6,0.6,1.2,0.6,1.2,3.0,7.0,1400.2118855527324,1585.809787348328,-185.5979017955956,1.3333333333333333,-0.4000000000000001,-4.0
648,0.8,0.8,0.6,0.6,1.2,1.2,1.8,0.2,6.0,7.0,1458.372523954479,1420.1404041146725,38.23211983980673,0.3333333333333333,0.0,-1.0
649,3.0,0.4,3.0,0.2,0.8,0.8,2.0,0.2,7.0,4.0,1660.7193138063658,1465.1491699963658,195.57014381,1.3333333333333333,2.6,3.0
650,3.0,1.4,3.0,1.4,0.6,1.2,2.0,0.8,13.0,14.0,1664.4545803015758,1432.8947468874585,231.5598334141173,3.0,1.6,-1.0
651,1.2,1.4,1.0,1.2,2.0,1.4,1.0,1.4,14.0,14.0,1450.0993947636323,1517.5948860771691,-67.49549131353683,1.0,-0.1999999999999999,0.0
652,1.6,1.6,1.6,1.4,0.8,1.0,2.4,1.6,14.0,14.0,1542.9062232643234,1526.9912153083676,15.915007955955843,2.0,0.0,0.0
653,1.4,2.0,1.2,1.8,1.2,1.0,1.6,2.0,14.0,14.0,1540.9820636612908,1496.9216819082149,44.06038175307594,3.0,-0.6000000000000001,0.0
654,0.2,0.2,0.2,0.4,1.4,1.8,0.8,0.8,13.0,14.0,1461.4139035011558,1453.3567690854163,8.057134415739256,0.6666666666666666,0.0,-1.0
655,2.6,2.0,2.2,2.2,0.6,0.2,2.6,0.8,14.0,14.0,1697.8026374613216,1619.6349460951224,78.16769136619928,0.6666666666666666,0.6000000000000001,0.0
656,0.4,0.8,1.0,1.0,2.4,1.8,1.6,0.8,14.0,14.0,1457.9767396317434,1445.6181811816928,12.358558450050625,0.0,-0.4,0.0
657,1.4,1.6,1.0,1.4,1.4,1.8,1.6,1.4,14.0,14.0,1582.908384770103,1581.0732652426634,1.8351195274399288,0.6666666666666666,-0.2000000000000001,0.0
658,1.0,1.0,1.2,0.8,1.6,1.2,1.6,1.4,14.0,14.0,1451.2201793519312,1403.6772298755247,47.54294947640642,0.6666666666666666,0.0,0.0
659,1.0,2.0,1.0,2.0,2.0,1.0,1.8,0.8,14.0,14.0,1425.8030171037217,1582.3444430255356,-156.54142592181393,0.3333333333333333,-1.0,0.0
660,1.2,1.6,1.2,2.0,2.2,1.2,1.6,1.8,3.0,3.0,1460.3150988818677,1540.7553349544748,-80.44023607260738,0.0,-0.4000000000000001,0.0
661,1.4,1.4,1.2,2.0,1.4,1.0,1.0,0.8,3.0,3.0,1528.0734236773676,1613.4145552749835,-85.34113159761614,1.0,0.0,0.0
662,1.4,0.4,1.6,1.0,1.8,2.4,1.2,0.8,3.0,3.0,1429.748474083086,1455.9236905301707,-26.17521644708472,0.0,1.0,0.0
663,0.2,2.6,0.6,1.8,1.6,0.2,0.8,2.0,3.0,3.0,1445.29093554327,1509.830321892138,-64.53938634886799,1.3333333333333333,-2.4,0.0
664,1.4,1.6,1.0,1.8,1.8,1.4,2.2,1.2,3.0,4.0,1572.8344666248463,1529.1421036182162,43.6923630066301,2.0,-0.2000000000000001,-1.0
665,1.4,1.8,1.2,1.2,1.4,1.2,2.2,1.2,3.0,3.0,1458.2200529880547,1591.1471833879204,-132.92713039986575,1.6666666666666667,-0.4000000000000001,0.0
666,2.6,0.4,1.8,1.2,0.4,2.0,1.8,0.2,4.0,4.0,1519.6996752843258,1446.8941818564772,72.80549342784866,1.0,2.2,0.0
667,1.0,2.4,1.2,2.2,1.2,1.0,2.2,1.6,3.0,3.0,1522.0410443258909,1599.078464527566,-77.03742020167533,0.3333333333333333,-1.4,0.0
668,0.8,1.4,1.0,1.4,1.8,2.0,1.4,0.4,7.0,3.0,1507.379181958934,1450.2887718484092,57.09041011052477,0.0,-0.5999999999999999,4.0
669,0.2,1.2,0.8,1.0,1.8,1.8,0.8,0.6,4.0,4.0,1435.4215821510822,1450.9027383504158,-15.481156199333554,0.0,-1.0,0.0
670,1.4,1.2,0.8,1.2,1.8,1.8,2.2,0.4,3.0,5.0,1579.9355259171718,1428.5123294963869,151.4231964207852,1.3333333333333333,0.1999999999999999,-2.0
671,1.0,2.6,0.8,2.4,1.2,0.6,0.8,2.0,6.0,7.0,1396.6773562394012,1704.0230282814605,-307.34567204205905,0.6666666666666666,-1.6,-1.0
672,1.6,2.2,1.8,2.4,1.2,1.0,2.4,1.8,5.0,4.0,1579.6351306328706,1550.1676954859263,29.467435146944126,2.0,-0.6000000000000001,1.0
673,0.8,1.6,1.0,1.2,1.8,1.0,1.8,1.0,7.0,4.0,1447.6712302832657,1528.801509418969,-81.13027913570386,0.6666666666666666,-0.8,3.0
674,1.4,0.6,1.8,0.6,2.0,1.6,1.6,0.2,5.0,8.0,1438.7779827567797,1469.4797370433023,-30.701754286522828,1.3333333333333333,0.7999999999999999,-3.0
675,1.4,3.0,2.0,3.6,1.0,0.8,2.6,2.4,5.0,8.0,1612.686469533382,1667.6008531059483,-54.91438357256629,2.0,-1.6,-3.0
676,2.6,3.0,2.0,2.6,0.4,0.8,1.8,2.0,7.0,7.0,1526.0531205000395,1608.5884808453054,-82.53536034526587,1.0,-0.3999999999999999,0.0
677,1.0,1.6,1.0,1.8,1.2,1.4,1.0,1.2,7.0,7.0,1518.1940798344476,1542.6873273574502,-24.493247523002537,0.6666666666666666,-0.6000000000000001,0.0
678,1.2,0.2,1.2,0.8,1.4,2.0,2.0,0.8,7.0,7.0,1423.943208370635,1494.131098136098,-70.18788976546307,1.0,1.0,0.0
679,3.0,0.2,3.0,0.8,0.6,1.8,3.0,0.8,7.0,7.0,1707.904246315432,1424.147193808781,283.75705250665123,3.0,2.8,0.0
680,0.4,1.2,0.8,1.6,2.0,1.6,0.8,0.8,7.0,6.0,1392.7961382054295,1480.3210151581698,-87.52487695274021,0.3333333333333333,-0.7999999999999999,1.0
681,1.6,1.8,1.8,0.8,1.4,1.2,3.0,1.2,7.0,7.0,1587.115498761347,1462.1771266927174,124.93837206862965,3.0,-0.1999999999999999,0.0
682,1.4,1.0,1.2,1.4,1.4,1.4,1.8,1.0,7.0,7.0,1458.2786598677872,1512.5310280081512,-54.25236814036407,1.3333333333333333,0.3999999999999999,0.0
683,0.2,1.4,0.8,0.6,2.0,1.8,1.2,0.8,8.0,8.0,1440.5407366407635,1584.5046470429236,-143.96391040216008,0.0,-1.2,0.0
684,1.4,2.6,0.8,3.2,2.0,1.2,1.6,2.0,8.0,7.0,1463.5368556712451,1667.7472184599253,-204.2103627886802,0.0,-1.2000000000000002,1.0
685,1.4,1.0,2.0,2.0,2.8,1.4,1.4,1.0,8.0,8.0,1427.936704641912,1612.540104179405,-184.60339953749303,1.0,0.3999999999999999,0.0
686,2.2,0.2,3.0,0.8,1.2,2.4,2.4,0.8,5.0,6.0,1663.8195211572604,1383.5867145799862,280.23280657727423,1.3333333333333333,2.0,-1.0
687,0.4,3.0,1.0,2.4,1.8,0.2,1.6,2.0,7.0,7.0,1502.6964430616413,1536.7008322403526,-34.004389178711335,1.3333333333333333,-2.6,0.0
688,1.8,1.0,2.0,1.0,1.4,1.6,1.2,0.4,7.0,7.0,1489.5304387836131,1414.236355393961,75.29408338965209,1.0,0.8,0.0
689,0.6,1.2,1.2,1.8,2.0,3.6,0.8,0.8,7.0,5.0,1503.837951112772,1421.3768373036182,82.46111380915363,3.0,-0.6,2.0
690,0.2,1.4,0.8,1.4,1.8,1.4,0.6,1.0,7.0,7.0,1421.7183101007931,1468.113244814297,-46.39493471350397,2.0,-1.2,0.0
691,1.0,0.2,1.8,0.6,1.6,1.8,2.2,0.0,5.0,6.0,1619.0999715176988,1432.9114387442446,186.1885327734542,0.0,0.8,-1.0
692,1.8,1.6,1.2,1.2,1.6,1.6,1.4,0.8,8.0,7.0,1477.0484643755117,1467.46455297391,9.583911401601426,0.0,0.1999999999999999,1.0
693,2.4,1.6,2.2,2.2,1.2,1.8,2.0,1.0,8.0,8.0,1597.9407691049923,1572.244161078553,25.696608026439435,1.0,0.7999999999999998,0.0
694,2.6,1.2,2.0,1.2,0.4,1.6,2.4,1.4,3.0,3.0,1537.4476529576812,1509.9529182502863,27.49473470739485,0.0,1.4,0.0
695,0.6,0.6,1.2,1.0,3.6,1.8,1.4,0.2,3.0,3.0,1415.2618701661038,1431.326924872621,-16.06505470651723,0.3333333333333333,0.0,0.0
696,1.4,2.0,1.4,2.0,1.4,1.2,1.8,1.2,3.0,3.0,1458.5046300424692,1485.8219440161788,-27.317313973709588,0.0,-0.6000000000000001,0.0
697,0.4,0.4,0.6,1.0,1.4,1.8,1.0,0.8,11.0,4.0,1507.1756564053578,1501.9496223443127,5.226034061045084,1.3333333333333333,0.0,7.0
698,3.0,1.8,2.8,3.0,0.6,1.8,3.0,2.2,11.0,5.0,1710.3331300234197,1656.2920294349226,54.04110058849688,3.0,1.2,6.0
699,0.2,2.0,0.8,1.8,2.0,1.2,0.6,1.6,4.0,11.0,1429.009342372256,1553.70575078654,-124.69640841428397,1.0,-1.8,-7.0
700,2.0,1.6,1.8,2.4,1.4,1.8,1.6,1.0,3.0,4.0,1479.4409834598505,1623.0020678896874,-143.5610844298369,1.0,0.3999999999999999,-1.0
701,0.6,2.4,0.8,3.0,1.6,1.2,1.4,1.8,5.0,4.0,1417.9448501613954,1605.523054793756,-187.57820463236067,1.0,-1.7999999999999998,1.0
702,0.4,1.8,1.4,1.2,2.6,1.8,0.8,1.8,6.0,4.0,1391.114206302324,1465.072033889571,-73.95782758724704,3.0,-1.4,2.0
703,1.0,2.0,1.8,1.0,2.8,0.4,2.4,1.2,4.0,11.0,1564.6618753897892,1592.1339449394425,-27.47206954965327,0.0,-1.0,-7.0
704,0.8,0.6,0.8,1.2,1.2,2.0,1.2,0.0,3.0,3.0,1513.8052294846004,1440.850226395953,72.95500308864712,1.0,0.2,0.0
705,1.4,2.0,1.8,1.4,1.8,0.6,2.0,0.4,3.0,4.0,1541.864866762843,1467.5667115915182,74.29815517132442,2.0,-0.6000000000000001,-1.0
706,2.0,1.4,1.8,1.8,0.8,1.8,1.2,1.4,4.0,3.0,1476.7598624671298,1471.800739920267,4.959122546862773,1.3333333333333333,0.6000000000000001,1.0
707,1.8,0.8,1.0,1.2,1.6,3.0,1.2,0.6,3.0,5.0,1474.6705113056296,1414.0040183602348,60.66649294539479,0.0,1.0,-2.0
708,1.2,3.0,1.2,3.2,1.2,0.8,1.4,2.6,5.0,4.0,1502.4193002637703,1717.163775422233,-214.7444751584621,0.0,-1.8,1.0
709,2.2,1.0,2.6,1.6,1.2,2.6,2.6,0.4,4.0,3.0,1630.6423114292709,1563.7283721631245,66.91393926614637,1.6666666666666667,1.2000000000000002,1.0
710,2.0,2.6,1.4,1.8,0.8,0.4,2.2,2.2,3.0,5.0,1593.0674481661072,1544.981270944197,48.08617722191025,0.3333333333333333,-0.6000000000000001,-2.0
711,2.4,0.2,3.4,0.8,1.4,2.2,2.0,1.0,3.0,3.0,1612.0076568118309,1381.5157288862654,230.4919279255655,2.333333333333333,2.2,0.0
712,0.8,0.4,1.0,0.6,1.6,2.0,0.6,0.6,6.0,4.0,1432.58477667849,1411.4602481433203,21.124528535169475,1.3333333333333333,0.4,2.0
713,1.2,0.2,2.4,0.2,2.4,1.4,2.6,1.0,6.0,6.0,1649.4613840361094,1495.32004926507,154.14133477103928,2.0,1.0,0.0
714,2.6,1.2,3.4,1.2,1.8,1.2,2.6,1.2,3.0,3.0,1637.1436810487066,1496.6003258013914,140.54335524731528,1.0,1.4,0.0
715,3.0,1.4,3.4,2.2,1.0,1.6,3.0,1.2,3.0,4.0,1722.9827498846118,1463.6489281975048,259.33382168710705,2.333333333333333,1.6,-1.0
716,1.8,2.6,2.4,1.6,1.2,0.4,2.0,1.4,5.0,4.0,1548.181121060693,1600.0531004335917,-51.87197937289875,2.0,-0.8,1.0
717,2.4,0.2,1.8,0.4,1.4,1.6,1.8,0.8,6.0,4.0,1481.330668500001,1490.8058531872125,-9.475184687211597,0.0,2.2,2.0
718,3.0,1.4,3.2,1.2,1.4,1.2,2.6,1.4,3.0,7.0,1641.9373333361991,1520.1549442685578,121.7823890676416,1.3333333333333333,1.6,-4.0
719,3.0,0.2,3.2,1.0,0.8,3.6,3.0,0.6,3.0,6.0,1725.7279574393783,1407.3438611658637,318.38409627351507,3.0,2.8,-3.0
720,0.8,2.0,2.0,2.2,3.2,1.2,2.0,1.2,6.0,7.0,1557.2270025436887,1484.911674189892,72.31532835379676,2.0,-1.2,-1.0
721,1.8,2.0,1.2,1.4,1.6,0.4,2.4,1.6,7.0,6.0,1461.250457293668,1537.9956186767124,-76.74516138304443,2.333333333333333,-0.1999999999999999,1.0
722,2.4,1.2,3.0,2.2,1.4,2.4,2.4,1.6,7.0,5.0,1615.170262592908,1653.975580113967,-38.80531752105912,1.3333333333333333,1.2,2.0
723,0.8,2.0,2.0,1.4,2.2,0.6,1.0,0.8,4.0,3.0,1460.903720642738,1590.287001003469,-129.38328036073085,0.0,-1.2,1.0
724,1.8,0.4,2.2,0.8,1.2,2.2,2.6,0.8,4.0,7.0,1557.9472204908157,1413.7536713394493,144.19354915136637,2.0,1.4,-3.0
725,1.2,1.0,1.2,1.2,1.2,1.6,0.8,0.4,5.0,7.0,1491.8066735138989,1430.2913534823613,61.515320031537385,3.0,0.1999999999999999,-2.0
726,0.6,0.2,1.2,1.0,2.0,2.6,1.0,0.4,9.0,8.0,1434.500511611996,1378.3531231051884,56.1473885068076,3.0,0.3999999999999999,1.0
727,1.4,0.8,1.0,1.8,0.6,3.0,3.0,0.4,7.0,7.0,1527.5140270277636,1563.592686129238,-36.07865910147439,1.0,0.5999999999999999,0.0
728,0.6,1.2,1.0,2.0,1.8,2.2,0.4,0.0,7.0,5.0,1502.2499091574864,1441.2767279658403,60.97318119164606,1.0,-0.6,2.0
729,1.4,1.8,1.2,1.8,1.2,2.0,1.6,1.8,7.0,7.0,1478.5459906043427,1469.886612529727,8.659378074615688,3.0,-0.4000000000000001,0.0
730,0.2,1.8,1.0,2.6,3.0,1.6,1.0,2.4,7.0,6.0,1405.3092712219689,1604.560986191502,-199.2517149695332,0.6666666666666666,-1.6,1.0
731,1.4,1.8,1.0,1.2,0.8,1.6,2.6,0.2,6.0,7.0,1578.3161202029576,1471.7320489426168,106.5840712603408,2.0,-0.4000000000000001,-1.0
732,0.2,1.2,1.4,1.6,2.6,1.6,0.2,0.6,5.0,5.0,1371.576906751344,1498.4451424320748,-126.86823568073078,0.0,-1.0,0.0
733,1.6,1.8,2.2,2.2,2.0,1.8,2.6,1.4,7.0,6.0,1664.5848565153728,1542.6647090592544,121.92014745611846,1.3333333333333333,-0.1999999999999999,1.0
734,1.4,1.2,1.0,1.8,1.0,1.8,1.6,1.2,8.0,7.0,1514.95669489007,1472.8746014432495,42.08209344682041,3.0,0.1999999999999999,1.0
735,1.0,3.0,1.8,2.8,2.0,0.8,0.8,2.6,6.0,8.0,1429.0361827710103,1727.7625473832732,-298.7263646122626,0.3333333333333333,-2.0,-2.0
736,1.0,3.0,1.8,2.2,2.4,1.2,0.8,1.4,7.0,9.0,1423.6528845641851,1647.1355827146872,-223.48269815050207,1.0,-2.0,-2.0
737,2.0,1.8,3.0,2.4,1.4,1.6,2.4,1.8,5.0,4.0,1600.7546650514882,1557.4695099013584,43.28515515012987,1.6666666666666667,0.1999999999999999,1.0
738,1.2,1.4,1.2,1.0,2.0,0.8,1.2,0.8,7.0,7.0,1461.837458880891,1583.857949736414,-122.0204908555229,0.0,-0.1999999999999999,0.0
739,1.2,1.4,1.6,1.2,1.4,1.2,1.2,1.2,7.0,7.0,1506.5439367748825,1486.595144253179,19.94879252170381,3.0,-0.1999999999999999,0.0
740,3.0,1.4,2.2,0.8,0.8,0.8,2.6,1.4,5.0,7.0,1652.749219184146,1536.8266013904718,115.92261779367436,3.0,1.6,-2.0
741,1.4,1.4,2.4,1.8,2.2,2.2,1.4,1.6,7.0,6.0,1444.62441102118,1649.7800556732689,-205.1556446520888,0.0,0.0,1.0
742,0.8,2.0,1.6,1.4,2.8,0.6,2.0,0.8,7.0,6.0,1554.28011176653,1522.1002633164676,32.17984845006231,1.6666666666666667,-1.2,1.0
743,1.2,1.0,0.8,1.6,2.0,2.0,2.4,1.2,7.0,6.0,1466.1902194091604,1424.9974029551165,41.19281645404408,3.0,0.1999999999999999,1.0
744,1.8,0.2,2.4,1.4,1.8,2.6,2.0,0.4,3.0,8.0,1550.357711545278,1363.4781124085364,186.8795991367417,1.6666666666666667,1.6,-5.0
745,3.0,0.8,2.8,1.4,0.6,2.0,3.0,1.2,7.0,8.0,1731.8013271991674,1498.9022261021466,232.8991010970208,3.0,2.2,-1.0
746,0.6,0.4,1.0,1.2,2.2,2.2,1.4,0.6,7.0,8.0,1465.7310330168518,1409.1155923619826,56.61544065486919,1.3333333333333333,0.1999999999999999,-1.0
747,2.0,1.0,2.6,1.6,1.4,2.4,2.4,0.4,4.0,7.0,1607.8664634075683,1418.0392480947262,189.82721531284236,2.0,1.0,-3.0
748,1.8,3.0,1.8,2.2,2.0,0.4,2.0,3.0,3.0,3.0,1554.2473287455457,1734.927213749918,-180.6798850043724,0.0,-1.2,0.0
749,1.8,0.8,0.8,1.2,0.4,1.8,2.6,1.2,5.0,4.0,1592.0915789203125,1495.7763395513962,96.31523936891632,1.0,1.0,1.0
750,1.2,1.4,1.2,0.8,1.8,1.8,2.0,0.2,8.0,8.0,1635.8293728238446,1463.3573120482215,172.47206077562282,3.0,-0.1999999999999999,0.0
751,1.4,1.4,0.8,1.8,0.8,2.2,3.0,1.2,8.0,4.0,1541.497534311378,1557.587514005499,-16.089979694120984,3.0,0.0,4.0
752,2.4,2.6,1.8,2.0,0.6,0.4,1.6,2.6,8.0,4.0,1534.6928634236965,1731.5870284899645,-196.894165066268,1.0,-0.2000000000000001,4.0
753,0.8,1.6,1.4,1.8,2.2,1.2,0.4,2.0,3.0,6.0,1489.9946014888806,1601.703193061172,-111.70859157229144,2.0,-0.8,-3.0
754,1.4,2.0,1.6,2.2,1.6,1.6,2.0,0.2,8.0,8.0,1488.8564822016867,1458.5750938706044,30.28138833108233,0.0,-0.6000000000000001,0.0
755,1.0,1.2,1.8,1.2,2.2,1.4,0.8,1.8,8.0,8.0,1427.830310316055,1453.6038296969923,-25.77351938093761,0.0,-0.1999999999999999,0.0
756,0.4,0.8,1.2,1.6,2.4,2.2,1.0,0.4,7.0,8.0,1402.3514423078773,1541.6875116593012,-139.33606935142393,0.0,-0.4,-1.0
757,0.6,1.2,1.2,1.4,2.2,2.0,0.8,1.2,6.0,7.0,1424.2025184411227,1472.4951830709572,-48.29266462983446,1.3333333333333333,-0.6,-1.0
758,1.8,1.4,1.4,2.0,0.6,1.6,3.0,1.2,3.0,8.0,1597.873316982828,1504.2825988263744,93.5907181564537,3.0,0.4000000000000001,-5.0
759,0.0,2.6,1.0,2.0,2.6,0.8,0.2,2.0,7.0,8.0,1359.588495208269,1648.0782862632398,-288.48979105497074,0.0,-2.6,-1.0
760,0.8,2.0,1.0,1.4,1.6,0.6,1.8,2.0,14.0,14.0,1441.3709089065896,1717.8388814559676,-276.4679725493779,0.0,-1.2,0.0
761,1.8,1.6,2.0,1.8,1.0,1.6,2.0,0.4,14.0,14.0,1639.985442136588,1461.1166529120485,178.86878922453957,1.5,0.1999999999999999,0.0
762,0.6,1.2,1.0,1.0,1.6,1.6,0.6,0.6,14.0,14.0,1444.5857726092806,1462.832019792441,-18.24624718316045,0.0,-0.6,0.0
763,1.4,,1.8,,1.6,,2.0,,14.0,,1548.8446597568072,1500.0,48.84465975680723,,,
764,1.6,1.4,1.8,2.0,1.4,1.6,0.8,1.2,14.0,14.0,1436.8483674037668,1498.436183615834,-61.58781621206708,0.5,0.2000000000000001,0.0
765,1.2,1.4,1.4,1.0,1.2,1.0,2.0,1.0,14.0,14.0,1600.2257923053478,1550.24038856007,49.98540374527784,2.0,-0.1999999999999999,0.0
766,,1.6,,1.8,,1.4,,1.4,,14.0,1500.0,1486.3149231602426,13.685076839757356,,,
767,2.4,1.2,1.6,2.0,0.6,2.0,2.0,0.8,14.0,14.0,1548.441010457693,1549.4429141377486,-1.0019036800556478,1.6666666666666667,1.2,0.0
768,1.0,2.2,1.4,2.0,1.8,1.0,0.6,2.2,14.0,14.0,1491.4720022447048,1642.3103360052385,-150.83833376053371,1.0,-1.2000000000000002,0.0
769,2.4,0.8,1.8,0.4,0.6,2.8,3.0,0.2,14.0,14.0,1603.7197321933686,1459.2012427354782,144.51848945789038,2.0,1.6,0.0
770,1.6,,1.8,,1.6,,2.0,,6.0,6.0,1457.0805150235235,1487.910408753895,-30.8298937303714,,,0.0
771,2.0,2.0,2.2,1.6,1.4,0.8,1.4,1.2,7.0,6.0,1508.3904829097453,1546.7590445236071,-38.36856161386186,1.5,0.0,1.0
772,1.8,0.2,2.0,0.4,1.2,1.6,2.6,1.8,6.0,7.0,1639.753788378121,1443.3897552903986,196.3640330877224,1.5,1.6,-1.0
773,2.0,1.8,1.6,2.4,0.4,1.0,3.0,1.6,8.0,7.0,1722.3064363384112,1607.1618296303088,115.1446067081024,2.333333333333333,0.1999999999999999,1.0
774,1.4,3.0,1.8,2.0,1.6,0.4,1.4,1.4,6.0,5.0,1551.1248800718345,1608.4304813772708,-57.30560130543631,0.3333333333333333,-1.6,1.0
775,0.8,1.4,0.4,2.0,1.8,1.8,2.6,1.2,5.0,7.0,1454.490493551576,1555.8104778433897,-101.31998429181364,0.0,-0.5999999999999999,-2.0
776,1.4,1.4,1.2,1.4,1.8,1.2,3.0,1.2,8.0,8.0,1543.304351235109,1426.8940681098554,116.4102831252535,3.0,0.0,0.0
777,1.4,0.6,1.2,1.0,1.2,1.8,1.4,0.6,8.0,7.0,1464.028037111323,1494.0285498718222,-30.00051276049908,0.3333333333333333,0.7999999999999999,1.0
778,1.6,1.8,1.2,1.8,0.8,1.0,2.2,1.0,9.0,9.0,1498.4045144063475,1644.021580025113,-145.6170656187653,1.0,-0.1999999999999999,0.0
779,0.4,,0.8,,2.0,,0.6,,5.0,13.0,1484.8898650633223,1493.0341819134176,-8.144316850095265,,,-8.0
780,1.8,1.4,1.6,1.2,1.0,1.4,2.0,1.2,5.0,7.0,1651.606021423568,1497.768683293797,153.83733812977084,3.0,0.4000000000000001,-2.0
781,0.2,1.4,0.4,2.0,1.6,1.6,0.8,0.8,7.0,7.0,1439.668350995938,1561.04733059812,-121.37897960218196,1.5,-1.2,0.0
782,2.6,1.6,2.2,1.2,0.6,0.8,2.2,1.4,7.0,5.0,1557.3808441395554,1490.820073007893,66.56077113166248,1.0,1.0,2.0
783,2.0,1.4,2.6,1.6,1.2,1.4,2.0,0.2,7.0,6.0,1564.6267686270844,1473.166721919823,91.46004670726144,3.0,0.6000000000000001,1.0
784,0.8,0.2,0.4,0.4,1.8,2.6,0.6,0.0,6.0,7.0,1421.575967620057,1445.6742027678813,-24.09823514782397,0.3333333333333333,0.6000000000000001,-1.0
785,2.4,1.6,1.6,1.4,0.8,1.2,3.0,0.4,7.0,8.0,1598.5080308509853,1466.242899068946,132.26513178203936,3.0,0.7999999999999998,-1.0
786,0.2,2.0,0.6,2.0,2.0,1.6,1.2,0.4,14.0,7.0,1436.903354024146,1548.622451724907,-111.71909770076104,0.5,-1.8,7.0
787,1.6,1.8,2.0,2.4,0.8,1.4,2.0,2.2,8.0,8.0,1601.8152368997369,1643.4751926725817,-41.6599557728448,0.0,-0.1999999999999999,0.0
788,,2.0,,1.2,,0.4,,2.0,9.0,8.0,1478.7480247084725,1727.6530290689832,-248.9050043605107,,,1.0
789,,2.0,,2.2,,1.2,,0.8,7.0,6.0,1484.5157236377886,1487.2694321701165,-2.753708532327892,,,1.0
790,2.2,0.2,2.0,0.4,0.8,1.6,2.2,1.2,7.0,7.0,1553.891137687956,1431.4168279127591,122.47430977519662,2.0,2.0,0.0
791,1.4,1.0,2.2,1.4,1.6,1.0,1.4,1.0,7.0,6.0,1550.524058376791,1591.2878577428105,-40.76379936601961,0.3333333333333333,0.3999999999999999,1.0
792,0.2,2.0,0.6,2.2,2.0,1.2,0.6,1.4,6.0,7.0,1428.381050569013,1569.2988536812986,-140.91780311228558,1.5,-1.8,-1.0
793,1.0,1.4,1.4,1.4,1.8,1.4,1.2,0.4,8.0,7.0,1493.4083233389513,1461.2734170973622,32.13490624158908,1.0,-0.3999999999999999,1.0
794,2.0,1.0,1.4,1.2,0.6,1.8,3.0,1.4,6.0,7.0,1732.6951000658644,1503.248367700152,229.44673236571225,3.0,1.0,-1.0
795,0.0,0.8,0.6666666666666666,0.4,1.6666666666666667,1.4,,1.2,6.0,7.0,1473.7059537115913,1410.5462940499135,63.15965966167755,,-0.8,-1.0
796,2.0,2.4,2.0,2.0,0.8,1.2,2.0,0.8,8.0,8.0,1646.1263370172128,1603.477512822569,42.648824194643794,2.0,-0.3999999999999999,0.0
797,1.2,0.8,1.0,0.6,1.0,2.2,1.6,0.6,8.0,8.0,1494.3097794594923,1456.7038763380249,37.60590312146746,2.0,0.3999999999999999,0.0
798,1.8,2.0,2.2,2.2,1.6,1.6,2.6,0.8,7.0,7.0,1654.002571829508,1557.14475518004,96.85781664946808,2.333333333333333,-0.1999999999999999,0.0
799,1.8,1.6,2.0,1.2,2.0,1.0,3.0,1.0,13.0,13.0,1551.3758465037342,1501.572101536898,49.80374496683612,1.3333333333333333,0.1999999999999999,0.0
800,0.8,0.0,1.0,0.6666666666666666,2.4,3.0,1.4,,14.0,14.0,1500.0697096619558,1472.8827934556118,27.186916206343994,,0.8,0.0
801,1.8,1.8,1.4,2.6,1.6,1.6,3.0,1.2,13.0,14.0,1596.3489183137383,1559.9709610595503,36.377957254188,0.0,0.0,-1.0
802,0.8,1.8,1.6,1.8,1.6,1.0,1.4,1.8,14.0,14.0,1581.8409550600509,1549.0740784287711,32.76687663127973,3.0,-1.0,0.0
803,2.6,0.25,3.0,1.0,1.0,1.75,1.4,,14.0,14.0,1577.0110683304115,1470.3025097258064,106.70855860460506,,2.35,0.0
804,2.0,2.4,2.0,2.2,1.2,0.6,2.0,2.0,14.0,14.0,1498.9023623522933,1735.8737581040607,-236.97139575176743,0.3333333333333333,-0.3999999999999999,0.0
805,0.6,2.2,0.8,2.6,2.6,1.4,2.0,2.2,13.0,13.0,1449.4415542606191,1659.7714805058138,-210.32992624519463,1.0,-1.6,0.0
806,0.4,1.0,0.8,1.2,1.8,1.2,0.8,0.6,14.0,14.0,1436.2338871719442,1480.8169298666078,-44.58304269466362,0.0,-0.6,0.0
807,0.8,2.6,0.6,2.6,1.6,0.8,0.6,1.4,14.0,14.0,1413.9497380356986,1653.2549315260433,-239.30519349034464,1.0,-1.8,0.0
808,1.4,0.2,1.4,1.0,1.4,2.8,2.4,1.0,14.0,14.0,1473.8648105697057,1420.6688359199002,53.19597464980552,,1.2,0.0
809,1.2,0.2,1.6,0.4,1.2,1.8,1.8,1.2,7.0,6.0,1541.6824319701825,1408.6964410790256,132.98599089115692,1.3333333333333333,1.0,1.0
810,0.2,1.2,1.0,1.2,2.8,2.0,0.0,0.6,5.0,7.0,1423.8162923698967,1583.6439661179718,-159.82767374807509,0.5,-1.0,-2.0
811,1.4,1.4,1.2,1.0,1.4,2.0,2.0,1.4,7.0,7.0,1494.631325743588,1507.6116502526957,-12.980324509107732,0.5,0.0,0.0
812,0.0,0.6,0.5,1.0,2.5,2.2,,0.6,7.0,7.0,1465.340852864872,1443.5171760760638,21.823676788808143,,-0.6,0.0
813,3.0,1.4,2.8,1.4,0.6,1.4,3.0,1.0,7.0,5.0,1741.1792581485804,1470.7173541197092,270.46190402887123,2.0,1.6,2.0
814,2.6,2.6,1.8,2.6,0.8,1.0,2.0,2.0,7.0,8.0,1658.5082284827165,1582.5500274268566,75.95820105585972,2.0,0.0,-1.0
815,2.4,0.6,3.0,0.8,1.4,1.6,2.0,0.8,8.0,7.0,1572.6759132553173,1435.790442482423,136.88547077289422,3.0,1.7999999999999998,1.0
816,1.0,1.8,1.0,2.2,1.0,2.0,1.2,0.8,7.0,8.0,1481.260374556129,1558.3166222970444,-77.05624774091552,2.0,-0.8,-1.0
817,2.6,2.0,2.4,2.0,0.8,1.4,2.6,1.4,8.0,8.0,1665.695858690369,1493.5968623077736,172.0989963825955,3.0,0.6000000000000001,0.0
818,0.2,1.2,1.0,1.6,1.8,1.4,0.3333333333333333,1.0,8.0,8.0,1464.7635506293614,1589.2326015186395,-124.46905088927817,,-1.0,0.0
819,2.4,2.4,2.2,2.8,1.0,1.4,3.0,1.8,6.0,6.0,1567.8260980170955,1577.5467301365309,-9.720632119435322,3.0,0.0,0.0
820,0.4,2.2,0.8,1.8,2.0,1.0,0.4,1.8,6.0,6.0,1430.9196256012094,1654.7832594221811,-223.86363382097196,0.0,-1.8000000000000005,0.0
821,0.8,0.2,1.0,0.6,1.8,2.2,0.6,0.0,7.0,7.0,1423.7424404096223,1463.0283738175792,-39.28593340795692,,0.6000000000000001,0.0
822,1.2,1.0,1.2,1.0,2.0,1.4,2.4,1.0,7.0,7.0,1590.8472374838248,1493.2861927929885,97.5610446908363,1.3333333333333333,0.1999999999999999,0.0
823,1.2,0.2,2.2,0.8,1.2,2.6,2.0,1.2,6.0,7.0,1597.3980403689347,1416.6130210040435,180.785019364891,3.0,1.0,-1.0
824,2.6,3.0,2.6,2.8,1.0,0.8,2.0,2.2,6.0,6.0,1586.2749964873915,1669.8590030228572,-83.58400653546573,0.3333333333333333,-0.3999999999999999,0.0
825,1.8,0.2,2.0,1.0,1.8,3.2,1.8,,6.0,6.0,1489.4337179752854,1456.598111779066,32.83560619621926,,1.6,0.0
826,0.8,3.0,1.2,2.6,2.2,0.6,1.4,2.0,7.0,7.0,1445.8296551233566,1743.776244674501,-297.9465895511444,0.0,-2.2,0.0
827,1.4,1.0,1.2,1.4,1.4,1.4,2.6,1.8,8.0,8.0,1468.1203675937886,1526.6364326395856,-58.51606504579695,0.5,0.3999999999999999,0.0
828,1.0,0.8,0.8,0.8,2.0,1.0,1.4,0.8,9.0,8.0,1508.9567832032951,1471.7508988360778,37.20588436721732,2.0,0.1999999999999999,1.0
829,0.8,0.2,0.8,0.8,1.6,2.4,,1.0,3.0,3.0,1473.6238671803276,1412.6123029697785,61.01156421054907,,0.6000000000000001,0.0
830,0.8,1.4,1.0,1.0,2.0,0.4,0.0,0.8,4.0,5.0,1425.96096693156,1484.4779228604498,-58.51695592888973,0.5,-0.5999999999999999,-1.0
831,1.6,1.0,1.2,1.0,1.2,1.4,1.6,0.8,7.0,6.0,1507.5338869187394,1468.077656772197,39.45623014654211,0.5,0.6000000000000001,1.0
832,0.8,0.4,1.2,0.6,1.4,2.2,0.6,0.2,7.0,7.0,1413.146947046874,1425.3148395474443,-12.16789250057036,1.5,0.4,0.0
833,1.0,0.2,0.8,0.8,1.8,3.2,1.4,0.0,5.0,7.0,1496.2297591789231,1449.2083088345073,47.02145034441583,,0.8,-2.0
834,0.8,2.6,1.0,2.6,1.4,1.2,0.3333333333333333,2.2,4.0,7.0,1460.275203218546,1596.9527581007717,-136.67755488222565,,-1.8,-3.0
835,1.2,0.6,1.2,1.0,1.8,1.6,1.8,1.4,7.0,6.0,1576.5995433580738,1526.6791434611769,49.920399896896924,2.0,0.6,1.0
836,2.2,2.4,2.4,2.6,1.0,1.0,2.2,1.8,8.0,8.0,1660.3880454759465,1727.8295119427005,-67.44146646675381,0.0,-0.1999999999999997,0.0
837,1.8,2.4,2.2,2.4,2.4,1.0,2.0,1.6,8.0,8.0,1568.983868174024,1659.181241409477,-90.19737323545291,1.3333333333333333,-0.5999999999999999,0.0
838,1.8,1.8,1.8,2.6,1.6,1.0,2.4,1.0,8.0,8.0,1496.8235209198442,1601.3987584032,-104.57523748335576,0.6666666666666666,0.0,0.0
839,1.4,2.4,1.4,2.6,1.6,1.2,1.4,1.4,8.0,8.0,1461.7763878551573,1576.3889599796023,-114.61257212444502,2.333333333333333,-1.0,0.0
840,0.4,1.0,0.6,1.4,2.4,1.8,0.4,0.8,14.0,13.0,1416.6829258092166,1463.3354447715476,-46.65251896233099,2.0,-0.6,1.0
841,0.4,0.8,1.0,0.8,1.8,1.8,1.2,1.0,14.0,14.0,1519.7414107212414,1415.9182817511778,103.82312897006364,1.5,-0.4,0.0
842,1.4,2.6,1.2,2.2,0.6,0.6,1.0,2.4,14.0,13.0,1494.520608040832,1670.6021953523914,-176.08158731155936,0.0,-1.2000000000000002,1.0
843,2.0,1.4,2.4,1.8,1.2,1.2,2.6,1.6,13.0,14.0,1658.3142731328303,1421.7788607851016,236.53541234772888,2.333333333333333,0.6000000000000001,-1.0
844,1.8,2.0,2.2,2.4,1.0,2.2,3.0,1.2,13.0,13.0,1717.615362066255,1569.8508364506706,147.76452561558472,2.333333333333333,-0.1999999999999999,0.0
845,2.0,1.6,2.8,1.0,1.0,1.0,2.0,1.6,13.0,14.0,1600.1227733141477,1504.7470160170512,95.37575729709624,1.6666666666666667,0.3999999999999999,-1.0
846,1.2,0.8,0.6,0.8,0.8,1.2,2.2,0.75,14.0,14.0,1470.8645276738855,1452.4470141040345,18.417513569851053,,0.3999999999999999,0.0
847,0.2,1.2,0.8,1.0,3.4,1.6,0.25,1.2,14.0,14.0,1442.194770112876,1583.5372760980092,-141.34250598513336,,-1.0,0.0
848,2.0,1.4,2.2,1.6,1.2,1.8,3.0,1.4,14.0,14.0,1574.829903063212,1498.0995060088967,76.73039705431529,0.3333333333333333,0.6000000000000001,0.0
849,2.6,1.4,2.4,1.0,1.2,1.6,2.4,1.0,14.0,14.0,1604.7809472152833,1503.2432979005546,101.5376493147287,3.0,1.2000000000000002,0.0
850,1.0,2.6,0.4,1.8,1.4,0.8,1.2,2.2,6.0,4.0,1498.943023665851,1610.4399062780471,-111.49688261219626,0.0,-1.6,2.0
851,2.2,0.0,2.0,0.6,0.8,3.4,2.2,0.0,7.0,7.0,1667.3801088904938,1434.4941363547173,232.88597253577652,,2.2,0.0
852,0.2,0.6,0.4,0.6,2.4,2.2,0.4,1.0,7.0,7.0,1406.298943308391,1410.312555038543,-4.013611730151979,,-0.3999999999999999,0.0
853,1.6,0.8,1.6,1.2,0.8,1.4,1.0,1.4,7.0,7.0,1497.7426945027296,1525.3471374338762,-27.60444293114665,0.3333333333333333,0.8,0.0
854,1.6,2.6,1.4,3.4,1.4,0.4,1.0,1.0,7.0,7.0,1473.7194272723732,1605.9267656653478,-132.20733839297463,0.3333333333333333,-1.0,0.0
855,2.6,1.0,3.0,1.2,0.8,1.4,3.0,0.8,7.0,8.0,1581.0858081688764,1454.6664906281103,126.41931754076586,,1.6,-1.0
856,1.4,1.4,2.0,0.8,2.4,1.0,2.0,1.0,8.0,6.0,1565.2070451654042,1497.5843388377907,67.62270632761351,0.0,0.0,2.0
857,2.0,0.8,2.2,0.8,1.2,1.2,2.6,0.8,8.0,8.0,1661.3853506911632,1468.6450511498094,192.7402995413538,1.5,1.2,0.0
858,1.8,1.8,1.2,1.6,1.2,1.0,1.8,1.8,8.0,8.0,1591.2379098561678,1722.2591533515215,-131.02124349535393,1.0,0.0,0.0
859,0.8,1.2,1.4,1.4,2.4,1.2,2.0,1.0,7.0,8.0,1491.8436009032323,1418.707783226769,73.13581767646338,2.0,-0.3999999999999999,-1.0
860,1.4,0.8,1.6,1.2,1.2,2.0,1.2,1.4,7.0,6.0,1536.2768637157276,1478.1888057283643,58.0880579873633,3.0,0.5999999999999999,1.0
861,0.6,1.0,0.8,0.4,2.4,1.2,0.0,1.4,7.0,8.0,1401.9101684705993,1490.4144634151207,-88.50429494452146,1.0,-0.4,-1.0
862,1.8,1.0,1.6,1.6,1.0,2.4,0.6,1.2,6.0,6.0,1432.362578401637,1561.6905246614676,-129.3279462598307,1.0,0.8,0.0
863,1.0,1.8,0.8,1.0,1.2,1.2,1.4,1.8,6.0,6.0,1501.1008593417273,1583.254061364047,-82.15320202231965,0.0,-0.8,0.0
864,1.8,0.6,1.6,0.8,0.8,2.6,3.0,0.2,6.0,7.0,1730.2430018436426,1414.7013298763347,315.5416719673078,3.0,1.2000000000000002,-1.0
865,2.2,2.2,3.6,2.8,0.8,0.8,2.4,2.0,7.0,7.0,1603.8778859424126,1670.506194760058,-66.62830881764535,1.3333333333333333,0.0,0.0
866,0.0,1.8,0.4,1.6,4.0,1.2,0.2,1.4,7.0,7.0,1431.3680504851532,1475.7683069953084,-44.40025651015526,,-1.8,0.0
867,0.8,2.0,1.2,2.2,1.8,1.0,0.25,1.6,7.0,7.0,1449.5702708956128,1665.1703529545148,-215.600082058902,,-1.2,0.0
868,0.6,2.6,0.6,3.0,1.6,0.8,1.8,1.4,7.0,7.0,1464.860048886458,1586.182027901374,-121.32197901491622,0.5,-2.0,0.0
869,2.6,1.4,1.8,1.6,0.8,1.2,2.4,1.4,10.0,9.0,1618.9684665287773,1486.8129682208782,132.15549830789905,1.3333333333333333,1.2000000000000002,1.0
870,2.0,0.6,2.4,0.8,0.6,2.4,2.2,0.8,7.0,7.0,1660.315439838614,1392.7287522549268,267.5866875836871,2.0,1.4,0.0
871,0.6,2.2,0.8,2.2,3.2,0.8,0.8,1.0,7.0,7.0,1412.6366405017477,1614.068640863857,-201.43200036210897,1.0,-1.6,0.0
872,1.4,1.4,0.8,1.2,1.2,1.0,1.0,1.4,7.0,7.0,1499.5958796307932,1434.331928374844,65.26395125594922,0.3333333333333333,0.0,0.0
873,1.8,0.4,1.0,1.0,1.2,1.8,1.2,0.8,7.0,6.0,1592.6173036546088,1453.77159691101,138.84570674359884,,1.4,1.0
874,1.6,2.4,1.6,1.6,1.4,1.2,1.0,2.6,7.0,5.0,1466.2170022257308,1603.940305843896,-137.72330361816512,2.0,-0.7999999999999998,2.0
875,2.0,0.8,2.8,0.8,1.2,1.4,3.0,0.6,7.0,8.0,1574.4351414827202,1491.7376170511654,82.69752443155471,1.5,1.2,-1.0
876,0.6,0.6,1.2,0.8,2.4,2.6,1.6,0.0,8.0,8.0,1559.7211746882606,1440.9193552547308,118.80181943352976,,0.0,0.0
877,2.0,1.8,2.4,2.4,1.2,1.0,0.8,1.8,6.0,8.0,1501.8411289057597,1732.3076912182296,-230.46656231246996,0.0,0.1999999999999999,-2.0
878,1.6,2.0,1.8,2.0,1.0,1.0,3.0,1.4,7.0,8.0,1660.9690269391176,1543.0031186885824,117.96590825053522,2.0,-0.3999999999999999,-1.0
879,0.8,1.2,1.4,1.0,2.0,1.2,1.4,0.8,8.0,7.0,1471.4625507555097,1476.6069353051118,-5.144384549602364,1.5,-0.3999999999999999,1.0
880,1.8,2.0,1.8,2.2,1.4,0.8,1.6,2.0,13.0,14.0,1537.7199046733317,1662.9500576682956,-125.23015299496387,0.3333333333333333,-0.1999999999999999,-1.0
881,0.0,0.8,0.6,1.6,2.8,2.4,0.0,1.2,14.0,13.0,1390.094134425245,1479.8966692683375,-89.80253484309264,1.0,-0.8,1.0
882,0.4,0.8,0.8,1.0,1.6,1.8,0.4,1.4,14.0,14.0,1448.9422364461195,1486.138995740607,-37.19675929448749,,-0.4,0.0
883,2.0,2.2,3.0,2.2,1.4,0.6,3.0,1.6,13.0,13.0,1727.760431265882,1666.2522409543683,61.50819031151377,1.3333333333333333,-0.2000000000000001,0.0
884,1.6,1.6,1.8,2.8,1.2,2.0,2.4,2.0,14.0,13.0,1600.2087864389978,1506.3883888581072,93.8203975808906,1.3333333333333333,0.0,1.0
885,1.0,0.8,1.2,1.2,1.6,1.4,1.8,1.4,13.0,13.0,1468.1728167922836,1554.9857032516054,-86.81288645932182,2.0,0.1999999999999999,0.0
886,0.8,1.2,1.0,1.2,2.4,2.4,0.8,0.2,13.0,14.0,1445.654826691386,1426.4964949266066,19.158331764779405,,-0.3999999999999999,-1.0
887,2.0,2.4,1.6,1.2,1.0,1.0,0.8,1.8,14.0,14.0,1447.7888122650302,1597.4466641194992,-149.65785185446907,1.0,-0.3999999999999999,0.0
888,1.8,2.0,1.4,2.2,1.4,1.2,2.4,1.4,14.0,14.0,1591.7398344136434,1580.5443327308449,11.195501682798522,1.0,-0.1999999999999999,0.0
889,0.8,1.6,1.0,1.6,1.6,1.4,1.2,1.4,14.0,14.0,1485.6284258030407,1478.4174736559833,7.210952147057469,1.0,-0.8,0.0
890,2.0,1.4,2.2,1.8,0.8,1.8,2.6,0.8,7.0,5.0,1671.094336057902,1470.3281851515062,200.76615090639572,3.0,0.6000000000000001,2.0
891,1.8,1.0,1.6,1.2,1.2,1.6,1.4,0.8,7.0,7.0,1529.5756262837251,1458.2868472208986,71.28877906282673,,0.8,0.0
892,0.0,0.8,0.6,1.0,2.4,2.4,0.0,0.2,7.0,7.0,1380.9498226513322,1433.415087686198,-52.46526503486598,,-0.8,0.0
893,2.0,2.4,2.2,1.4,1.0,0.8,3.0,2.4,7.0,6.0,1606.0497329431948,1604.921900264237,1.1278326789579296,1.6666666666666667,-0.3999999999999999,1.0
894,0.8,1.4,1.6,1.0,2.2,1.6,1.2,2.0,7.0,6.0,1458.9430252436648,1440.3135761202925,18.629449123372297,1.0,-0.5999999999999999,1.0
895,1.8,2.4,1.8,2.4,2.0,1.2,1.4,1.4,8.0,7.0,1438.7362339317945,1592.56529543003,-153.82906149823543,1.5,-0.5999999999999999,1.0
896,1.0,1.2,2.2,1.4,2.6,1.4,0.4,1.4,8.0,8.0,1500.54744235391,1564.2154948002242,-63.66805244631405,0.3333333333333333,-0.1999999999999999,0.0
897,2.2,0.8,2.0,1.0,0.4,1.8,3.0,0.4,8.0,6.0,1669.613590013587,1493.7177143075178,175.89587570606932,2.0,1.4,2.0
898,2.2,1.2,3.2,1.4,1.4,1.8,2.6,2.0,8.0,7.0,1724.3990822066633,1579.7188717144584,144.68021049220488,1.0,1.0000000000000002,1.0
899,1.2,0.6,1.6,1.2,2.2,2.2,1.4,1.2,8.0,8.0,1489.040981042251,1476.794384965828,12.246596076422748,1.0,0.6,0.0
900,0.8,2.4,1.0,2.2,1.8,0.6,1.0,2.0,3.0,3.0,1451.8954922526348,1674.7395943900851,-222.8441021374504,,-1.6,0.0
901,0.8,0.6,1.6,1.6,2.0,1.8,1.6,0.6,3.0,3.0,1466.682926819323,1390.7329895383104,75.94993728101258,0.5,0.2,0.0
902,2.0,1.8,2.0,3.4,1.4,1.8,3.0,1.4,3.0,3.0,1589.9284725195355,1719.1064797189792,-129.17800719944353,0.3333333333333333,0.1999999999999999,0.0
903,1.2,1.8,1.6,1.6,1.6,1.4,1.8,0.8,3.0,4.0,1554.1099236865048,1535.9669812519892,18.14294243451559,1.3333333333333333,-0.6000000000000001,-1.0
904,0.8,2.0,1.4,2.0,1.6,2.0,1.0,0.8,3.0,3.0,1478.8443471573617,1441.3730568422886,37.47129031507302,3.0,-1.2,0.0
905,0.8,0.6,1.6,1.2,2.2,2.0,1.8,0.8,3.0,4.0,1489.6261619447985,1446.717750000228,42.90841194457062,3.0,0.2,-1.0
906,1.8,1.4,1.0,2.4,0.8,2.6,1.2,2.0,4.0,3.0,1596.6633686973362,1510.6530134676295,86.01035522970665,1.6666666666666667,0.4000000000000001,1.0
907,0.8,2.2,0.8,2.4,3.0,1.0,0.8,1.2,4.0,3.0,1423.63192079922,1673.7051423763064,-250.0732215770865,,-1.4,1.0
908,2.0,2.0,1.2,1.6,1.2,1.0,0.8,1.0,5.0,5.0,1452.5388513637297,1614.3082645100956,-161.7694131463661,1.0,0.0,0.0
909,0.8,1.4,1.6,1.6,2.4,1.6,1.8,1.2,4.0,4.0,1585.0114742021424,1486.991018850717,98.02045535142544,2.333333333333333,-0.5999999999999999,0.0
910,2.0,2.4,1.6,2.0,1.2,1.2,3.0,2.0,3.0,4.0,1601.8936739206931,1680.368086692617,-78.47441277192388,0.0,-0.3999999999999999,-1.0
911,1.6,0.6,1.8,1.4,1.6,1.6,1.8,0.6,3.0,4.0,1561.8979619739368,1384.4577537491743,177.4402082247625,1.5,1.0,-1.0
912,0.8,2.2,1.2,2.2,1.6,1.0,0.4,1.2,3.0,3.0,1466.110253696066,1678.7218968125358,-212.61164311646985,0.6666666666666666,-1.4,0.0
913,2.4,2.0,1.4,2.0,0.4,1.8,1.8,1.2,3.0,3.0,1602.691945127193,1454.1071503035844,148.58479482360897,3.0,0.3999999999999999,0.0
914,0.8,1.2,0.8,1.4,2.4,1.8,0.6,0.8,3.0,3.0,1418.6151663629903,1528.178942964557,-109.5637766015666,,-0.3999999999999999,0.0
915,1.2,0.6,1.4,1.2,1.6,2.4,2.2,0.2,4.0,3.0,1472.9581626084591,1439.5960095298435,33.36215307861562,2.0,0.6,1.0
916,2.0,1.4,1.6,2.6,1.2,2.6,1.4,1.8,3.0,4.0,1465.3870154523458,1504.6244370377724,-39.23742158542655,1.3333333333333333,0.6000000000000001,-1.0
917,1.2,2.0,2.4,2.0,2.0,1.6,1.8,1.2,4.0,3.0,1496.7479024151828,1501.2495439927998,-4.501641577616965,0.0,-0.8,1.0
918,0.8,1.2,1.4,2.8,2.0,2.0,0.8,0.8,5.0,4.0,1446.266999950103,1707.1412783178218,-260.87427836771894,,-0.3999999999999999,1.0
919,0.2,1.8,1.4,1.2,2.6,1.2,1.2,1.0,3.0,3.0,1570.7529490600596,1601.4601004214792,-30.70715136141962,1.0,-1.6,0.0
920,0.2,0.8,1.0,2.0,2.6,2.0,1.0,1.6,6.0,5.0,1442.220323681708,1579.911825186277,-137.69150150456903,0.0,-0.6000000000000001,1.0
921,0.8,2.4,1.6,1.8,1.4,1.0,0.6,2.4,7.0,6.0,1390.3950576769198,1474.790130770073,-84.39507309315309,1.5,-1.6,1.0
922,0.8,0.8,1.8,0.6,2.8,2.2,1.0,0.2,6.0,7.0,1495.2213217200454,1430.0321274744565,65.18919424558885,,0.0,-1.0
923,1.2,0.2,2.0,1.0,2.0,2.0,2.2,1.4,6.0,7.0,1711.9279910951243,1460.2404928732772,251.68749822184736,2.333333333333333,1.0,-1.0
924,1.2,1.8,1.2,3.4,2.0,1.8,3.0,0.4,6.0,6.0,1592.3012242952618,1505.1639801529775,87.13724414228409,3.0,-0.6000000000000001,0.0
925,2.4,1.6,2.0,1.8,1.2,1.6,2.6,0.8,8.0,8.0,1669.8368509333975,1555.9606580461914,113.87619288720612,1.0,0.7999999999999998,0.0
926,0.6,2.6,0.8,1.8,1.6,0.8,1.8,1.6,8.0,8.0,1516.7619818530911,1612.4249096799126,-95.66292782682147,1.3333333333333333,-2.0,0.0
927,2.6,1.8,2.4,1.2,1.0,1.0,3.0,2.4,8.0,8.0,1684.5916576353245,1587.3189217110958,97.27273592422875,2.0,0.8,0.0
928,2.0,1.4,1.6,1.4,2.0,1.4,1.6,0.8,7.0,8.0,1492.8334662550049,1470.3338484565948,22.4996177984101,2.0,0.6000000000000001,-1.0
929,0.4,1.4,1.0,1.6,1.8,1.8,0.2,0.8,5.0,4.0,1467.3893643214924,1550.5854143745355,-83.19605005304311,0.6666666666666666,-1.0,1.0
930,2.6,0.6,1.6,0.4,0.8,2.4,3.0,0.2,5.0,6.0,1621.4020379892895,1423.4871166707433,197.91492131854625,,2.0,-1.0
931,1.8,0.8,3.2,1.4,1.8,1.2,2.4,0.2,7.0,7.0,1499.1626873221312,1381.096052709292,118.06663461283917,,1.0,0.0
932,2.2,2.4,1.8,1.8,1.0,1.0,2.6,1.4,6.0,6.0,1680.3507668642478,1675.2120946050534,5.138672259194436,1.3333333333333333,-0.1999999999999997,0.0
933,0.6,1.8,1.4,1.8,2.2,1.6,0.8,0.4,13.0,7.0,1441.4802871728002,1598.3025171261083,-156.82222995330812,,-1.2000000000000002,6.0
934,0.2,2.6,0.6,2.4,2.4,0.6,0.8,1.8,8.0,14.0,1434.4199240773778,1469.480173719682,-35.06024964230414,0.5,-2.4,-6.0
935,1.4,2.4,2.2,1.6,1.6,0.6,1.2,2.4,8.0,7.0,1587.712224790607,1484.0891357377006,103.62308905290638,2.333333333333333,-1.0,1.0
936,2.0,1.4,1.6,1.0,1.6,1.0,1.6,2.0,6.0,6.0,1500.5025807412646,1591.5598124821724,-91.0572317409078,1.0,0.6000000000000001,0.0
937,0.8,1.2,1.0,1.4,1.8,2.0,1.8,1.2,7.0,8.0,1462.664733970335,1501.7663325237586,-39.10159855342363,1.3333333333333333,-0.3999999999999999,-1.0
938,2.6,1.2,2.6,2.6,1.0,1.8,1.4,0.2,3.0,3.0,1480.1967670607685,1484.4436475100908,-4.2468804493223615,2.0,1.4,0.0
939,1.4,2.2,1.6,1.8,0.8,1.0,0.6,1.8,3.0,3.0,1395.8150925213324,1678.4975877316265,-282.68249521029384,0.0,-0.8000000000000003,0.0
940,0.8,2.2,0.4,1.4,1.4,0.8,1.8,1.6,3.0,4.0,1580.6682868273435,1615.0964765871,-34.428189759756606,1.3333333333333333,-1.4,-1.0
941,1.2,0.2,1.0,0.6,1.6,2.4,3.0,0.4,3.0,3.0,1585.585717447789,1423.7033307362913,161.8823867114977,3.0,1.0,0.0
942,0.8,1.2,0.4,1.6,2.0,2.0,1.2,0.8,4.0,3.0,1429.7926780729326,1454.1970868511196,-24.40440877818696,,-0.3999999999999999,1.0
943,0.6,1.4,1.0,1.0,1.4,1.4,1.8,0.6,10.0,3.0,1507.7848535437142,1472.063954005762,35.720899537952164,0.3333333333333333,-0.7999999999999999,7.0
944,1.2,0.6,1.4,1.0,1.6,1.6,1.6,1.0,3.0,6.0,1492.3671124883317,1468.0560101066108,24.31110238172073,3.0,0.6,-3.0
945,2.4,1.2,1.8,1.6,0.4,1.6,2.0,1.4,4.0,11.0,1478.4787620121697,1704.7791196469093,-226.3003576347396,0.3333333333333333,1.2,-7.0
946,2.0,2.0,1.8,1.6,1.2,1.4,3.0,1.2,5.0,5.0,1677.065273737675,1511.3941063960935,165.6711673415814,2.333333333333333,0.0,0.0
947,1.0,2.0,1.2,2.4,1.6,1.4,1.4,2.0,7.0,5.0,1549.9187685894171,1593.322598516138,-43.403829926720846,1.0,-1.0,2.0
948,2.0,0.8,1.4,0.6,1.0,1.2,2.6,0.8,4.0,4.0,1605.8311662771457,1391.4704288375372,214.36073743960856,2.333333333333333,1.2,0.0
949,0.4,0.6,1.0,1.2,1.8,2.0,0.2,0.6,3.0,3.0,1460.4361413328315,1495.0974382187137,-34.66129688588194,1.0,-0.1999999999999999,0.0
950,1.2,1.2,1.8,1.2,2.2,1.4,1.4,0.6,4.0,3.0,1465.2180406781854,1499.9869812621107,-34.768940583925314,0.0,0.0,1.0
951,1.6,0.8,2.0,0.8,1.6,1.6,1.8,0.4,3.0,4.0,1710.327494493625,1418.7717242458668,291.5557702477581,3.0,0.8,-1.0
952,0.8,1.4,1.2,1.0,2.4,1.6,0.6,1.4,4.0,4.0,1439.3429829973354,1589.933597137298,-150.59061413996255,0.0,-0.5999999999999999,0.0
953,2.0,1.8,1.6,1.8,1.2,1.0,2.2,2.4,3.0,3.0,1484.7513693307628,1472.930387165454,11.820982165308806,2.333333333333333,0.1999999999999999,0.0
954,1.2,1.4,2.0,1.4,1.6,1.4,1.8,1.4,5.0,3.0,1476.034717594198,1661.3517131235617,-185.3169955293633,0.3333333333333333,-0.1999999999999999,2.0
955,1.8,2.6,2.2,2.6,1.6,0.8,1.2,2.4,3.0,5.0,1583.7999117082893,1488.6056969766612,95.19421473162812,2.0,-0.8,-2.0
956,2.2,0.6,1.4,1.0,0.4,2.2,2.2,0.2,6.0,6.0,1682.8422514154215,1569.9460651867448,112.8961862286767,3.0,1.6,0.0
957,2.4,1.6,1.8,1.6,1.2,1.4,2.0,1.0,5.0,5.0,1527.107667010207,1559.4414553972658,-32.3337883870588,1.0,0.7999999999999998,0.0
958,0.8,1.2,1.0,2.0,1.6,2.2,0.6,0.8,13.0,13.0,1388.0526702060488,1454.4931063466772,-66.44043614062844,3.0,-0.3999999999999999,0.0
959,1.8,1.2,1.6,1.4,1.4,1.8,2.0,0.2,14.0,13.0,1510.7119155936189,1489.4929457045776,21.21896988904132,1.3333333333333333,0.6000000000000001,1.0
960,0.6,2.0,1.4,1.8,2.4,1.0,2.4,2.0,12.0,14.0,1564.5486187391332,1712.662196907116,-148.11357816798272,0.3333333333333333,-1.4,-2.0
961,1.2,2.0,1.2,1.8,1.6,1.4,1.4,1.4,14.0,14.0,1464.9686110557016,1609.248924908634,-144.28031385293252,0.0,-0.8,0.0
962,0.8,2.4,0.8,2.6,1.8,1.4,1.8,1.4,14.0,14.0,1577.3837146592482,1589.6082102418377,-12.22449558258927,1.3333333333333333,-1.6,0.0
963,0.8,1.0,0.8,1.6,1.2,1.6,2.4,1.0,14.0,14.0,1647.893485013182,1469.7081251181069,178.18535989507518,3.0,-0.1999999999999999,0.0
964,0.0,1.4,0.8,1.6,2.4,1.6,1.2,0.8,14.0,14.0,1485.8254544334382,1451.8928654753852,33.932588958052975,1.6666666666666667,-1.4,0.0
965,2.4,2.2,2.4,1.8,1.0,0.8,2.0,2.2,14.0,14.0,1482.797398443113,1688.2396978630331,-205.4422994199201,1.0,0.1999999999999997,0.0
966,0.8,2.0,0.8,1.4,1.6,1.0,1.2,1.8,14.0,14.0,1416.437021832376,1526.313048252419,-109.87602642004322,0.0,-1.2,0.0
967,1.2,2.0,1.2,2.0,1.2,1.2,1.8,0.6,14.0,14.0,1560.2360741550538,1492.7131454405153,67.52292871453847,3.0,-0.8,0.0
968,1.6,0.6,1.6,1.6,1.4,2.2,2.6,0.0,14.0,14.0,1606.8696296636654,1557.0317216402318,49.83790802343356,1.0,1.0,0.0
969,1.0,0.4,1.4,1.0,2.2,2.0,0.8,0.4,10.0,9.0,1465.6592980804903,1417.8627886477695,47.796509432721,3.0,0.6,1.0
970,0.6,0.8,0.4,0.8,2.0,1.6,2.4,1.8,14.0,14.0,1481.788944007029,1467.3479063006705,14.441037706358657,2.333333333333333,-0.2,0.0
971,1.4,1.2,1.6,1.0,1.6,1.0,1.2,1.0,14.0,8.0,1454.307756923164,1556.7220706076205,-102.41431368445636,0.0,0.1999999999999999,6.0
972,1.2,1.4,1.8,1.8,2.0,1.0,0.6,1.4,10.0,10.0,1444.5324607500056,1651.9423120507984,-207.40985130079275,1.0,-0.1999999999999999,0.0
973,2.2,2.4,2.2,1.8,0.6,1.0,2.2,0.6,10.0,14.0,1694.282054439601,1518.4159172911675,175.8661371484336,1.0,-0.1999999999999997,-4.0
974,2.6,0.8,2.4,1.0,1.2,1.6,1.8,0.8,14.0,14.0,1720.1790940060173,1388.238019629562,331.9410743764552,3.0,1.8,0.0
975,2.0,0.6,2.2,1.2,1.6,2.4,1.8,0.6,14.0,11.0,1590.97469779281,1493.1858591588175,97.78883863399231,0.6666666666666666,1.4,3.0
976,2.2,1.8,1.8,2.0,0.4,1.8,2.2,2.4,11.0,11.0,1524.8872814370254,1476.755041866545,48.13223957048035,2.333333333333333,0.4000000000000001,0.0
977,2.0,1.0,1.8,1.2,1.0,1.6,2.6,0.8,10.0,14.0,1496.2271489879488,1576.0172271082756,-79.79007812032683,0.0,1.0,-4.0
978,1.2,1.4,1.0,1.6,1.4,2.2,1.8,0.4,4.0,4.0,1545.5073170669943,1472.6525320084966,72.85478505849778,1.6666666666666667,-0.1999999999999999,0.0
979,0.8,0.8,1.2,0.4,1.8,1.4,0.8,0.0,3.0,4.0,1386.3416895388432,1479.6785540000226,-93.3368644611794,3.0,0.0,-1.0
980,0.4,2.0,0.4,2.4,1.6,2.0,1.4,1.0,4.0,3.0,1469.4582963076766,1596.72163169886,-127.26333539118332,0.3333333333333333,-1.6,1.0
981,0.6,2.0,1.6,2.2,2.4,1.2,1.8,0.8,4.0,4.0,1570.0918370870872,1465.5225104637898,104.56932662329746,0.0,-1.4,0.0
982,0.4,1.0,1.4,1.4,2.2,1.8,0.8,1.6,4.0,4.0,1410.8695547197635,1593.80951421681,-182.9399594970464,1.0,-0.6,0.0
983,1.4,2.6,1.8,3.0,1.2,0.8,2.4,2.6,5.0,4.0,1657.9370152767158,1698.3741639668776,-40.43714869016185,1.6666666666666667,-1.2000000000000002,1.0
984,1.4,1.2,1.6,2.0,2.0,2.0,2.0,0.8,3.0,5.0,1479.7705948675182,1438.5377575240882,41.23283734342999,2.333333333333333,0.1999999999999999,-2.0
985,1.8,2.0,1.6,2.4,1.8,1.2,2.6,0.8,4.0,3.0,1514.323807763891,1486.7961379971832,27.52766976670773,1.0,-0.1999999999999999,1.0
986,1.4,1.8,2.0,1.4,2.2,0.6,2.0,2.0,3.0,3.0,1585.4482380990412,1521.8717284360523,63.57650966298888,1.0,-0.4000000000000001,0.0
987,0.6,2.6,1.6,2.6,2.8,1.2,1.2,2.0,5.0,5.0,1487.4389252527678,1722.0754240967362,-234.6364988439684,2.0,-2.0,0.0
988,1.0,1.0,0.8,1.2,1.4,1.8,2.0,2.0,7.0,6.0,1478.7219757325036,1476.936628091035,1.785347641468661,0.3333333333333333,0.0,1.0
989,2.4,0.4,3.0,1.2,1.2,2.2,2.2,0.8,6.0,7.0,1688.9366337946328,1387.2982678063622,301.6383659882706,3.0,2.0,-1.0
990,1.6,0.2,2.8,1.2,2.0,3.0,1.2,0.2,7.0,7.0,1469.9340974913969,1404.2674064995415,65.66669099185538,3.0,1.4,0.0
991,3.0,0.6,2.8,0.6,1.0,1.6,1.8,1.4,5.0,7.0,1727.4334823190843,1471.370460428515,256.06302189056964,2.333333333333333,2.4,-2.0
992,1.4,0.8,1.8,2.4,1.6,3.0,0.6,0.6,6.0,7.0,1441.3717243005717,1565.6802500594802,-124.30852575890869,1.0,0.5999999999999999,-1.0
993,1.6,1.6,2.4,1.6,2.2,1.4,2.4,0.4,7.0,7.0,1594.8094675780217,1551.8595322724614,42.9499353055603,2.0,0.0,0.0
994,2.0,0.6,2.8,1.6,1.4,3.0,2.0,0.0,6.0,5.0,1499.263410273048,1482.0808670304195,17.182543242628526,2.333333333333333,1.4,1.0
995,1.4,2.0,2.2,2.6,1.6,1.8,2.0,0.8,8.0,7.0,1600.411662437032,1592.0341903101662,8.377472126865769,1.0,-0.6000000000000001,1.0
996,1.2,1.8,1.0,2.2,1.2,1.2,1.8,1.4,7.0,7.0,1515.2857762249273,1667.3745454489606,-152.08876922403329,1.3333333333333333,-0.6000000000000001,0.0
997,1.2,1.8,1.6,1.8,2.8,2.2,1.4,0.6,9.0,8.0,1466.3003168030295,1501.856535488026,-35.556218684996566,0.0,-0.6000000000000001,1.0
998,1.2,2.4,1.8,3.2,2.2,1.4,1.2,2.4,7.0,7.0,1494.2665227003458,1691.1542848578515,-196.8877621575059,1.0,-1.2,0.0
999,0.4,2.4,1.4,3.4,2.4,0.8,1.0,1.4,7.0,6.0,1385.0806167431433,1674.784390774592,-289.7037740314486,0.3333333333333333,-2.0,1.0
1000,1.6,1.4,1.4,2.0,1.0,1.4,2.0,1.6,7.0,6.0,1486.9621625000968,1588.468622426098,-101.50645992600109,1.0,0.2000000000000001,1.0
1001,3.0,1.8,2.6,2.0,0.8,2.2,2.2,1.2,7.0,5.0,1730.223587974372,1512.558925552972,217.66466242139995,2.333333333333333,1.2,2.0
1002,1.4,0.4,2.8,0.8,2.8,2.4,1.4,1.4,7.0,7.0,1573.8501540716109,1468.6964413234416,105.15371274816926,0.6666666666666666,1.0,0.0
1003,0.8,0.6,1.6,0.6,2.0,2.4,0.6,1.4,7.0,6.0,1433.2018202884408,1507.875930899296,-74.67411061085522,1.0,0.2,1.0
1004,2.2,1.4,2.4,2.0,1.6,1.6,3.0,1.4,7.0,7.0,1601.9301119574973,1487.0777546031218,114.8523573543755,1.0,0.8000000000000003,0.0
1005,1.0,2.0,2.4,2.4,2.2,1.6,1.2,1.4,8.0,7.0,1456.4670111358887,1603.9772303211005,-147.51021918521155,0.0,-1.0,1.0
1006,0.8,1.0,1.4,1.0,2.6,1.4,0.8,0.4,8.0,8.0,1417.7344928550497,1544.7388878929858,-127.00439503793608,1.0,-0.1999999999999999,0.0
1007,0.6,1.2,0.4,1.6,1.4,3.0,1.6,0.4,9.0,7.0,1468.580354773227,1455.5979267380835,12.982428035143812,2.333333333333333,-0.6,2.0
1008,2.6,1.2,2.4,1.8,1.0,2.4,2.2,0.6,3.0,3.0,1723.587789443359,1488.0145113329704,235.57327811038863,1.0,1.4,0.0
1009,2.4,1.0,3.2,2.2,1.2,2.0,2.2,1.0,4.0,3.0,1697.4062962252272,1448.9338117130303,248.47248451219684,1.0,1.4,1.0
1010,3.0,1.6,4.2,2.8,0.4,2.4,2.4,1.2,7.0,7.0,1678.9931709579464,1569.425030638687,109.56814031925931,1.3333333333333333,1.4,0.0
1011,1.4,0.8,1.8,1.6,1.2,1.8,1.4,1.0,7.0,7.0,1597.2796215497624,1443.6239241845285,153.6556973652339,1.3333333333333333,0.5999999999999999,0.0
1012,0.6,2.6,1.0,2.0,2.2,0.6,1.6,2.4,7.0,4.0,1473.1215647563654,1726.673291957059,-253.55172720069368,0.0,-2.0,3.0
1013,1.4,0.8,2.0,0.6,1.4,1.0,2.2,0.8,6.0,5.0,1552.8339051909102,1466.510112482978,86.32379270793217,1.3333333333333333,0.5999999999999999,1.0
1014,0.8,0.4,1.2,1.0,3.0,2.8,1.4,0.8,5.0,7.0,1457.6681690283328,1380.8718365597888,76.79633246854405,1.6666666666666667,0.4,-2.0
1015,2.6,1.0,2.6,1.2,1.4,1.2,2.0,0.2,6.0,7.0,1611.5104297439586,1478.1511633764324,133.3592663675263,3.0,1.6,-1.0
1016,1.4,0.8,1.8,1.4,1.8,3.2,1.4,0.8,8.0,7.0,1501.724569148313,1409.6394755571253,92.08509359118784,0.0,0.5999999999999999,1.0
1017,0.4,0.6,0.6,1.2,2.8,2.2,1.6,0.6,9.0,6.0,1497.4538270032083,1484.9290088192704,12.524818183937896,0.0,-0.1999999999999999,3.0
1018,0.6,1.4,1.2,1.6,2.4,2.0,0.6,1.4,5.0,14.0,1476.9866411074456,1519.1947240839852,-42.20808297653957,2.333333333333333,-0.7999999999999999,-9.0
1019,0.8,0.8,0.8,1.0,1.2,2.8,1.2,0.8,7.0,5.0,1470.489131902909,1505.396194715033,-34.90706281212397,2.0,0.0,2.0
1020,1.6,1.4,1.6,2.2,1.2,1.6,1.4,1.0,7.0,7.0,1493.2051665159602,1548.854885770979,-55.64971925501891,2.333333333333333,0.2000000000000001,0.0
1021,0.8,1.8,2.2,2.6,2.6,1.6,1.2,2.0,10.0,7.0,1446.0371391889676,1601.803596411906,-155.76645722293847,0.0,-1.0,3.0
1022,1.6,1.8,2.6,2.0,2.6,1.8,1.0,2.0,7.0,6.0,1563.9517547699973,1507.6069078220798,56.34484694791741,1.6666666666666667,-0.1999999999999999,1.0
1023,0.8,2.4,1.6,3.2,2.0,1.4,1.2,2.4,7.0,10.0,1439.0999493223849,1700.30296874929,-261.20301942690503,1.0,-1.6,-3.0
1024,1.6,1.4,2.0,1.8,1.8,2.0,2.4,0.4,14.0,7.0,1587.283297412306,1463.9224425107843,123.36085490152163,3.0,0.2000000000000001,7.0
1025,0.2,0.6,0.8,1.0,3.2,1.6,0.4,1.0,8.0,8.0,1374.6175630773373,1468.179691265707,-93.5621281883698,0.0,-0.3999999999999999,0.0
1026,2.6,2.4,1.6,2.4,0.4,1.4,2.6,1.8,8.0,8.0,1731.6151654477171,1596.4564266044308,135.15873884328653,2.0,0.2000000000000001,0.0
1027,0.6,3.0,1.0,4.0,3.0,0.6,0.8,2.0,8.0,9.0,1403.7571368833585,1684.4664468266362,-280.70930994327773,0.0,-2.4,-1.0
1028,3.0,0.8,4.8,1.4,0.4,2.2,2.4,0.6,5.0,7.0,1688.849863442784,1476.4749957370186,212.37486770576535,2.333333333333333,2.2,-2.0
1029,1.0,0.6,1.2,0.6,1.4,3.6,1.0,0.8,6.0,5.0,1477.2166891140148,1399.3737202672107,77.84296884680407,3.0,0.4,1.0
1030,0.8,0.2,1.4,1.8,2.2,3.2,2.0,1.0,7.0,7.0,1458.759073552358,1438.7257710251567,20.033302527201386,0.0,0.6000000000000001,0.0
1031,1.8,0.6,1.8,1.0,1.4,1.8,1.4,0.4,6.0,7.0,1591.548892246964,1459.768152270144,131.7807399768201,3.0,1.2000000000000002,-1.0
1032,1.8,2.0,1.4,2.2,1.6,1.2,1.8,0.8,7.0,7.0,1500.8357831915375,1503.079961914092,-2.2441787225545795,0.6666666666666666,-0.1999999999999999,0.0
1033,2.4,2.0,3.0,2.2,1.4,1.6,1.4,1.2,8.0,8.0,1609.1149645757168,1592.446666370732,16.668298204984694,3.0,0.3999999999999999,0.0
1034,1.4,0.8,2.2,1.4,1.4,1.8,1.8,1.0,8.0,8.0,1538.9800903728471,1434.32012347686,104.65996689598704,1.3333333333333333,0.5999999999999999,0.0
1035,2.4,2.6,2.6,1.6,1.2,0.4,2.6,3.0,8.0,7.0,1705.082794594815,1736.5226998051842,-31.43990521036949,1.3333333333333333,-0.2000000000000001,1.0
1036,1.2,0.2,1.4,0.6,2.8,3.0,1.6,0.6,8.0,7.0,1516.1171743477985,1365.5805652290296,150.53660911876864,1.6666666666666667,1.0,1.0
1037,1.0,1.6,1.8,2.6,2.4,2.4,2.4,1.2,9.0,9.0,1519.7063694544122,1570.7228794005396,-51.01650994612737,0.3333333333333333,-0.6000000000000001,0.0
1038,1.0,0.2,1.4,1.2,1.6,2.6,1.0,1.2,4.0,4.0,1473.4450938725129,1440.9894168560882,32.455677016424715,,0.8,0.0
1039,0.2,0.2,0.6,1.2,3.0,2.6,0.4,0.6,6.0,7.0,1370.9934275427922,1473.0247213875557,-102.03129384476348,1.0,0.0,-1.0
1040,1.8,2.0,2.0,2.4,1.2,1.2,2.0,1.6,7.0,6.0,1494.7271630668645,1604.6182233929676,-109.89106032610334,0.0,-0.1999999999999999,1.0
1041,0.2,0.6,1.6,1.2,2.8,1.8,0.6,0.8,3.0,6.0,1433.5894207973631,1428.7338113649666,4.855609432396477,1.0,-0.3999999999999999,-3.0
1042,1.4,1.8,1.8,2.0,2.6,2.2,1.2,2.0,7.0,7.0,1510.7043120340356,1596.9434075534814,-86.23909551944575,1.3333333333333333,-0.4000000000000001,0.0
1043,2.0,1.8,2.0,1.0,2.0,1.4,1.2,2.0,13.0,14.0,1596.1896182358566,1509.1885820387654,87.00103619709125,0.6666666666666666,0.1999999999999999,-1.0
1044,1.6,0.4,2.0,0.6,1.6,1.8,1.0,0.4,14.0,14.0,1480.845089931238,1454.7882492366682,26.0568406945697,1.0,1.2000000000000002,0.0
1045,0.2,1.8,1.2,1.6,2.2,1.4,0.8,1.8,14.0,14.0,1461.820830818491,1596.5287952804397,-134.70796446194868,1.0,-1.6,0.0
1046,1.6,0.8,2.2,0.8,2.0,2.6,2.4,0.2,14.0,14.0,1529.447861432864,1382.197318111857,147.25054332100694,2.333333333333333,0.8,0.0
1047,1.4,1.6,2.2,2.0,2.2,1.6,1.0,1.4,14.0,13.0,1560.981387422088,1511.4581013516604,49.5232860704275,1.6666666666666667,-0.2000000000000001,1.0
1048,0.8,1.0,1.0,1.4,1.4,1.6,1.2,0.2,14.0,14.0,1430.579121905431,1456.4954277214267,-25.916305815995656,1.6666666666666667,-0.1999999999999999,0.0
1049,0.8,1.8,1.0,2.0,3.0,1.0,0.2,0.8,14.0,14.0,1403.1453155087129,1506.1533537940534,-103.00803828534072,0.0,-1.0,0.0
1050,1.8,0.4,2.0,1.6,1.4,2.6,2.4,0.6,14.0,14.0,1593.1920326657785,1431.7441102568987,161.44792240887978,3.0,1.4,0.0
1051,2.6,1.4,2.6,1.6,0.8,1.2,2.6,0.8,14.0,14.0,1704.2626155446303,1544.5664024847406,159.69621305988994,0.6666666666666666,1.2000000000000002,0.0
1052,2.2,3.0,1.4,4.6,0.6,0.4,2.6,2.4,14.0,14.0,1737.3428788553683,1692.300137792247,45.04274106312141,2.0,-0.7999999999999998,0.0
1053,2.0,1.2,2.0,1.4,1.4,1.2,1.6,0.4,3.0,3.0,1488.417615804789,1457.4733003721742,30.94431543261476,1.0,0.8,0.0
1054,1.0,1.8,1.2,1.0,2.0,1.4,1.0,1.4,3.0,3.0,1387.542969000527,1503.1839951672598,-115.64102616673313,1.3333333333333333,-0.8,0.0
1055,1.4,0.4,2.4,0.8,2.4,1.8,1.6,0.4,3.0,3.0,1567.9294818065034,1447.2157233631171,120.71375844338628,2.0,1.0,0.0
1056,0.4,2.0,0.8,2.4,1.6,1.2,0.8,1.0,3.0,3.0,1429.6012492546836,1504.9217671627696,-75.320517908086,0.0,-1.6,0.0
1057,1.6,1.8,2.6,2.0,2.0,1.4,1.2,1.0,3.0,3.0,1504.5100069672449,1597.560914042003,-93.05090707475848,1.3333333333333333,-0.1999999999999999,0.0
1058,2.6,0.4,3.4,1.6,0.4,2.2,2.4,0.4,3.0,4.0,1695.234638930997,1427.3752288806738,267.8594100503233,3.0,2.2,-1.0
1059,0.4,1.4,1.4,1.6,2.2,1.2,1.0,0.6,4.0,3.0,1463.9385602326302,1540.1629924953736,-76.22443226274345,1.3333333333333333,-1.0,1.0
1060,2.2,2.0,1.2,2.0,0.4,1.8,2.2,2.2,3.0,4.0,1734.408377716618,1602.1942051073622,132.2141726092559,1.3333333333333333,0.2000000000000001,-1.0
1061,1.8,1.4,2.2,1.4,1.6,1.4,2.0,2.0,5.0,5.0,1524.102210544194,1594.4110658663003,-70.30885532210641,0.3333333333333333,0.4000000000000001,0.0
1062,2.6,0.4,2.4,1.0,0.8,3.4,2.6,0.8,4.0,5.0,1708.6660255339975,1404.3769021399964,304.2891233940011,3.0,2.2,-1.0
1063,1.4,0.6,1.4,1.0,2.2,1.4,1.2,0.6,3.0,3.0,1597.2236275025846,1464.405197785773,132.81842971681158,2.333333333333333,0.7999999999999999,0.0
1064,1.0,2.6,0.6,2.8,1.2,0.4,2.2,2.6,3.0,3.0,1539.6963549422308,1697.8656675621153,-158.16931261988452,1.0,-1.6,0.0
1065,1.0,2.2,1.2,1.8,1.2,0.6,2.0,2.6,4.0,3.0,1450.032698802576,1739.3789553213958,-289.3462565188199,0.3333333333333333,-1.2000000000000002,1.0
1066,0.4,1.2,0.8,1.4,1.8,1.6,0.6,0.4,4.0,4.0,1451.9937731289583,1389.1308942904654,62.86287883849309,2.0,-0.7999999999999999,0.0
1067,1.4,1.4,2.2,2.2,1.6,2.2,2.0,1.2,4.0,4.0,1494.4810927979368,1563.151432040662,-68.67033924272528,0.0,0.0,0.0
1068,0.4,2.6,1.2,2.2,2.0,1.2,0.8,1.0,3.0,4.0,1424.7442002495557,1495.858217374387,-71.11401712483166,0.0,-2.2,-1.0
1069,1.4,1.2,0.8,2.0,1.4,1.8,1.8,0.8,4.0,4.0,1501.596069877321,1505.4584293919647,-3.8623595146436855,1.0,0.1999999999999999,0.0
1070,0.8,2.6,1.6,2.2,2.0,0.8,2.0,2.4,3.0,3.0,1584.1144402020038,1710.8537678215905,-126.73932761958643,1.3333333333333333,-1.8,0.0
1071,0.4,1.8,1.2,2.4,3.0,2.0,0.4,1.6,3.0,3.0,1402.1891598524037,1534.3988362084908,-132.20967635608713,0.0,-1.4,0.0
1072,2.0,1.0,2.0,1.0,1.2,1.0,2.4,0.4,5.0,5.0,1596.6124916172837,1440.0419236195164,156.57056799776706,3.0,1.0,0.0
1073,2.0,1.0,2.0,1.8,1.6,2.0,2.0,1.4,7.0,6.0,1485.5384393139343,1586.0120694456991,-100.47363013176482,1.0,1.0,1.0
1074,0.6,0.6,1.2,1.6,1.6,3.2,0.6,0.8,7.0,6.0,1469.4476014294964,1404.2381040423818,65.20949738711465,0.0,0.0,1.0
1075,1.2,0.8,1.4,0.4,1.4,1.6,1.0,0.8,7.0,7.0,1382.5267835041568,1532.449027036988,-149.9222435328311,1.3333333333333333,0.3999999999999999,0.0
1076,2.2,0.8,2.4,1.4,1.0,2.0,2.2,0.2,7.0,7.0,1743.594578617197,1435.063978310009,308.53060030718825,3.0,1.4,0.0
1077,2.0,2.0,2.2,2.0,1.4,1.2,1.8,1.2,7.0,6.0,1572.9019314082154,1601.0779977327638,-28.1760663245484,2.0,0.0,1.0
1078,1.0,0.8,1.2,0.8,1.4,1.8,1.4,1.4,6.0,7.0,1435.576417504036,1489.9942144663846,-54.417796962348575,0.6666666666666666,0.1999999999999999,-1.0
1079,2.6,1.0,2.6,1.4,0.2,2.4,3.0,2.0,8.0,8.0,1705.112995467358,1592.1812238588611,112.931771608497,2.0,1.6,0.0
1080,2.2,0.4,1.8,1.0,1.0,2.0,2.6,0.4,7.0,8.0,1708.956138577895,1445.8170755067747,263.1390630711203,1.6666666666666667,1.8000000000000005,-1.0
1081,1.2,0.8,1.8,1.6,1.8,1.8,1.2,1.0,8.0,8.0,1517.0602848029012,1484.7305934303834,32.3296913725178,2.0,0.3999999999999999,0.0
1082,1.8,0.8,2.6,0.8,2.2,1.6,2.0,0.4,8.0,9.0,1532.3498920185127,1458.5978839152672,73.75200810324554,1.3333333333333333,1.0,-1.0
1083,0.8,1.2,1.0,1.4,2.2,1.2,0.8,0.2,7.0,7.0,1432.923356996321,1475.9920976283347,-43.068740632013714,0.0,-0.3999999999999999,0.0
1084,0.6,1.2,1.6,1.2,2.4,1.2,0.4,0.4,7.0,7.0,1397.6936078435435,1385.0586707118186,12.634937131724882,0.0,-0.6,0.0
1085,1.0,2.0,1.2,1.4,1.6,0.6,1.2,2.6,7.0,6.0,1490.1548693613272,1690.5096346911234,-200.35476532979624,0.0,-1.0,1.0
1086,1.6,2.0,1.8,2.0,1.6,1.6,1.4,1.0,7.0,8.0,1606.7845846350958,1486.698122943873,120.0864616912229,1.3333333333333333,-0.3999999999999999,-1.0
1087,1.0,1.0,1.0,1.4,1.4,1.8,1.4,1.2,7.0,7.0,1463.12333609133,1504.4636622095466,-41.34032611821658,2.333333333333333,0.0,0.0
1088,0.8,1.2,0.6,1.6,2.2,1.6,1.2,0.4,6.0,8.0,1452.2680354971442,1435.4157626090937,16.85227288805072,1.6666666666666667,-0.3999999999999999,-2.0
1089,1.4,1.6,1.8,1.6,1.4,1.2,1.8,2.0,7.0,7.0,1497.327216023738,1691.6498779933395,-194.32266196960177,0.3333333333333333,-0.2000000000000001,0.0
1090,2.0,2.2,1.4,3.4,0.4,1.8,2.4,1.2,3.0,8.0,1696.6761977939354,1538.6797404366357,157.99645735729973,2.333333333333333,-0.2000000000000001,-5.0
1091,1.4,2.0,1.8,2.4,1.6,1.4,1.4,1.8,3.0,11.0,1472.586783288056,1581.988518035582,-109.401734747526,0.6666666666666666,-0.6000000000000001,-8.0
1092,1.4,2.0,1.0,2.0,1.8,1.2,1.6,2.0,3.0,3.0,1460.091433542883,1697.965522662224,-237.8740891193413,0.3333333333333333,-0.6000000000000001,0.0
1093,1.2,0.4,2.0,1.4,1.8,2.8,1.6,0.8,11.0,4.0,1584.8523858157605,1385.63294046628,199.21944534948057,3.0,0.7999999999999999,7.0
1094,0.4,1.4,0.8,1.4,1.8,1.6,1.2,0.8,4.0,3.0,1483.9883062585152,1481.4622275677343,2.5260786907806505,1.3333333333333333,-1.0,1.0
1095,1.0,2.2,0.6,2.8,1.2,1.0,1.6,2.6,12.0,12.0,1529.917139829326,1745.7351999308846,-215.81806010155856,0.3333333333333333,-1.2000000000000002,0.0
1096,2.0,1.6,2.2,2.8,1.6,2.4,2.0,1.2,6.0,4.0,1612.0204800112342,1534.242639110032,77.77784090120213,2.0,0.3999999999999999,2.0
1097,2.0,1.8,1.2,2.2,1.4,1.0,2.0,0.8,3.0,7.0,1474.8061644691356,1486.479033046536,-11.672868577400322,2.333333333333333,0.1999999999999999,-4.0
1098,0.8,1.8,1.4,2.0,2.0,1.4,1.2,1.0,6.0,3.0,1491.0115713548537,1483.999173799918,7.01239755493566,1.6666666666666667,-1.0,3.0
1099,1.2,1.2,2.4,1.6,2.2,1.2,2.0,1.0,3.0,7.0,1588.5242595374186,1397.1193380890822,191.4049214483364,2.333333333333333,0.0,-4.0
1100,2.0,0.2,2.0,1.2,1.2,3.0,2.2,0.2,3.0,3.0,1570.57612752372,1381.9610667446218,188.61506077909823,3.0,1.8,0.0
1101,0.8,1.4,1.6,1.6,2.6,1.4,1.2,2.0,6.0,3.0,1495.0002150128205,1683.250791735971,-188.2505767231505,0.0,-0.5999999999999999,3.0
1102,0.4,0.6,0.8,1.0,1.6,3.0,1.2,0.2,3.0,7.0,1472.207841119137,1422.4364215781195,49.77141954101717,1.0,-0.1999999999999999,-4.0
1103,1.4,0.4,1.2,0.4,1.4,2.0,2.2,1.0,4.0,3.0,1493.2426927071128,1524.1236309778976,-30.88093827078478,0.0,1.0,1.0
1104,1.0,2.6,1.4,3.4,1.8,0.8,1.6,2.6,7.0,3.0,1427.592364563355,1751.528708782313,-323.9363442189581,0.3333333333333333,-1.6,4.0
1105,1.4,2.4,1.2,2.4,2.0,0.4,2.4,2.6,14.0,5.0,1591.9914111053972,1701.113299120539,-109.12188801514183,0.3333333333333333,-1.0,9.0
1106,1.6,1.4,2.8,1.6,2.4,2.0,2.0,1.0,5.0,4.0,1538.0126263559232,1583.3959067620656,-45.383280406142376,1.3333333333333333,0.2000000000000001,1.0
1107,0.6,2.4,1.0,1.2,3.0,1.2,0.8,0.4,6.0,6.0,1415.4948024350797,1483.4240996806268,-67.92929724554733,3.0,-1.7999999999999998,0.0
1108,2.4,1.4,2.6,1.6,0.8,1.4,2.4,1.4,6.0,6.0,1709.7088034638707,1502.4065356426772,207.30226782119348,3.0,1.0,0.0
1109,1.6,0.8,2.0,1.0,1.0,1.6,1.2,1.4,7.0,7.0,1477.8610978350448,1489.106366681414,-11.245268846369072,2.0,0.8,0.0
1110,1.2,2.0,1.4,2.2,1.0,0.8,1.0,1.2,7.0,7.0,1403.310690271181,1574.4345395708128,-171.1238492996315,0.0,-0.8,0.0
1111,3.0,0.8,3.8,1.0,0.8,1.6,2.6,1.0,6.0,7.0,1755.119884146518,1479.1494602621772,275.9704238843408,2.0,2.2,-1.0
1112,0.2,0.8,1.2,1.2,3.4,2.0,0.4,0.2,7.0,6.0,1378.102654697529,1424.00118919915,-45.89853450162104,0.0,-0.6000000000000001,1.0
1113,0.4,1.6,0.2,2.2,2.2,2.0,1.4,2.0,7.0,8.0,1514.9597880423332,1608.250492765343,-93.29070472300988,0.0,-1.2000000000000002,-1.0
1114,1.6,1.0,2.4,1.4,1.8,2.2,2.6,1.2,3.0,8.0,1547.5921713744478,1498.5325622900912,49.05960908435668,1.3333333333333333,0.6000000000000001,-5.0
1115,1.0,0.8,1.4,1.2,1.6,2.2,2.0,0.8,8.0,3.0,1679.7184444587003,1573.816361743541,105.9020827151594,2.0,0.1999999999999999,5.0
1116,2.0,1.2,2.2,2.4,1.4,2.2,2.0,1.0,9.0,9.0,1485.9043784733578,1582.3329073553195,-96.42852888196173,1.3333333333333333,0.8,0.0
1117,1.4,1.6,1.4,2.0,1.6,1.0,2.6,0.8,7.0,7.0,1498.872094150488,1476.4669628784245,22.405131272063727,0.6666666666666666,-0.2000000000000001,0.0
1118,2.0,0.0,1.2,1.0,1.4,3.6,2.4,0.2,8.0,7.0,1483.195915776078,1367.6970046161505,115.4989111599275,1.0,2.0,1.0
1119,1.0,3.0,0.8,4.0,1.0,0.8,1.4,2.6,7.0,7.0,1490.5005016380344,1757.6460514693997,-267.1455498313653,0.0,-2.0,0.0
1120,2.4,0.8,2.8,0.4,0.8,2.2,2.6,0.4,7.0,6.0,1581.340915815358,1525.9150498661688,55.4258659491893,1.3333333333333333,1.6,1.0
1121,0.8,2.0,1.2,3.0,2.0,1.4,1.0,0.8,7.0,6.0,1434.4068392805286,1554.5523733442876,-120.145534063759,1.6666666666666667,-1.2,1.0
1122,0.6,1.0,1.4,1.4,2.8,1.6,1.8,1.2,6.0,7.0,1568.2587906074111,1396.404314026636,171.8544765807751,2.0,-0.4,-1.0
1123,0.8,0.8,1.2,1.2,3.0,2.8,0.8,0.0,6.0,8.0,1491.5723603202514,1415.7229863396285,75.84937398062311,3.0,0.0,-2.0
1124,0.8,2.6,1.0,2.6,2.2,0.6,1.2,1.0,7.0,5.0,1476.6232929392954,1496.9490504318,-20.32575749250464,1.0,-1.8,2.0
1125,1.2,2.4,1.8,2.6,2.2,0.8,1.6,2.6,6.0,8.0,1571.288235396877,1713.24324495606,-141.9550095591826,1.0,-1.2,-2.0
1126,1.6,1.4,2.0,1.8,1.4,1.6,1.6,1.6,8.0,8.0,1597.2952309415075,1685.27601559483,-87.98078465332264,0.3333333333333333,0.2000000000000001,0.0
1127,0.6,3.0,1.2,4.0,2.8,0.4,2.4,2.6,3.0,3.0,1572.426576976192,1762.3025593314296,-189.8759823552377,1.3333333333333333,-2.4,0.0
1128,1.0,2.0,0.6,2.4,1.8,1.8,1.4,1.2,4.0,4.0,1529.1202122618938,1562.8383337363791,-33.718121474485315,2.0,-1.0,0.0
1129,1.0,2.0,1.4,2.8,2.0,1.0,1.6,1.2,3.0,4.0,1563.6042920512562,1578.1357534196331,-14.531461368376997,0.3333333333333333,-1.0,-1.0
1130,3.0,2.6,2.8,1.4,0.4,0.2,2.4,0.4,7.0,8.0,1720.927188301681,1488.5345228277597,232.3926654739216,2.0,0.3999999999999999,-1.0
1131,2.0,1.4,1.8,2.4,0.6,1.6,1.4,1.2,8.0,4.0,1488.795276441751,1569.437022816734,-80.64174637498309,0.0,0.6000000000000001,4.0
1132,0.8,1.4,0.6,1.6,2.0,2.0,1.2,0.4,4.0,4.0,1518.3651985584995,1572.3030226541553,-53.93782409565552,3.0,-0.5999999999999999,0.0
1133,1.0,0.8,1.6,1.4,1.8,2.0,1.0,0.8,8.0,8.0,1392.2365276578553,1426.1208788884371,-33.88435123058184,1.0,0.1999999999999999,0.0
1134,2.6,1.2,2.8,1.2,1.0,1.6,2.6,1.2,4.0,8.0,1573.5933474397732,1486.543780587161,87.04956685261186,2.333333333333333,1.4,-4.0
1135,2.6,1.6,3.0,2.0,0.8,1.4,2.0,1.4,8.0,6.0,1508.086029248134,1598.0988460199496,-90.01281677181578,1.0,1.0,2.0
1136,1.6,0.6,2.4,0.8,2.0,2.4,2.0,0.4,6.0,8.0,1684.472400516388,1465.4863141229616,218.9860863934264,2.0,1.0,-2.0
1137,0.2,1.0,1.0,0.8,3.2,1.6,1.0,1.0,8.0,8.0,1409.4452574087336,1485.8439937760045,-76.39873636727089,0.0,-0.8,0.0
1138,3.0,0.8,3.4,1.4,0.2,3.0,2.6,1.2,5.0,8.0,1768.7293342996547,1497.850089251146,270.87924504850866,3.0,2.2,-3.0
1139,0.0,0.6,1.0,1.2,3.4,2.4,0.4,0.2,8.0,5.0,1362.358397564469,1565.9998020079668,-203.64140444349775,0.0,-0.6,3.0
1140,1.4,1.0,1.2,1.2,1.6,2.0,1.6,1.6,14.0,14.0,1582.4774883978112,1495.3723503893386,87.10513800847252,2.0,0.3999999999999999,0.0
1141,3.0,0.6,2.8,0.8,0.6,2.4,2.4,0.4,14.0,14.0,1724.060771102975,1462.1433449389815,261.91742616399324,3.0,2.4,0.0
1142,2.0,0.8,1.2,0.6,0.6,1.6,3.0,0.6,14.0,14.0,1485.4009400264656,1508.1907328148438,-22.78979278837824,1.6666666666666667,1.2,0.0
1143,,1.6,,2.2,,1.8,,1.2,,14.0,1500.0,1687.815369700368,-187.8153697003679,,,
1144,2.0,0.2,3.2,1.8,1.6,3.2,2.2,0.2,14.0,14.0,1578.843603641429,1365.3564454662703,213.48715817515856,3.0,1.8,0.0
1145,1.2,1.2,1.4,1.2,1.8,1.4,1.0,0.6,14.0,14.0,1436.8711352170662,1480.5403674950328,-43.66923227796656,0.6666666666666666,0.0,0.0
1146,0.8,1.0,1.6,1.6,3.2,2.4,1.2,0.8,14.0,14.0,1495.258526787818,1587.2371500211243,-91.97862323330628,0.6666666666666666,-0.1999999999999999,0.0
1147,1.4,2.6,1.8,3.0,1.4,0.4,1.2,1.6,14.0,14.0,1479.388695617056,1518.9477252469592,-39.55902962990308,0.6666666666666666,-1.2000000000000002,0.0
1148,3.0,3.0,2.8,3.2,0.8,0.4,3.0,3.0,14.0,14.0,1579.5967605319015,1771.3208967629828,-191.72413623108105,0.6666666666666666,0.0,0.0
1149,1.0,1.2,1.4,1.4,2.2,1.8,1.4,0.8,14.0,14.0,1433.8656817196388,1572.0859632601166,-138.2202815404778,1.0,-0.1999999999999999,0.0
1150,1.0,3.0,1.4,2.2,2.4,0.6,1.8,2.6,7.0,7.0,1596.3193216517598,1726.7709444701538,-130.45162281839407,2.0,-2.0,0.0
1151,1.4,1.8,1.2,1.2,1.0,1.4,0.6,1.0,7.0,8.0,1519.257652482475,1588.4795575875066,-69.22190510503174,2.0,-0.4000000000000001,-1.0
1152,2.0,0.8,2.8,1.4,0.8,2.6,2.4,0.6,6.0,7.0,1509.5353857773027,1486.1763551571826,23.35903062012017,2.333333333333333,1.2,-1.0
1153,1.0,1.0,1.0,1.2,1.6,2.0,0.8,0.4,8.0,5.0,1489.3702811996432,1436.0797604132565,53.29052078638665,3.0,0.0,3.0
1154,3.0,,3.2,,0.4,,2.6,,6.0,7.0,1777.701357849371,1493.521379126754,284.1799787226173,,,-1.0
1155,0.2,1.4,1.6,1.6,2.8,1.6,0.2,1.4,7.0,7.0,1361.9244133149691,1436.4014437915234,-74.47703047655432,0.0,-1.2,0.0
1156,1.4,1.4,1.6,0.8,1.6,1.2,1.8,0.4,5.0,7.0,1569.871884566499,1474.3340203588346,95.53786420766436,1.6666666666666667,0.0,-2.0
1157,0.8,2.0,1.2,2.4,1.6,1.4,2.0,1.8,8.0,8.0,1481.0100589205756,1582.27563579273,-101.2655768721545,1.6666666666666667,-1.2,0.0
1158,2.2,1.4,2.6,1.2,1.4,1.4,2.4,1.4,8.0,7.0,1694.293990573614,1488.8010350867123,205.4929554869013,3.0,0.8000000000000003,1.0
1159,0.6,2.4,0.8,2.4,2.6,1.2,0.6,1.6,8.0,7.0,1459.4331715718029,1573.2162994455132,-113.78312787371031,3.0,-1.7999999999999998,1.0
1160,3.0,1.4,2.0,1.4,0.2,1.2,2.4,1.2,7.0,7.0,1734.770526714963,1529.523017932367,205.24750878259533,2.0,1.6,0.0
1161,1.4,0.2,1.2,1.0,1.6,2.2,1.6,0.2,6.0,7.0,1485.236184932344,1352.340854760494,132.89533017185,3.0,1.2,-1.0
1162,0.8,0.4,0.6,0.8,2.0,1.8,2.4,0.8,7.0,6.0,1468.5338715815597,1482.1922240787364,-13.658352497176791,2.0,0.4,1.0
1163,,1.4,,1.2,,1.6,,1.4,7.0,7.0,1491.097685762262,1496.2203732839114,-5.122687521649368,,,0.0
1164,1.0,0.8,0.8,1.0,1.4,2.4,1.6,1.2,7.0,7.0,1429.2296683289885,1588.319739406951,-159.09007107796265,1.3333333333333333,0.1999999999999999,0.0
1165,2.0,0.0,1.8,0.8,1.2,3.6,1.0,0.4,7.0,6.0,1445.9850023459985,1450.968926814004,-4.983924468005398,1.0,2.0,1.0
1166,1.2,3.0,1.4,3.0,2.2,0.4,1.0,3.0,7.0,7.0,1498.5306191258178,1780.1250512138631,-281.59443208804555,0.0,-1.8,0.0
1167,2.4,1.8,2.6,2.6,1.6,1.0,2.4,1.4,7.0,8.0,1581.680544203312,1497.1811218086675,84.49942239464463,3.0,0.5999999999999999,-1.0
1168,1.8,2.6,1.4,2.6,1.0,1.0,2.0,1.6,8.0,7.0,1578.2141921376142,1697.8588407279824,-119.6446485903682,0.6666666666666666,-0.8,1.0
1169,1.6,2.0,1.8,2.0,1.4,0.8,2.2,0.8,7.0,8.0,1581.0934706345693,1575.6720333437738,5.421437290795439,2.0,-0.3999999999999999,-1.0
1170,1.4,0.6,1.4,0.8,2.4,2.4,1.2,0.4,14.0,14.0,1595.5425917427783,1457.2079057474264,138.33468599535195,2.333333333333333,0.7999999999999999,0.0
1171,1.0,2.0,1.4,2.2,1.6,1.4,1.6,2.0,14.0,13.0,1493.5181899128695,1577.7458128766484,-84.22762296377869,0.3333333333333333,-1.0,1.0
1172,1.4,0.3333333333333333,1.4,0.6666666666666666,1.2,2.333333333333333,1.2,,14.0,14.0,1535.9540268730418,1489.5311951028002,46.4228317702416,,1.0666666666666669,0.0
1173,1.4,1.0,2.0,1.0,1.2,1.2,2.4,0.4,13.0,14.0,1501.1158531353312,1422.006815993161,79.10903714217034,1.3333333333333333,0.3999999999999999,-1.0
1174,1.4,1.2,1.4,1.6,1.8,1.8,0.8,1.2,14.0,14.0,1497.7868639433732,1494.1646167994832,3.622247143890036,2.0,0.1999999999999999,0.0
1175,2.6,1.6,2.4,1.4,0.6,1.2,2.4,1.8,13.0,14.0,1706.1587976606938,1444.4146160153048,261.74418164538906,3.0,1.0,-1.0
1176,3.0,1.8,2.8,1.8,0.6,1.8,3.0,1.4,14.0,14.0,1784.491053540198,1490.192130868389,294.2989226718089,2.0,1.2,0.0
1177,0.2,1.8,1.2,1.4,2.4,1.4,0.2,0.8,14.0,13.0,1347.384908824449,1569.9142352049028,-222.52932638045377,0.6666666666666666,-1.6,1.0
1178,1.4,2.6,1.8,1.6,1.0,0.4,1.8,3.0,14.0,14.0,1567.5330704185037,1728.3395177742882,-160.80644735578448,0.3333333333333333,-1.2000000000000002,0.0
1179,0.2,2.0,0.8,2.0,2.8,1.4,0.6,1.4,14.0,14.0,1452.5393131446976,1589.2324335598394,-136.69312041514172,0.3333333333333333,-1.8,0.0
1180,1.8,0.2,1.4,0.8,2.2,2.6,1.6,0.4,7.0,6.0,1600.382736405527,1444.7115509064183,155.671185499109,1.3333333333333333,1.6,1.0
1181,1.0,1.8,1.8,1.4,1.4,1.0,2.0,1.4,7.0,7.0,1497.3130441748638,1575.5500590153508,-78.23701484048706,2.0,-0.8,0.0
1182,1.6,2.6,1.6,2.0,1.2,1.0,1.0,2.0,7.0,6.0,1495.9758659537083,1597.060195798119,-101.08432984441016,0.0,-1.0,1.0
1183,1.0,0.0,1.4,1.0,1.6,3.0,1.0,0.2,7.0,7.0,1425.8096249536284,1452.367761084677,-26.55813613104897,1.3333333333333333,1.0,0.0
1184,2.4,1.0,1.8,1.2,0.2,1.4,1.8,1.4,7.0,7.0,1688.8713084156789,1484.214388864668,204.656919551011,2.0,1.4,0.0
1185,0.2,0.5,1.0,0.5,2.4,1.75,0.2,,7.0,7.0,1341.749085014001,1492.5019553921331,-150.75287037813223,,-0.3,0.0
1186,1.4,1.2,1.8,1.6,0.8,2.0,1.2,1.2,6.0,7.0,1560.3557464322066,1487.88979517548,72.46595125672661,1.3333333333333333,0.1999999999999999,-1.0
1187,0.8,2.0,1.2,2.0,1.8,1.2,0.8,2.6,7.0,7.0,1495.9756147891478,1587.0496139248503,-91.07399913570248,1.3333333333333333,-1.2,0.0
1188,1.6,2.2,1.2,1.2,0.8,0.6,1.4,2.4,8.0,8.0,1532.9832665837089,1461.7021052603195,71.28116132338914,2.0,-0.6000000000000001,0.0
1189,3.0,2.6,2.8,1.6,0.8,0.4,3.0,3.0,8.0,7.0,1786.793389233107,1735.5168417605853,51.27654747252177,1.3333333333333333,0.3999999999999999,1.0
1190,2.2,0.6,1.6,1.2,0.6,1.6,2.6,0.6,6.0,7.0,1738.6144393577226,1424.8500523005969,313.76438705712576,3.0,1.6,-1.0
1191,1.2,0.8,1.4,1.0,1.8,1.8,2.0,0.8,7.0,7.0,1481.5278736582936,1486.867619210506,-5.339745552212435,2.0,0.3999999999999999,0.0
1192,2.0,1.8,2.2,1.6,1.0,0.8,2.0,1.2,7.0,6.0,1596.157609503492,1529.3748122574102,66.78279724608183,2.0,0.1999999999999999,1.0
1193,0.2,0.6,1.0,0.8,2.8,1.4,1.8,1.6,7.0,7.0,1453.3273337377088,1497.837466109203,-44.51013237149414,1.6666666666666667,-0.3999999999999999,0.0
1194,2.0,2.6,1.4,2.6,1.2,1.0,2.6,3.0,7.0,6.0,1585.8831747612728,1783.6957916359695,-197.8126168746969,0.0,-0.6000000000000001,1.0
1195,1.8,1.6,1.2,1.4,0.8,1.0,0.6,1.6,6.0,7.0,1465.3105595866184,1507.1528869905544,-41.842327403936,1.0,0.1999999999999999,-1.0
1196,0.2,2.4,1.0,2.0,2.8,0.2,0.6,1.6,7.0,7.0,1440.2280618959198,1692.4502786702374,-252.22221677431756,0.0,-2.2,0.0
1197,0.6,2.4,0.6,2.0,1.6,1.4,,1.8,8.0,8.0,1489.9477069702757,1604.8662254160258,-114.91851844575037,,-1.7999999999999998,0.0
1198,1.4,1.4,1.0,1.8,1.0,1.0,1.4,0.8,8.0,8.0,1575.0256370810116,1566.717667949393,8.30796913161862,0.6666666666666666,0.0,0.0
1199,1.0,0.2,1.0,0.4,1.6,1.8,1.0,0.0,9.0,9.0,1480.6354186101094,1344.3033334358586,136.33208517425078,1.5,0.8,0.0
1200,2.2,0.2,2.0,0.6,1.0,2.2,2.6,0.0,7.0,5.0,1740.6981486695015,1339.420769596644,401.2773790728577,0.6666666666666666,2.0,2.0
1201,0.8,0.2,1.2,1.2,1.8,2.8,1.6,0.2,7.0,7.0,1479.9674777215168,1435.257657253169,44.70982046834752,1.0,0.6000000000000001,0.0
1202,0.6,2.4,0.8,2.0,1.4,0.4,1.6,2.2,7.0,7.0,1488.283005180382,1697.420683312988,-209.137678132606,1.3333333333333333,-1.7999999999999998,0.0
1203,0.8,1.6,1.4,1.4,2.4,1.4,1.8,1.4,7.0,7.0,1462.88179466653,1589.6540206470966,-126.77222598056665,1.3333333333333333,-0.8,0.0
1204,0.4,1.4,1.4,1.4,2.2,1.6,1.0,0.8,7.0,5.0,1422.7663429888178,1485.517982449324,-62.75163946050611,0.0,-1.0,2.0
1205,2.2,2.2,2.4,1.6,1.2,0.8,2.6,1.6,7.0,7.0,1779.924945750146,1517.6750315247596,262.2499142253864,3.0,0.0,0.0
1206,1.0,0.8,1.0,1.0,1.6,1.6,0.8,0.6666666666666666,7.0,6.0,1488.4280151472828,1491.515354508071,-3.087339360787837,,0.1999999999999999,1.0
1207,2.0,0.8,2.0,0.8,1.6,1.6,1.6,1.4,7.0,7.0,1603.2985778782306,1563.0845220765425,40.214055801688346,0.0,1.2,0.0
1208,1.2,1.8,1.4,2.2,1.6,0.8,1.0,1.4,8.0,7.0,1522.8701296529764,1578.6587829538623,-55.788653300885926,1.0,-0.6000000000000001,1.0
1209,2.6,1.6,3.0,1.0,1.0,0.8,2.0,2.6,8.0,8.0,1602.662292107926,1454.7884150524133,147.8738770555126,1.3333333333333333,1.0,0.0
1210,1.2,2.2,1.2,2.2,1.6,1.2,1.4,2.6,14.0,14.0,1475.4387855551302,1742.011378661561,-266.5725931064308,0.0,-1.0000000000000002,0.0
1211,1.6,2.2,1.6,2.0,1.2,1.2,1.6,1.4,14.0,13.0,1514.969339276505,1600.4916013140664,-85.5222620375614,0.0,-0.6000000000000001,1.0
1212,0.8,1.0,1.0,1.4,1.6,1.6,0.6666666666666666,0.4,14.0,14.0,1483.1389366115172,1464.7803366872538,18.358599924263444,,-0.1999999999999999,0.0
1213,1.0,1.4,0.6,2.2,1.2,2.0,1.2,0.6,13.0,14.0,1565.8914986407065,1487.0417361143202,78.84976252638626,2.333333333333333,-0.3999999999999999,-1.0
1214,1.6,1.2,1.2,1.6,1.2,1.8,2.2,1.0,14.0,13.0,1587.755478626373,1532.7489232873334,55.00655533903932,1.3333333333333333,0.4000000000000001,1.0
1215,0.2,1.0,0.8,1.4,2.6,1.8,0.4,0.4,14.0,14.0,1338.1075396045849,1432.8455398830115,-94.73800027842664,2.0,-0.8,0.0
1216,1.2,1.0,1.8,1.4,1.4,1.8,1.8,1.0,13.0,14.0,1568.7799893195054,1496.8044330438363,71.97555627566908,1.3333333333333333,0.1999999999999999,-1.0
1217,2.4,2.2,1.8,2.0,0.4,0.8,2.4,3.0,14.0,14.0,1703.373717052336,1597.3038393372233,106.06987771511264,1.6666666666666667,0.1999999999999997,0.0
1218,0.2,2.2,1.4,2.2,2.6,1.4,0.6,2.6,14.0,14.0,1428.183398860366,1782.6306379984003,-354.44723913803455,1.0,-2.0,0.0
1219,1.2,0.6,1.0,0.8,1.0,1.2,0.4,1.0,14.0,14.0,1460.1468678231158,1482.329971441034,-22.18310361791805,1.0,0.6,0.0
1220,1.6,1.6,1.8,1.0,1.8,0.8,1.6,2.2,6.0,4.0,1441.8490183278009,1469.0626882427116,-27.213669914910724,1.5,0.0,2.0
1221,2.2,1.2,2.2,1.0,1.2,1.2,1.6,0.8,7.0,7.0,1609.7583300530746,1490.7704849577583,118.98784509531606,2.333333333333333,1.0000000000000002,0.0
1222,0.8,0.6,1.8,0.8,2.2,1.8,2.0,0.5,7.0,7.0,1480.8381599227057,1470.9210722890832,9.917087633622486,,0.2,0.0
1223,1.6,0.0,1.6,1.4,1.6,2.8,1.6,0.2,7.0,6.0,1545.9432525968796,1425.0809437220614,120.86230887481815,2.333333333333333,1.6,1.0
1224,1.6,1.4,1.4,1.6,1.0,1.6,1.4,1.4,7.0,7.0,1476.9982010096878,1505.7026105374969,-28.704409527809048,0.3333333333333333,0.2000000000000001,0.0
1225,2.2,0.2,2.0,1.0,1.4,2.6,2.6,0.0,6.0,7.0,1785.733093136705,1329.1040611597955,456.6290319769096,2.333333333333333,2.0,-1.0
1226,2.0,2.4,2.0,1.6,1.4,0.6,2.6,2.6,8.0,7.0,1726.6796792589323,1708.9274126077742,17.75226665115838,1.6666666666666667,-0.3999999999999999,1.0
1227,2.0,1.0,2.0,0.8,1.0,1.2,1.6,1.6,7.0,8.0,1591.750143781785,1574.5611493168265,17.18899446495857,1.3333333333333333,1.0,-1.0
1228,0.4,1.8,0.6,2.4,1.2,1.2,1.0,1.4,6.0,8.0,1473.414151021438,1575.1541636549453,-101.74001263350716,0.0,-1.4,-2.0
1229,1.0,1.6,1.4,1.0,2.0,0.8,1.2,1.6,8.0,8.0,1490.4302587083964,1572.095074832321,-81.66481612392454,2.0,-0.6000000000000001,0.0
1230,1.4,2.2,1.2,1.8,1.2,1.2,1.4,2.6,7.0,7.0,1495.5101089163825,1786.7054217421148,-291.19531282573234,0.0,-0.8000000000000003,0.0
1231,0.4,1.4,1.4,1.6,2.6,2.0,0.5,1.0,7.0,8.0,1462.9067160131035,1430.9081430860583,31.99857292704519,,-1.0,-1.0
1232,2.6,1.6,2.0,2.0,0.8,2.0,2.4,1.6,6.0,7.0,1711.1286772819224,1541.1619039949842,169.96677328693818,1.3333333333333333,1.0,-1.0
1233,0.4,1.6,0.6,2.2,1.4,1.8,1.6,2.0,6.0,6.0,1566.746981796985,1724.4784145847843,-157.73143278779935,1.0,-1.2000000000000002,0.0
1234,1.6,1.4,1.4,1.6,1.0,2.0,1.0,1.0,8.0,6.0,1480.003563484454,1501.053015292788,-21.04945180833397,1.0,0.2000000000000001,2.0
1235,0.2,1.8,1.0,1.2,2.2,0.6,0.4,0.8,7.0,7.0,1328.1317325543855,1476.0998697850232,-147.96813723063747,2.0,-1.6,0.0
1236,0.2,0.8,1.6,0.4,2.8,0.8,0.0,0.8,7.0,6.0,1429.8622923239568,1484.609778521301,-54.74748619734419,1.0,-0.6000000000000001,1.0
1237,1.0,2.0,0.6,2.2,1.2,1.2,1.8,2.4,7.0,7.0,1561.4723182479297,1599.5643113016265,-38.091993053697024,2.0,-1.0,0.0
1238,1.8,1.8,2.4,1.8,1.2,1.0,1.8,2.0,7.0,8.0,1563.9585361550824,1605.0187060944506,-41.06016993936828,1.0,0.0,-1.0
1239,1.4,1.4,1.6,2.4,1.6,2.4,1.4,0.6,9.0,9.0,1506.6009417621617,1488.8525161986852,17.748425563476303,0.3333333333333333,0.0,0.0
1240,1.4,2.0,2.4,1.6,2.2,0.8,2.6,1.0,5.0,7.0,1481.0536756742215,1511.3297897967957,-30.2761141225742,2.333333333333333,-0.6000000000000001,-2.0
1241,1.4,2.0,1.8,1.6,2.0,1.2,1.8,2.0,7.0,7.0,1536.9581525809806,1770.8857408617016,-233.927588280721,0.3333333333333333,-0.6000000000000001,0.0
1242,0.8,1.4,0.8,1.4,1.2,1.6,1.0,1.0,7.0,5.0,1484.7609465046582,1514.3997822866252,-29.63883578196692,1.0,-0.5999999999999999,2.0
1243,2.6,1.2,1.8,1.4,1.0,1.6,2.4,2.0,7.0,6.0,1715.332428695926,1595.563298877099,119.76912981882695,1.6666666666666667,1.4,1.0
1244,1.4,1.6,1.6,1.0,2.0,0.6,1.2,0.8,7.0,7.0,1492.1694289401962,1463.6206953105172,28.548733629678964,2.0,-0.2000000000000001,0.0
1245,0.4,0.6,1.8,1.0,2.6,2.0,0.2,0.0,7.0,7.0,1429.7111243405996,1340.6109070288917,89.10021731170787,3.0,-0.1999999999999999,0.0
1246,1.6,1.4,1.8,1.8,1.4,1.6,1.6,1.4,7.0,8.0,1600.1940400292592,1711.7373947512592,-111.543354722,0.3333333333333333,0.2000000000000001,-1.0
1247,1.0,1.4,0.8,1.6,1.4,2.0,1.4,1.0,7.0,8.0,1560.8425895202968,1433.4958757064817,127.34671381381509,2.333333333333333,-0.3999999999999999,-1.0
1248,2.0,1.0,1.6,0.6,0.6,0.8,1.6,1.0,8.0,8.0,1488.8871498370456,1579.48800163051,-90.60085179346449,1.0,1.0,0.0
1249,1.8,0.4,2.6,1.4,1.2,2.6,2.4,0.4,7.0,8.0,1573.413943372434,1460.3189833926806,113.0949599797534,,1.4,-1.0
1250,1.0,2.0,1.2,1.8,1.4,1.0,2.2,2.2,13.0,13.0,1710.2646464132115,1479.7656427070071,230.49900370620455,2.0,-1.0,0.0
1251,1.0,0.8,1.0,0.6,1.6,1.2,1.6,0.4,14.0,14.0,1590.3203398966073,1473.8892995703025,116.4310403263048,2.0,0.1999999999999999,0.0
1252,1.4,2.0,1.4,1.8,1.2,1.4,2.0,1.4,14.0,14.0,1502.183230855053,1551.584071714562,-49.400840859509344,1.0,-0.6000000000000001,0.0
1253,1.2,1.8,0.6,2.8,0.4,2.4,1.0,0.0,14.0,14.0,1466.1155470795788,1490.2002346159643,-24.084687536385676,3.0,-0.6000000000000001,0.0
1254,1.4,1.0,1.6,2.0,1.6,2.2,2.0,0.4,14.0,14.0,1525.271429220981,1435.66505973999,89.6063694809909,1.3333333333333333,0.3999999999999999,0.0
1255,1.4,1.2,1.2,1.2,1.8,1.2,1.0,2.0,13.0,13.0,1428.419903245426,1601.6667883673067,-173.24688512188072,0.3333333333333333,0.1999999999999999,0.0
1256,1.8,1.2,1.6,2.2,1.4,1.6,2.6,0.8,14.0,13.0,1756.2598217281202,1558.806881782815,197.4529399453052,1.3333333333333333,0.6000000000000001,1.0
1257,0.8,1.6,1.4,1.4,2.4,0.8,0.6,1.0,14.0,14.0,1474.9260449822996,1565.9185619813525,-90.9925169990529,,-0.8,0.0
1258,0.6,2.6,0.8,1.8,1.8,0.8,0.8,2.6,14.0,14.0,1334.6569716295012,1720.5753876764177,-385.9184160469165,0.3333333333333333,-2.0,0.0
1259,1.4,1.4,1.0,1.4,0.8,1.8,2.0,1.0,14.0,14.0,1588.6095087605486,1489.6745771711346,98.93493158941396,2.333333333333333,0.0,0.0
1260,2.0,0.6,1.6,1.0,1.2,1.8,1.8,0.0,6.0,5.0,1561.8890454337309,1332.0003078040868,229.88873762964408,2.333333333333333,1.4,1.0
1261,1.4,0.8,1.8,1.2,1.8,2.2,2.6,1.0,7.0,7.0,1491.230293981998,1421.5686797939256,69.66161418807246,0.6666666666666666,0.5999999999999999,0.0
1262,1.0,1.2,1.0,1.0,1.4,1.2,1.0,1.4,7.0,5.0,1478.5716655477263,1574.329460327302,-95.75779477957552,1.3333333333333333,-0.1999999999999999,2.0
1263,1.8,1.0,1.6,1.4,1.4,1.8,1.4,1.0,7.0,6.0,1476.6031453720343,1475.8157227710635,0.7874226009707854,,0.8,1.0
1264,1.4,1.0,1.0,1.2,1.6,1.2,1.4,1.0,5.0,7.0,1503.9546256043811,1713.4271437481846,-209.47251814380343,1.3333333333333333,0.3999999999999999,-2.0
1265,1.6,1.4,2.2,1.6,1.4,1.4,0.8,0.8,7.0,7.0,1449.7233004729958,1491.8782571358838,-42.154956662888026,1.0,0.2000000000000001,0.0
1266,1.6,1.0,1.4,1.4,1.2,2.0,1.8,1.4,8.0,8.0,1608.518011818807,1585.6379739191832,22.880037899623854,0.3333333333333333,0.6000000000000001,0.0
1267,2.6,1.2,2.2,1.0,1.2,1.8,2.4,1.4,7.0,8.0,1723.232051501832,1739.96227707711,-16.730225575277927,0.6666666666666666,1.4,-1.0
1268,1.6,1.2,1.6,0.6,1.0,0.4,1.4,1.0,7.0,8.0,1565.0288841925883,1465.0854877135453,99.94339647904326,3.0,0.4000000000000001,-1.0
1269,1.8,1.4,2.6,1.4,1.0,1.8,1.8,1.6,8.0,8.0,1575.1044264338252,1511.2131884879752,63.89123794584998,2.0,0.4000000000000001,0.0
1270,1.0,1.2,1.4,1.2,1.6,1.4,0.8,0.6,3.0,3.0,1467.5476889350082,1479.5972390850056,-12.049550149997458,,-0.1999999999999999,0.0
1271,0.2,1.4,0.8,1.2,2.6,1.8,0.8,1.0,3.0,3.0,1415.136521410915,1498.0096477720635,-82.87312636114848,2.333333333333333,-1.2,0.0
1272,1.6,1.6,2.2,2.0,1.2,0.8,2.2,1.2,4.0,3.0,1719.3721215805022,1570.7251565008733,148.6469650796289,3.0,0.0,1.0
1273,0.4,2.0,0.8,2.4,2.4,1.6,1.8,0.2,3.0,4.0,1577.9792112751984,1497.662452365009,80.31675891018972,1.6666666666666667,-1.6,-1.0
1274,0.6,1.6,0.2,2.4,1.2,1.8,1.2,1.0,3.0,4.0,1459.3892154052603,1439.2101300191773,20.179085386083216,0.3333333333333333,-1.0,-1.0
1275,0.6,1.8,0.6,1.6,2.0,1.4,2.0,1.6,3.0,4.0,1731.2012821237647,1484.8711792080896,246.33010291567507,2.333333333333333,-1.2000000000000002,-1.0
1276,1.4,2.6,1.2,2.2,1.2,1.0,1.4,2.6,4.0,3.0,1573.303886790023,1731.9930464551774,-158.68915966515442,0.0,-1.2000000000000002,1.0
1277,0.8,2.2,0.8,1.8,1.4,0.8,0.8,2.0,5.0,3.0,1338.8284461925907,1616.176774462792,-277.34832827020114,2.0,-1.4,2.0
1278,1.4,1.4,2.0,2.0,1.8,1.0,1.8,1.2,5.0,4.0,1502.3914275897023,1571.682378359404,-69.2909507697018,1.0,0.0,1.0
1279,1.6,1.6,1.4,1.6,1.4,1.4,1.4,1.4,4.0,6.0,1514.6352365623964,1555.060907045227,-40.42567048283058,2.333333333333333,0.0,-2.0
1280,0.8,0.8,1.2,1.0,2.4,2.2,1.8,0.2,3.0,3.0,1584.146707576752,1334.378449684324,249.768257892428,3.0,0.0,0.0
1281,1.4,1.6,1.8,1.6,1.6,1.4,2.6,1.0,3.0,3.0,1491.494956063455,1576.0703818503964,-84.57542578694142,0.0,-0.2000000000000001,0.0
1282,1.2,0.6,1.2,1.0,1.4,2.0,1.0,0.8,4.0,3.0,1490.968667605696,1734.1286380453244,-243.1599704396283,0.3333333333333333,0.6,1.0
1283,1.6,1.2,1.8,1.0,0.8,1.8,2.0,1.0,3.0,3.0,1566.0994526086067,1481.94382328653,84.15562932207672,2.0,0.4000000000000001,0.0
1284,2.0,2.0,1.8,2.2,1.4,0.8,1.8,1.0,3.0,4.0,1524.0724374110869,1723.997825472769,-199.92538806168184,1.3333333333333333,0.0,-1.0
1285,1.0,1.8,0.8,2.0,1.0,1.6,0.6,0.8,5.0,3.0,1456.1762604143178,1512.6587789236444,-56.48251850932661,,-0.8,2.0
1286,0.8,1.4,1.2,1.4,2.2,1.6,1.4,1.2,5.0,3.0,1425.7939134405951,1545.6237061965364,-119.8297927559413,0.6666666666666666,-0.5999999999999999,2.0
1287,1.4,2.2,2.0,2.4,1.0,0.8,2.0,2.0,3.0,4.0,1561.415027025462,1620.6267709710585,-59.21174394559648,1.0,-0.8000000000000003,-1.0
1288,0.8,1.4,1.0,2.0,2.2,2.2,1.4,0.8,6.0,5.0,1487.3522557423837,1431.4777564344847,55.87449930789876,2.0,-0.5999999999999999,1.0
1289,2.2,1.0,2.4,0.8,0.8,1.0,2.6,1.0,6.0,10.0,1720.174935931463,1467.1215889899531,253.05334694151,3.0,1.2000000000000002,-4.0
1290,2.6,1.6,2.4,1.6,1.2,1.4,3.0,1.6,10.0,6.0,1729.226551394804,1527.8953269523925,201.33122444241144,3.0,1.0,4.0
1291,1.0,0.8,1.8,1.4,2.2,2.4,1.0,0.8,7.0,6.0,1565.3642215467478,1427.4991309037136,137.86509064303414,2.333333333333333,0.1999999999999999,1.0
1292,1.2,1.4,1.0,1.2,2.2,1.6,1.8,0.8,7.0,7.0,1495.8701881780444,1587.024951865815,-91.15476368777058,1.0,-0.1999999999999999,0.0
1293,1.2,0.8,1.8,0.8,2.2,1.2,0.8,0.8,5.0,6.0,1424.6945002057892,1446.0750226176156,-21.380522411826405,,0.3999999999999999,-1.0
1294,1.6,1.2,1.6,1.2,1.6,1.4,1.8,1.0,7.0,8.0,1543.918488733418,1495.800868053596,48.11762067982181,2.333333333333333,0.4000000000000001,-1.0
1295,2.6,2.0,3.0,2.4,1.2,1.6,2.2,0.2,7.0,8.0,1630.649458765135,1502.2011163671036,128.4483423980314,0.3333333333333333,0.6000000000000001,-1.0
1296,0.8,1.4,1.2,2.0,2.0,1.2,2.0,0.6,8.0,8.0,1729.2964375974243,1552.1730877170924,177.12334988033194,2.0,-0.5999999999999999,0.0
1297,0.2,0.8,0.8,1.8,2.4,1.6,0.8,1.2,8.0,7.0,1331.5002053952612,1551.3923392313854,-219.89213383612423,1.3333333333333333,-0.6000000000000001,1.0
1298,1.8,1.4,2.0,1.4,1.6,1.8,2.4,0.8,8.0,7.0,1522.7600167203466,1494.135511971079,28.624504749267544,0.6666666666666666,0.4000000000000001,1.0
1299,1.4,0.8,1.4,1.2,1.6,2.0,1.8,0.8,7.0,6.0,1576.1306413977593,1713.3650418690656,-137.23440047130634,1.0,0.5999999999999999,1.0
1300,1.4,1.8,2.0,1.2,1.6,1.8,3.0,1.4,6.0,7.0,1497.1491260064192,1506.7644986461,-9.6153726396808,2.333333333333333,-0.4000000000000001,-1.0
1301,1.8,2.2,1.8,2.2,1.2,0.6,1.0,1.0,6.0,7.0,1508.816038546782,1713.0068972427605,-204.19085869597848,0.0,-0.4000000000000001,-1.0
1302,0.8,1.0,0.8,2.0,1.2,2.0,0.4,1.0,7.0,7.0,1457.1820250559488,1570.2142906403988,-113.03226558445,,-0.1999999999999999,0.0
1303,1.4,1.0,1.6,1.4,2.0,2.0,2.0,1.4,5.0,6.0,1496.6324087535152,1530.903318240232,-34.270909486716846,1.3333333333333333,0.3999999999999999,-1.0
1304,1.2,3.0,0.8,3.2,0.8,1.2,1.8,2.0,8.0,7.0,1474.2896276786555,1635.7014491258194,-161.41182144716367,1.3333333333333333,-1.8,1.0
1305,1.2,0.2,1.6,0.8,1.8,3.0,1.4,0.2,8.0,7.0,1534.2597548252345,1325.8027308384703,208.45702398676397,3.0,1.0,1.0
1306,0.8,0.6,1.4,1.6,2.6,2.6,1.4,0.8,8.0,8.0,1422.649061810063,1413.587497767456,9.061564042606731,2.0,0.2,0.0
1307,1.4,2.0,1.8,1.8,1.4,1.2,2.0,1.4,7.0,6.0,1568.104483445451,1520.2631199379105,47.84136350754056,1.3333333333333333,-0.6000000000000001,1.0
1308,1.4,2.2,2.6,2.4,1.2,1.4,1.4,2.2,7.0,8.0,1557.0898137881763,1722.862123521962,-165.77230973378573,1.0,-0.8000000000000003,-1.0
1309,2.6,1.6,2.2,1.6,0.8,1.8,2.0,1.6,4.0,5.0,1533.27106025331,1502.7432610679762,30.527799185333837,2.0,1.0,-1.0
1310,2.6,1.4,2.8,1.4,1.0,1.0,2.2,1.2,4.0,4.0,1632.862745206795,1527.7748953360117,105.0878498707832,2.333333333333333,1.2000000000000002,0.0
1311,2.2,0.8,3.2,1.2,2.0,2.8,2.6,0.8,4.0,4.0,1729.9084438132377,1410.6870826888617,319.2213611243758,3.0,1.4,0.0
1312,0.8,1.2,1.4,0.8,1.6,0.8,1.8,1.0,5.0,4.0,1701.1779649759635,1477.1283315976802,224.0496333782835,3.0,-0.3999999999999999,1.0
1313,1.6,1.8,2.8,1.4,1.6,1.4,1.4,0.6,5.0,5.0,1578.699644207243,1588.3177182908612,-9.61807408361824,2.0,-0.1999999999999999,0.0
1314,2.4,0.8,1.6,2.4,1.2,2.4,2.4,1.2,5.0,4.0,1518.2046035931312,1550.043493496901,-31.83888990376977,0.0,1.6,1.0
1315,0.4,1.0,0.4,1.4,2.4,2.2,0.6,0.8,4.0,5.0,1332.287590327693,1495.8932167581129,-163.60562643042,1.3333333333333333,-0.6,-1.0
1316,0.6,1.2,1.4,1.6,2.4,1.8,0.8,1.0,4.0,4.0,1425.549476888657,1555.0965431300515,-129.54706624139453,0.0,-0.6,0.0
1317,2.2,0.6,2.6,0.6,0.8,1.8,2.2,1.2,6.0,6.0,1719.0796747215663,1448.6966714891046,270.38300323246176,,1.6,0.0
1318,0.6,1.2,1.2,2.0,2.0,2.0,1.6,0.2,6.0,6.0,1531.6425102356343,1485.709021059388,45.93348917624621,1.6666666666666667,-0.6,0.0
1319,1.6,0.2,1.4,0.2,1.6,2.4,1.0,0.4,3.0,3.0,1505.29145306013,1325.18424419113,180.10720886900003,3.0,1.4,0.0
1320,1.2,2.4,1.0,1.6,1.0,1.2,1.4,1.8,3.0,3.0,1483.8657310948731,1527.395832064823,-43.5301009699499,2.333333333333333,-1.2,0.0
1321,1.8,2.2,1.6,1.4,1.0,0.4,1.6,2.0,3.0,3.0,1542.198494162939,1530.7228682611562,11.475625901782678,1.0,-0.4000000000000001,0.0
1322,0.8,1.0,1.2,1.6,2.6,1.4,0.8,0.2,3.0,3.0,1408.6612843648886,1694.4405654787708,-285.77928111388223,0.0,-0.1999999999999999,0.0
1323,0.6,1.2,2.2,1.4,2.4,1.6,0.8,1.4,3.0,3.0,1540.8522650252091,1437.5248882899243,103.3273767352846,0.0,-0.6,0.0
1324,1.6,2.2,1.2,3.2,1.2,1.8,1.6,2.2,3.0,3.0,1502.996562894676,1731.9342421372105,-228.9376792425346,0.3333333333333333,-0.6000000000000001,0.0
1325,1.8,0.6,1.4,1.0,1.4,1.8,2.2,1.0,4.0,3.0,1579.7577470965384,1528.6845967170548,51.07315037948365,2.0,1.2000000000000002,1.0
1326,0.6,2.0,0.6,2.4,1.8,1.4,0.4,2.2,3.0,4.0,1446.0986584270215,1618.4391463798677,-172.34048795284593,,-1.4,-1.0
1327,0.6,2.0,0.8,3.2,2.2,1.4,1.4,1.4,4.0,4.0,1543.121131728784,1587.2596154015655,-44.13848367278183,1.0,-1.4,0.0
1328,0.8,2.2,1.2,1.8,1.8,0.4,2.4,1.6,5.0,5.0,1488.6669345779676,1721.6776877836492,-233.0107532056816,0.3333333333333333,-1.4,0.0
1329,1.4,0.2,1.2,0.6,1.6,2.8,2.2,0.2,5.0,6.0,1576.6654429769333,1404.3769405423463,172.28850243458692,2.0,1.2,-1.0
1330,1.8,1.2,1.6,1.0,0.8,0.6,1.6,0.6,6.0,6.0,1532.7515630209898,1473.3920440581244,59.35951896286542,2.0,0.6000000000000001,0.0
1331,0.8,2.2,1.2,2.0,1.6,0.6,1.2,2.2,5.0,3.0,1531.77690083666,1727.0725356495236,-195.29563481286368,0.3333333333333333,-1.4,2.0
1332,1.6,1.4,1.6,1.4,1.8,1.6,1.0,2.0,6.0,5.0,1509.3046731224936,1605.3138907151,-96.00921759260656,0.3333333333333333,0.2000000000000001,1.0
1333,1.0,1.6,1.4,1.0,1.4,1.6,1.4,1.4,6.0,6.0,1698.7249093013131,1497.508847417481,201.21606188383203,3.0,-0.6000000000000001,0.0
1334,0.2,0.8,0.2,1.2,1.8,1.8,0.6,0.4,6.0,3.0,1321.1710241287662,1483.2720867120931,-162.1010625833269,0.0,-0.6000000000000001,3.0
1335,0.8,2.4,2.6,3.0,2.6,0.8,0.4,2.0,6.0,5.0,1536.46951257789,1597.7158296354182,-61.24631705752813,1.0,-1.6,1.0
1336,1.4,1.2,1.4,1.0,1.2,1.6,1.2,1.2,7.0,6.0,1540.1697994031051,1459.2239140917893,80.94588531131603,1.0,0.1999999999999999,1.0
1337,2.2,0.6,3.8,0.8,1.8,2.2,2.6,0.8,7.0,6.0,1737.4219576144053,1532.6649174949314,204.7570401194739,1.6666666666666667,1.6,1.0
1338,1.4,3.0,1.8,2.0,1.2,0.6,1.4,1.8,8.0,8.0,1441.9076407372436,1537.8695191015718,-95.9618783643282,1.0,-1.6,0.0
1339,0.8,1.4,1.4,1.8,1.4,1.2,1.8,0.8,10.0,10.0,1490.415153717926,1702.3624538612444,-211.94730014331844,0.0,-0.5999999999999999,0.0
1340,1.0,1.8,0.8,1.4,1.2,0.6,2.0,2.0,10.0,10.0,1604.2811572940852,1539.4451837462527,64.83597354783251,2.333333333333333,-0.8,0.0
1341,3.0,2.2,2.0,3.6,0.2,1.6,2.4,2.2,8.0,9.0,1546.8381337001024,1730.9992345954277,-184.1611008953253,1.0,0.7999999999999998,-1.0
1342,1.0,1.4,0.8,1.6,2.2,1.4,1.0,1.8,10.0,9.0,1493.8713028575498,1536.321858397549,-42.45055553999919,0.3333333333333333,-0.3999999999999999,1.0
1343,2.2,0.8,2.0,2.2,0.6,2.2,2.2,1.2,11.0,11.0,1723.3640023697765,1526.505384312498,196.8586180572786,2.333333333333333,1.4,0.0
1344,0.6,1.4,0.2,1.4,0.8,1.8,1.2,0.0,11.0,11.0,1466.6984233328617,1580.8249922926057,-114.1265689597442,0.3333333333333333,-0.7999999999999999,0.0
1345,0.0,1.6,0.4,1.4,2.8,1.6,0.8,1.8,11.0,11.0,1400.217391226674,1510.3374065435085,-110.1200153168345,0.6666666666666666,-1.6,0.0
1346,3.0,1.4,3.0,1.6,0.2,1.4,2.0,1.4,11.0,9.0,1607.6799579008105,1432.939026138713,174.7409317620975,2.333333333333333,1.6,2.0
1347,1.4,0.8,1.2,1.0,1.6,1.4,0.8,1.2,11.0,12.0,1463.0718550973456,1535.485434116407,-72.41357901906144,1.0,0.5999999999999999,-1.0
1348,0.8,0.2,0.8,0.2,2.0,2.6,1.2,0.4,11.0,12.0,1539.087640513909,1314.0279571229337,225.0596833909756,2.333333333333333,0.6000000000000001,-1.0
1349,2.6,2.0,2.4,1.4,0.8,1.4,2.6,0.6,3.0,3.0,1727.076790734964,1589.2795866322897,137.7972041026742,1.0,0.6000000000000001,0.0
1350,1.0,2.2,1.6,3.4,1.4,1.4,1.4,2.2,4.0,4.0,1494.5295209352037,1727.570330645195,-233.0408097099917,0.0,-1.2000000000000002,0.0
1351,0.0,1.2,0.4,1.6,2.4,1.6,0.8,1.6,3.0,4.0,1391.650037161646,1526.826542868664,-135.17650570701812,0.0,-1.2,-1.0
1352,3.0,1.8,2.8,1.6,0.2,0.8,2.0,2.2,3.0,4.0,1611.7931900375331,1542.8912168619922,68.90197317554112,0.6666666666666666,1.2,-1.0
1353,1.4,1.6,1.2,1.2,2.4,1.4,1.4,2.2,4.0,3.0,1503.3666183864348,1518.9047606085364,-15.53814222210167,1.3333333333333333,-0.2000000000000001,1.0
1354,0.4,0.2,0.2,1.4,1.0,2.6,1.0,1.2,4.0,4.0,1458.2438289931774,1522.7925959473105,-64.54876695413304,0.3333333333333333,0.2,0.0
1355,0.8,1.6,0.8,2.0,1.8,1.2,0.6,1.0,3.0,5.0,1453.4289946637805,1698.2480866439666,-244.8190919801864,0.0,-0.8,-2.0
1356,0.8,1.4,1.0,1.2,2.0,0.8,1.2,1.2,3.0,3.0,1542.334396848916,1545.1282945499725,-2.793897701056494,1.0,-0.5999999999999999,0.0
1357,2.6,0.2,1.8,0.4,0.2,2.2,2.0,0.4,5.0,3.0,1550.2670376503347,1310.7812007879263,239.48583686240815,3.0,2.4,2.0
1358,0.6,1.4,0.8,1.4,1.4,1.6,1.6,0.8,6.0,5.0,1600.8351241783455,1428.82579400199,172.00933017635566,1.0,-0.7999999999999999,1.0
1359,1.8,2.6,1.8,2.0,1.0,0.6,1.6,2.4,7.0,6.0,1556.4399625924602,1553.29422455874,3.145738033720363,1.6666666666666667,-0.8,1.0
1360,1.8,0.8,1.6,0.8,0.8,1.4,1.2,0.6,6.0,6.0,1556.7600988175748,1468.3747455503333,88.3853532672415,1.6666666666666667,1.0,0.0
1361,2.2,0.8,2.6,0.8,0.8,2.2,2.2,1.4,7.0,6.0,1732.9644969070307,1448.297713437532,284.6667834694988,3.0,1.4,1.0
1362,2.2,1.0,3.0,1.4,0.8,1.6,1.4,1.6,6.0,5.0,1703.379367870215,1604.9999703179674,98.3793975522476,1.6666666666666667,1.2000000000000002,1.0
1363,0.0,2.4,0.8,2.2,2.8,1.0,0.0,2.0,6.0,7.0,1307.7540138795214,1598.2444443070654,-290.490430427544,0.0,-2.4,-1.0
1364,0.8,2.2,1.0,1.8,2.2,1.0,1.2,2.2,5.0,7.0,1424.6609478623684,1721.9282956871502,-297.26734782478184,0.0,-1.4,-2.0
1365,1.6,1.2,1.4,1.0,1.6,2.6,2.6,1.4,8.0,8.0,1594.428081680103,1492.0938436296726,102.33423805043071,2.333333333333333,0.4000000000000001,0.0
1366,2.2,1.0,1.4,1.6,0.4,1.4,1.2,1.0,8.0,8.0,1530.1775353652986,1489.1353546733685,41.0421806919303,1.3333333333333333,1.2000000000000002,0.0
1367,1.6,0.8,2.0,1.2,1.6,2.0,1.4,1.0,8.0,7.0,1534.6959362426012,1530.7025925813136,3.993343661287554,1.0,0.8,1.0
1368,0.2,0.0,1.2,0.4,2.0,2.2,0.4,0.0,7.0,8.0,1512.6616793901546,1383.7806437877089,128.88103560244576,1.3333333333333333,0.2,-1.0
1369,2.2,2.2,2.8,2.8,1.0,0.8,2.2,2.2,7.0,7.0,1564.6422331108934,1735.3822278216824,-170.739994710789,0.0,0.0,0.0
1370,1.2,0.6,0.8,0.6,1.2,1.8,1.4,0.6,7.0,6.0,1482.4035887284751,1398.7380524756295,83.66553625284564,0.6666666666666666,0.6,1.0
1371,0.8,0.0,1.0,1.0,2.8,3.2,0.6,0.2,7.0,7.0,1445.8799825228805,1303.5602621005391,142.3197204223411,1.0,0.8,0.0
1372,2.4,1.0,2.2,1.6,1.2,1.6,2.0,1.6,7.0,6.0,1602.4381960860476,1522.8746095451734,79.56358654087421,2.0,1.4,1.0
1373,2.0,1.6,1.8,1.6,1.6,1.0,2.6,1.8,7.0,7.0,1545.0919540403067,1542.731255639433,2.360698400873844,0.3333333333333333,0.3999999999999999,0.0
1374,0.2,1.8,0.6,1.6,2.4,1.2,0.6,0.8,7.0,6.0,1420.5950293958333,1590.068452245166,-169.4734228493328,0.3333333333333333,-1.6,1.0
1375,2.2,2.6,1.8,3.4,1.0,0.8,2.2,1.6,8.0,8.0,1725.994214153685,1709.1123888279983,16.881825325686805,1.6666666666666667,-0.3999999999999999,0.0
1376,1.4,0.2,2.0,1.4,1.6,2.2,0.8,0.6,7.0,7.0,1501.9642738503137,1497.704270702234,4.260003148079477,0.3333333333333333,1.2,0.0
1377,1.4,2.0,1.4,1.6,1.6,0.8,0.6,2.6,7.0,7.0,1542.5239192787417,1517.3486161883534,25.17530309038807,0.3333333333333333,-0.6000000000000001,0.0
1378,1.0,0.8,1.4,1.0,1.8,2.8,2.0,1.0,9.0,8.0,1599.2669493601838,1496.45347306461,102.813476295574,2.0,0.1999999999999999,1.0
1379,1.8,2.2,1.6,2.2,0.8,0.8,1.4,2.6,11.0,11.0,1488.489161822364,1742.2985983302058,-253.80943650784184,1.0,-0.4000000000000001,0.0
1380,1.4,1.6,1.2,1.8,2.0,1.6,0.6,1.0,13.0,11.0,1534.5071112566604,1604.8961547207546,-70.38904346409413,0.0,-0.2000000000000001,2.0
1381,1.6,0.2,1.2,0.8,1.2,3.2,2.2,0.8,14.0,14.0,1577.017848191056,1430.6364649343277,146.38138325672844,1.0,1.4,0.0
1382,2.0,2.0,1.6,2.0,0.6,1.0,1.0,1.0,13.0,3.0,1529.7521980776555,1493.5528059973544,36.19939208030132,0.3333333333333333,0.0,10.0
1383,1.4,2.0,1.6,2.8,1.4,1.6,0.8,2.4,14.0,14.0,1536.6886039408412,1553.3160984230792,-16.627494482238035,2.0,-0.6000000000000001,0.0
1384,0.6,2.2,0.6,2.2,2.2,1.0,0.2,2.2,14.0,13.0,1392.6524793817407,1733.816801924299,-341.16432254255824,0.0,-1.6,1.0
1385,2.0,1.8,3.2,2.0,1.8,1.6,2.0,2.4,13.0,14.0,1701.289801057385,1588.6242016903798,112.66559936700514,2.333333333333333,0.1999999999999999,-1.0
1386,0.6,2.0,1.2,2.4,3.0,1.0,0.0,2.2,14.0,14.0,1318.803779689092,1557.72586260237,-238.922082913278,1.0,-1.4,0.0
1387,0.8,1.4,1.2,1.8,2.2,1.4,1.4,1.4,12.0,13.0,1490.8242677040391,1490.1355277145312,0.6887399895078943,1.3333333333333333,-0.5999999999999999,-1.0
1388,2.2,0.6,2.2,0.6,0.8,2.0,2.2,0.8,4.0,14.0,1737.2349541552153,1433.6456334499435,303.5893207052718,3.0,1.6,-10.0
1389,0.6,1.4,1.4,1.4,1.8,1.6,0.2,1.4,14.0,14.0,1509.5330168380162,1530.120337389439,-20.587320551422863,2.333333333333333,-0.7999999999999999,0.0
1390,1.2,2.6,1.0,2.4,1.2,0.8,1.8,2.2,4.0,3.0,1571.6900889359242,1739.430557840553,-167.7404689046291,0.3333333333333333,-1.4,1.0
1391,0.6,1.4,0.4,1.0,2.2,1.4,0.0,2.0,6.0,6.0,1389.3442755118704,1501.8647386302223,-112.52046311835215,0.6666666666666666,-0.7999999999999999,0.0
1392,2.6,0.8,2.4,1.0,0.8,1.6,2.2,1.0,7.0,7.0,1737.1250057941693,1479.0950567883478,258.02994900582144,2.0,1.8,0.0
1393,0.8,1.4,1.2,1.6,1.6,2.0,1.4,0.4,3.0,8.0,1574.69538778411,1594.597223102766,-19.90183531865614,1.3333333333333333,-0.5999999999999999,-5.0
1394,2.0,0.6,2.8,0.8,1.2,1.8,1.6,0.8,7.0,6.0,1562.987706366642,1431.4500297646057,131.53767660203653,2.0,1.4,1.0
1395,2.6,1.2,2.4,1.0,1.0,1.4,1.4,1.4,7.0,6.0,1506.2529940589664,1521.2498845021123,-14.996890443146183,0.0,1.4,1.0
1396,1.8,1.8,1.6,1.6,1.2,0.8,1.2,2.6,7.0,7.0,1545.4466875538058,1517.0520100160438,28.394677537761936,1.6666666666666667,0.0,0.0
1397,0.2,1.2,0.6,1.4,3.0,1.4,0.6,1.2,7.0,6.0,1435.9642241894592,1518.4034697253428,-82.43924553588363,3.0,-1.0,1.0
1398,0.6,1.8,1.4,1.6,2.6,1.8,0.0,1.6,7.0,8.0,1313.54193592482,1544.806042874649,-231.26410694982903,0.3333333333333333,-1.2000000000000002,-1.0
1399,2.0,2.2,3.2,2.4,1.6,1.2,2.0,1.8,8.0,4.0,1706.6924800145196,1736.4252589923676,-29.732778977848056,0.6666666666666666,-0.2000000000000001,4.0
1400,1.2,1.4,1.6,2.4,2.2,2.0,1.8,1.8,8.0,8.0,1583.2215227332451,1544.5580148101146,38.66350792313051,2.0,-0.1999999999999999,0.0
1401,1.8,1.8,2.0,2.4,1.8,1.0,1.0,2.2,3.0,3.0,1550.2405933353068,1547.9728440944746,2.267749240832245,2.0,0.0,0.0
1402,1.2,0.6,1.4,1.2,2.0,2.8,2.0,0.8,3.0,3.0,1585.746243972702,1308.107385464162,277.6388585085401,1.0,0.6,0.0
1403,1.8,1.2,1.6,1.2,0.8,1.4,0.8,0.8,3.0,3.0,1529.542703225044,1583.546366914174,-54.00366368913001,1.3333333333333333,0.6000000000000001,0.0
1404,1.2,1.8,1.0,1.2,1.2,1.0,1.2,2.0,3.0,3.0,1446.4648920367729,1532.9559943448055,-86.49110230803285,2.0,-0.6000000000000001,0.0
1405,1.8,2.2,1.4,2.2,1.0,1.0,0.2,1.6,5.0,4.0,1510.364488309266,1504.9648962388,5.399592070466042,0.3333333333333333,-0.4000000000000001,1.0
1406,2.2,1.2,2.0,1.8,1.0,2.8,2.2,2.4,3.0,3.0,1747.2942225044103,1590.4557094962672,156.8385130081433,2.333333333333333,1.0000000000000002,0.0
1407,0.8,0.2,0.8,0.8,1.6,3.4,0.6,1.0,4.0,4.0,1522.5379823222788,1426.6091810798082,95.92880124247064,1.0,0.6000000000000001,0.0
1408,1.2,2.0,2.8,2.0,2.6,0.8,2.6,2.6,3.0,4.0,1537.3238280470923,1719.888038277444,-182.56421023035136,0.0,-0.8,-1.0
1409,1.8,1.8,2.0,2.8,1.2,1.6,0.8,1.4,4.0,3.0,1527.7585128349938,1695.8235165024769,-168.06500366748287,1.3333333333333333,0.0,1.0
1410,0.8,0.6,0.6,0.4,1.2,2.6,0.8,0.6,5.0,6.0,1496.3320243050732,1380.8445258328268,115.48749847224644,0.0,0.2,-1.0
1411,2.0,1.0,1.6,1.2,0.8,2.0,0.4,0.8,10.0,11.0,1508.504058220916,1573.718938212569,-65.21487999165265,0.3333333333333333,1.0,-1.0
1412,1.8,1.8,1.8,1.2,1.8,1.2,1.6,2.4,11.0,11.0,1558.4673287633004,1542.1949932976604,16.272335465640026,0.3333333333333333,0.0,0.0
1413,1.8,0.2,2.0,1.2,1.0,2.8,1.4,0.4,11.0,10.0,1539.370131926649,1420.8182952686334,118.55183665801565,3.0,1.6,1.0
1414,2.2,0.6,2.0,0.8,1.0,3.0,2.6,0.6,10.0,11.0,1751.7543810833768,1305.6023396990486,446.1520413843282,2.333333333333333,1.6,-1.0
1415,0.8,1.8,2.2,1.8,2.2,1.6,2.2,2.0,10.0,10.0,1540.7121100076245,1702.8097228299882,-162.09761282236377,0.0,-1.0,0.0
1416,1.2,1.8,1.0,2.2,1.0,1.2,1.2,1.6,11.0,10.0,1437.2258930839182,1506.8253263271502,-69.59943324323194,2.0,-0.6000000000000001,1.0
1417,1.2,0.6,1.6,0.4,1.8,2.6,2.0,0.6,12.0,10.0,1588.2512897378156,1375.505661668478,212.7456280693375,3.0,0.6,2.0
1418,1.4,2.0,1.2,1.6,1.4,0.4,1.2,2.2,11.0,11.0,1528.3288681334536,1716.499756316912,-188.1708881834584,0.0,-0.6000000000000001,0.0
1419,1.8,1.2,1.6,1.8,0.8,1.2,0.8,1.6,11.0,12.0,1520.7723065074822,1539.746108666481,-18.97380215899875,2.0,0.6000000000000001,-1.0
1420,1.4,1.2,1.0,1.6,0.8,2.4,1.2,1.8,11.0,12.0,1501.670888469422,1585.995550917301,-84.32466244787906,1.3333333333333333,0.1999999999999999,-1.0
1421,0.8,1.4,1.2,1.2,1.6,0.8,1.4,2.6,6.0,7.0,1540.9214796770784,1498.6541432618792,42.267336415199225,0.3333333333333333,-0.5999999999999999,-1.0
1422,1.4,1.2,1.6,0.8,1.4,0.8,1.6,1.4,7.0,5.0,1506.549102713139,1492.3698668503948,14.179235862744235,1.3333333333333333,0.1999999999999999,2.0
1423,0.2,1.4,1.0,2.4,2.2,1.2,0.6,1.2,7.0,7.0,1415.5481831961388,1553.568951813718,-138.02076861757928,0.0,-1.2,0.0
1424,1.2,2.4,1.2,2.2,1.6,1.8,2.0,2.0,7.0,7.0,1689.9528810238946,1566.3066337175833,123.64624730631137,2.0,-1.2,0.0
1425,0.6,1.4,0.8,1.2,3.0,1.0,0.0,0.8,7.0,7.0,1304.5726770689637,1437.5021166979293,-132.9294396289656,0.0,-0.7999999999999999,0.0
1426,1.6,1.8,1.6,1.6,0.6,1.2,2.0,0.2,7.0,7.0,1712.969416636821,1591.6954748931034,121.2739417437176,1.6666666666666667,-0.1999999999999999,0.0
1427,1.8,2.0,1.4,1.8,1.4,0.8,1.0,1.2,8.0,7.0,1534.3556883433776,1519.5969354968847,14.758752846492824,1.3333333333333333,-0.1999999999999999,1.0
1428,0.0,1.0,0.0,1.2,2.6,1.6,0.0,1.0,7.0,7.0,1372.0614765131902,1531.8592078135446,-159.79773130035437,0.0,-1.0,0.0
1429,1.6,1.8,0.8,1.4,0.4,1.2,2.0,1.8,14.0,14.0,1718.1789340152895,1542.236562724063,175.94237129122644,0.6666666666666666,-0.1999999999999999,0.0
1430,1.4,1.6,1.8,1.8,1.6,1.2,2.2,1.6,14.0,14.0,1561.3603347545536,1539.063273603121,22.297061151432672,2.0,-0.2000000000000001,0.0
1431,1.4,1.4,1.2,0.8,1.2,0.6,0.8,1.0,14.0,14.0,1445.433334217139,1494.4730560523503,-49.03972183521137,0.0,0.0,0.0
1432,0.8,0.2,1.4,1.2,1.6,2.6,1.2,0.4,14.0,14.0,1528.0601521542276,1407.7568002553032,120.30335189892436,3.0,0.6000000000000001,0.0
1433,2.6,1.6,2.6,1.4,0.8,1.6,2.0,1.4,14.0,14.0,1571.1495549520464,1583.5688531716055,-12.419298219559096,1.3333333333333333,1.0,0.0
1434,2.6,1.4,2.2,1.4,0.8,1.2,2.6,1.6,14.0,14.0,1752.7840437134616,1504.4459135111836,248.33813020227808,1.3333333333333333,1.2000000000000002,0.0
1435,1.4,0.0,1.4,0.0,1.0,2.4,2.0,0.6,14.0,14.0,1685.1099597894315,1364.8574107236138,320.2525490658177,3.0,1.4,0.0
1436,1.2,2.0,1.2,1.6,2.2,0.6,1.8,3.0,14.0,14.0,1595.296572536328,1511.51547078473,83.78110175159804,2.0,-0.8,0.0
1437,0.0,2.4,0.6,2.0,3.2,0.6,0.0,2.6,14.0,14.0,1296.641459549754,1544.6402439991436,-247.99878444938963,0.0,-2.4,0.0
1438,1.2,1.4,1.2,1.4,1.2,1.2,2.6,1.2,14.0,14.0,1586.485957514635,1511.7160611161992,74.76989639843578,3.0,-0.1999999999999999,0.0
1439,2.0,2.0,1.8,1.8,1.4,1.2,1.8,1.2,3.0,4.0,1594.9298381273964,1569.0349632903003,25.894874837095813,1.0,0.0,-1.0
1440,2.0,2.0,1.8,2.0,0.8,1.4,1.4,2.0,3.0,3.0,1539.7020120250572,1559.7885699962555,-20.08655797119832,1.3333333333333333,0.0,0.0
1441,0.8,1.6,1.0,0.8,1.2,0.6,1.8,1.8,3.0,4.0,1501.5473246292909,1722.2696153763245,-220.7222907470334,0.3333333333333333,-0.8,-1.0
1442,0.6,2.0,1.4,1.2,2.6,0.8,0.0,1.2,3.0,4.0,1422.525729181559,1455.117976657039,-32.59224747548001,3.0,-1.4,-1.0
1443,1.4,0.2,0.8,1.0,0.6,1.8,1.2,1.6,4.0,3.0,1484.7884136124503,1513.2912232279718,-28.502809615521528,1.0,1.2,1.0
1444,1.4,1.8,1.6,1.4,1.0,0.6,0.4,0.2,4.0,3.0,1505.4327138950785,1592.7904823880622,-87.35776849298372,1.3333333333333333,-0.4000000000000001,1.0
1445,1.2,2.6,1.2,2.0,1.4,0.6,1.4,2.2,5.0,4.0,1538.1458813630284,1755.6826325953543,-217.536751232326,0.3333333333333333,-1.4,1.0
1446,1.6,1.4,1.8,1.0,1.2,1.0,1.4,1.4,5.0,4.0,1531.388645067374,1687.1249765578532,-155.7363314904792,1.0,0.2000000000000001,1.0
1447,0.8,0.2,1.2,0.6,1.4,2.8,0.8,0.6,3.0,4.0,1505.411536242772,1301.5796915238404,203.8318447189315,2.333333333333333,0.6000000000000001,-1.0
1448,0.0,1.8,0.0,1.4,2.4,2.0,0.0,1.8,5.0,5.0,1362.8423939551922,1601.3793294259797,-238.5369354707875,0.3333333333333333,-1.8,0.0
1449,1.8,1.0,1.0,0.8,0.6,1.0,2.0,2.4,7.0,6.0,1717.947639290907,1506.2185103817246,211.7291289091827,3.0,0.8,1.0
1450,1.4,0.0,1.4,0.0,1.8,2.2,1.8,0.6,7.0,5.0,1550.9323439951008,1357.5719489360267,193.3603950590741,1.6666666666666667,1.4,2.0
1451,1.6,2.6,1.0,2.0,0.6,0.6,2.0,2.6,6.0,7.0,1684.437149149129,1548.558238026212,135.8789111229171,1.6666666666666667,-1.0,-1.0
1452,2.0,0.8,1.4,0.8,0.8,1.0,2.6,1.6,7.0,7.0,1561.4580498682806,1505.8693007147078,55.588749153572735,1.0,1.2,0.0
1453,0.2,2.4,0.8,1.8,2.6,1.2,0.2,1.4,6.0,7.0,1297.986743449569,1602.5067515494163,-304.52000809984725,0.0,-2.2,-1.0
1454,2.0,0.6,1.2,1.4,0.2,2.2,3.0,0.8,7.0,8.0,1592.004685901416,1411.73850293837,180.26618296304605,0.0,1.4,-1.0
1455,2.4,1.0,2.0,1.0,0.8,1.0,3.0,1.0,7.0,8.0,1741.4355115486123,1483.8843270027382,257.5511845458741,2.333333333333333,1.4,-1.0
1456,2.4,1.6,2.0,1.4,1.2,0.8,1.8,1.4,6.0,7.0,1606.649774445145,1534.0764724760982,72.57330196904695,2.0,0.7999999999999998,-1.0
1457,2.0,0.8,1.4,1.0,1.0,1.4,1.4,1.2,8.0,7.0,1465.905202900228,1509.0044843170433,-43.0992814168153,2.333333333333333,1.2,1.0
1458,0.4,1.8,1.4,1.8,2.0,1.4,0.6,1.8,9.0,8.0,1514.195309837684,1552.3930024097704,-38.19769257208645,1.3333333333333333,-1.4,1.0
1459,2.4,2.0,2.0,2.0,0.8,1.6,1.8,2.0,3.0,4.0,1613.0090154161433,1543.6660401891231,69.34297522702013,1.3333333333333333,0.3999999999999999,-1.0
1460,2.4,3.0,2.0,3.0,1.0,0.4,1.8,1.8,7.0,3.0,1606.4391028393516,1619.4491801401334,-13.01007730078186,0.0,-0.6000000000000001,4.0
1461,1.0,1.0,0.8,1.4,1.0,2.0,0.4,1.4,7.0,7.0,1512.75761038223,1544.7064045434247,-31.94879416119465,0.6666666666666666,0.0,0.0
1462,1.4,1.0,1.2,1.4,2.4,1.6,1.8,1.6,3.0,5.0,1537.225875465133,1523.5686113803044,13.657264084828512,0.3333333333333333,0.3999999999999999,-2.0
1463,1.2,1.6,0.8,1.8,0.8,1.0,1.4,1.4,7.0,7.0,1519.078669016306,1689.3293469862178,-170.25067796991198,0.3333333333333333,-0.4000000000000001,0.0
1464,0.4,0.2,0.8,0.8,1.4,2.4,0.8,0.6,6.0,7.0,1481.1147250923154,1294.054392159634,187.06033293268135,2.333333333333333,0.2,-1.0
1465,1.2,1.6,1.4,0.8,1.4,0.6,1.8,0.2,6.0,7.0,1543.0197008671498,1586.0149711060717,-42.99527023892165,1.0,-0.4000000000000001,-1.0
1466,0.8,1.8,1.4,1.2,2.0,0.8,0.0,1.8,7.0,8.0,1417.7282177337145,1711.408539290402,-293.68032155668743,0.0,-1.0,-1.0
1467,0.2,2.4,0.4,2.0,2.2,1.0,0.0,1.6,8.0,7.0,1363.7978883877029,1744.2051134590351,-380.4072250713323,0.0,-2.2,1.0
1468,1.0,2.6,1.0,2.0,1.2,1.0,1.0,1.8,7.0,7.0,1527.7172315051,1475.4191444359817,52.29808706911854,2.0,-1.6,0.0
1469,0.8,1.8,1.4,1.4,2.0,1.0,1.4,0.6,8.0,9.0,1499.4905427812898,1548.2486815666823,-48.7581387853927,2.0,-1.0,-1.0
1470,2.2,3.0,2.2,2.6,0.8,0.4,2.0,1.8,3.0,3.0,1696.2584675076987,1615.0948107578945,81.1636567498042,1.0,-0.7999999999999998,0.0
1471,2.2,1.0,1.8,1.0,0.6,2.4,2.0,1.4,3.0,4.0,1715.541755318931,1535.13704979363,180.40470552530127,3.0,1.2000000000000002,-1.0
1472,0.4,0.6,1.4,1.0,2.6,1.4,2.0,0.8,7.0,7.0,1535.5120333841232,1475.0010836274605,60.51094975666297,0.6666666666666666,-0.1999999999999999,0.0
1473,1.6,1.0,1.0,0.6,0.8,1.0,2.6,1.6,6.0,7.0,1596.5040161364584,1512.149548494825,84.35446764163339,1.3333333333333333,0.6000000000000001,-1.0
1474,2.4,0.8,3.0,1.4,1.2,2.6,2.4,1.0,7.0,6.0,1610.7934722215905,1413.595001705185,197.19847051640545,3.0,1.6,1.0
1475,0.4,1.2,0.8,1.4,2.0,1.4,0.2,1.2,7.0,6.0,1300.1680336244892,1532.530655836763,-232.3626222122737,0.3333333333333333,-0.7999999999999999,1.0
1476,3.0,0.2,2.0,0.4,0.8,2.2,2.0,0.2,6.0,6.0,1488.5432988619707,1361.0672824139583,127.4760164480124,1.0,2.8,0.0
1477,1.0,0.8,1.0,0.8,1.2,1.2,0.6,0.8,8.0,7.0,1525.6574370518074,1514.5930770791108,11.064359972696591,2.333333333333333,0.1999999999999999,1.0
1478,2.4,0.6,1.8,1.2,1.0,2.0,3.0,1.2,7.0,6.0,1746.9357194327797,1489.167088878299,257.76863055448075,2.0,1.7999999999999998,1.0
1479,1.8,1.6,1.6,1.6,1.2,1.2,2.0,2.0,10.0,12.0,1558.5721354696734,1521.9519815415315,36.62015392814192,1.3333333333333333,0.1999999999999999,-2.0
1480,2.6,3.0,2.2,2.2,0.6,0.6,2.0,2.4,10.0,6.0,1702.4051879003614,1493.6164525586496,208.7887353417118,2.0,-0.3999999999999999,4.0
1481,1.8,1.2,2.0,1.0,1.0,1.0,1.6,1.2,10.0,6.0,1709.5494845375863,1523.6400950264183,185.909389511168,2.0,0.6000000000000001,4.0
1482,2.4,1.2,2.6,1.4,0.8,1.6,2.2,1.2,11.0,7.0,1608.9480903652318,1537.9402148493823,71.00787551584949,3.0,1.2,4.0
1483,0.8,0.8,0.4,1.0,1.0,2.4,0.8,0.8,7.0,7.0,1506.0807530438335,1409.8881248156565,96.192628228177,3.0,0.0,0.0
1484,0.2,0.4,0.4,0.8,2.2,2.0,0.0,0.8,7.0,7.0,1355.9941287172794,1294.7584746118698,61.2356541054096,1.0,-0.2,0.0
1485,1.6,0.4,1.6,0.4,1.0,1.4,1.0,1.0,3.0,7.0,1534.6633934484678,1516.6104191044997,18.05297434396812,0.3333333333333333,1.2000000000000002,-4.0
1486,0.8,2.4,1.6,3.2,2.6,1.0,2.0,1.2,8.0,8.0,1542.176168688637,1614.500349111119,-72.32418042248196,2.333333333333333,-1.6,0.0
1487,2.2,2.4,1.2,2.2,0.6,1.0,2.6,1.6,8.0,7.0,1602.57281158745,1749.7023360068897,-147.12952441943958,0.3333333333333333,-0.1999999999999997,1.0
1488,0.4,0.6,1.2,1.4,1.8,2.6,1.0,0.6,8.0,7.0,1468.3369483229465,1486.4004723041892,-18.063523981242724,1.3333333333333333,-0.1999999999999999,1.0
1489,1.0,1.2,1.2,0.8,2.6,1.2,2.0,1.2,12.0,4.0,1541.1293205749748,1545.8607235627371,-4.731402987762294,0.6666666666666666,-0.1999999999999999,8.0
1490,1.8,2.4,1.2,2.2,0.8,0.8,0.8,1.8,7.0,7.0,1539.732949334395,1615.346479576758,-75.61353024236291,0.6666666666666666,-0.5999999999999999,0.0
1491,1.2,1.0,1.2,0.8,1.4,1.2,1.8,1.0,7.0,7.0,1531.5418256378562,1501.865392623857,29.676433013999485,1.6666666666666667,0.1999999999999999,0.0
1492,0.4,2.2,1.0,2.2,2.6,1.2,0.0,2.0,7.0,6.0,1414.1034852356331,1542.45389466882,-128.35040943318677,0.0,-1.8000000000000005,1.0
1493,0.2,2.6,0.6,2.0,2.2,0.6,0.2,1.4,7.0,8.0,1288.1128639074807,1705.9147994308314,-417.8019355233507,0.0,-2.4,-1.0
1494,2.4,1.0,2.0,1.8,0.8,2.2,2.0,0.8,8.0,6.0,1490.1068410281796,1542.5307384150178,-52.42389738683824,0.6666666666666666,1.4,2.0
1495,1.8,1.2,2.2,1.8,1.6,1.2,3.0,1.8,7.0,8.0,1737.2458287222344,1693.45663022961,43.78919849262434,0.6666666666666666,0.6000000000000001,-1.0
1496,0.4,0.6,1.0,1.4,2.0,1.8,1.0,0.8,7.0,7.0,1508.8199178841471,1467.1357473646542,41.68417051949314,1.0,-0.1999999999999999,0.0
1497,2.0,2.2,2.8,1.6,1.2,0.8,3.0,0.8,7.0,7.0,1614.1457793847385,1615.029318872105,-0.883539487366761,1.0,-0.2000000000000001,0.0
1498,0.8,0.8,0.8,0.8,1.4,1.8,1.4,0.2,6.0,8.0,1547.4381979947425,1362.6397394216683,184.79845857307373,2.0,0.0,-2.0
1499,0.8,0.6,1.6,1.0,2.6,2.6,1.4,1.0,7.0,6.0,1487.6016732624814,1539.5518461429697,-51.95017288048825,2.0,0.2,1.0
1500,2.4,0.2,2.0,1.0,0.6,2.8,2.6,0.2,6.0,5.0,1624.8973883313022,1477.370022063183,147.5273662681193,1.0,2.2,1.0
1501,2.0,0.2,1.6,1.0,1.2,2.4,2.6,0.8,5.0,5.0,1606.7145950331435,1495.9740084058117,110.74058662733182,1.3333333333333333,1.8,0.0
1502,1.2,2.0,2.0,2.4,1.4,1.0,1.6,1.4,7.0,7.0,1696.3581236522457,1622.4605032236998,73.8976204285459,1.0,-0.8,0.0
1503,2.6,0.6,2.4,0.8,1.2,1.6,1.6,0.6,8.0,8.0,1550.511604188524,1519.016561071617,31.495043116907027,1.3333333333333333,2.0,0.0
1504,1.4,0.4,1.2,0.4,1.2,1.6,0.8,0.2,8.0,8.0,1514.390657190096,1295.8512924982083,218.53936469188736,1.0,1.0,0.0
1505,1.0,0.4,1.2,0.8,1.6,2.4,0.6,1.0,7.0,8.0,1368.712449489815,1406.0457757159295,-37.33332622611442,1.0,0.6,-1.0
1506,1.0,1.0,1.4,1.0,1.4,1.4,1.2,1.4,7.0,7.0,1479.98165684299,1541.3654879265955,-61.383831083605855,1.0,0.0,0.0
1507,1.6,2.0,2.0,2.2,1.8,1.4,1.6,1.4,9.0,8.0,1552.748761621776,1734.3443352995987,-181.59557367782256,0.3333333333333333,-0.3999999999999999,1.0
1508,1.2,1.8,1.0,1.6,1.6,1.0,2.2,2.4,9.0,10.0,1549.7834973422682,1479.8888178214213,69.89467952084692,2.333333333333333,-0.6000000000000001,-1.0
1509,2.6,1.6,2.0,0.8,0.6,0.6,2.6,1.2,10.0,10.0,1698.1763708401036,1530.1820405798508,167.9943302602528,2.0,1.0,0.0
1510,1.0,1.4,0.8,1.2,1.2,1.2,0.8,0.4,5.0,7.0,1525.940466866553,1378.060974193697,147.87949267285626,2.0,-0.3999999999999999,-2.0
1511,1.2,2.6,1.4,1.6,1.8,0.4,1.2,1.6,7.0,5.0,1531.5907663622995,1702.4179445534014,-170.82717819110167,0.0,-1.4,2.0
1512,0.2,1.0,0.4,1.4,2.4,1.4,0.0,0.8,7.0,7.0,1396.697251012048,1470.0214864926727,-73.3242354806248,0.0,-0.8,0.0
1513,1.4,1.8,2.2,1.8,1.8,1.0,2.6,1.0,6.0,5.0,1720.980755505831,1556.2098028821931,164.77095262363764,2.0,-0.4000000000000001,1.0
1514,0.2,2.4,0.8,1.8,1.8,0.6,1.0,2.4,9.0,9.0,1490.527522316385,1629.546049083185,-139.01852676679982,2.333333333333333,-2.2,0.0
1515,1.4,1.4,1.4,1.4,1.2,1.2,3.0,1.4,7.0,7.0,1616.1342807709846,1517.7407921688275,98.39348860215703,0.6666666666666666,0.0,0.0
1516,1.6,2.4,1.4,1.4,1.4,0.8,1.4,0.8,7.0,9.0,1551.325658276913,1612.16108112257,-60.83542284565715,1.3333333333333333,-0.7999999999999998,-2.0
1517,0.4,1.6,0.4,2.0,1.4,1.2,0.4,1.4,7.0,7.0,1292.501157519477,1702.684346104961,-410.183188585484,0.6666666666666666,-1.2000000000000002,0.0
1518,0.2,2.0,0.6,2.2,2.4,1.8,0.8,1.4,9.0,6.0,1472.7213613113,1566.1123414155438,-93.39098010424368,1.0,-1.8,3.0
1519,1.2,2.4,1.2,2.6,1.4,1.6,2.0,2.0,5.0,7.0,1473.4625122814962,1537.9373988978411,-64.47488661634497,1.0,-1.2,-2.0
1520,1.0,1.4,2.2,1.2,2.0,1.2,2.2,1.2,14.0,14.0,1715.2846726421917,1530.5818988753686,184.70277376682293,3.0,-0.3999999999999999,0.0
1521,1.8,1.4,1.0,1.2,0.8,0.6,3.0,1.4,14.0,14.0,1617.310132476862,1601.8669700046169,15.443162472245149,1.0,0.4000000000000001,0.0
1522,2.6,1.2,2.6,1.2,1.2,1.8,1.6,1.2,14.0,14.0,1575.1542198500692,1524.6766664127051,50.477553437363895,1.0,1.4,0.0
1523,,1.4,,1.8,,1.4,,1.2,,14.0,1500.0,1479.638172067996,20.36182793200396,,,
1524,0.2,0.8,0.6,1.6,2.8,2.0,0.8,1.0,14.0,14.0,1463.6794828767747,1381.4862713292262,82.19321154754857,3.0,-0.6000000000000001,0.0
1525,0.8,2.6,1.2,1.6,1.6,0.4,2.0,1.6,14.0,14.0,1473.5913027501645,1709.3320445029958,-235.74074175283133,0.0,-1.8,0.0
1526,2.4,1.8,1.2,2.0,0.6,1.2,2.6,1.0,14.0,14.0,1622.1370357665276,1561.9058857458328,60.23115002069471,1.6666666666666667,0.5999999999999999,0.0
1527,0.8,1.6,1.2,1.6,1.6,1.4,1.0,1.8,14.0,14.0,1502.763438922708,1705.0353914992045,-202.27195257649623,0.3333333333333333,-0.8,0.0
1528,1.0,2.0,1.0,2.0,1.4,1.4,0.8,1.6,14.0,14.0,1541.3497036329554,1537.8086084291729,3.541095203782561,1.0,-1.0,0.0
1529,0.2,2.0,1.2,1.6,3.0,0.8,0.4,1.8,14.0,14.0,1394.59603982943,1532.0081029351952,-137.41206310576536,0.3333333333333333,-1.8,0.0
1530,1.4,2.0,1.4,1.0,1.4,0.6,0.6,1.4,6.0,5.0,1471.9107871777824,1618.8083301076333,-146.89754292985094,0.0,-0.6000000000000001,1.0
1531,2.0,0.8,1.4,1.2,1.0,2.2,1.6,0.0,6.0,5.0,1711.1549823479777,1406.787985122999,304.3669972249786,3.0,1.2,1.0
1532,1.2,0.2,1.4,0.6,1.8,2.4,1.4,1.8,8.0,7.0,1526.652870248589,1468.2581419685876,58.39472828000135,2.0,1.0,1.0
1533,1.4,2.0,1.8,0.8,2.0,0.4,1.4,1.8,6.0,7.0,1529.6173471883228,1615.17220045684,-85.55485326851726,0.3333333333333333,-0.6000000000000001,-1.0
1534,0.2,,0.8,,2.4,,1.0,,7.0,7.0,1375.3647552193815,1507.7273848902137,-132.36262967083212,,,0.0
1535,2.6,0.8,2.0,1.0,0.2,1.8,3.0,0.2,7.0,7.0,1714.6652052845727,1469.800998986619,244.8642062979534,2.0,1.8,0.0
1536,1.8,1.6,1.6,1.6,0.8,1.2,2.2,2.0,7.0,7.0,1565.234591404727,1549.5409648738057,15.69362653092162,0.6666666666666666,0.1999999999999999,0.0
1537,2.0,2.2,1.6,2.2,0.8,1.0,1.2,1.4,6.0,8.0,1519.816157641626,1572.077427355974,-52.26126971434815,1.3333333333333333,-0.2000000000000001,-2.0
1538,0.8,0.6,1.0,1.0,1.8,1.6,1.2,0.2,8.0,7.0,1527.7534589068005,1496.6438480739346,31.109610832865883,1.0,0.2,1.0
1539,1.0,1.0,0.6,2.0,0.6,2.2,2.4,1.2,9.0,10.0,1604.0049020246388,1719.2137012689711,-115.20879924433234,0.3333333333333333,0.0,-1.0
1540,2.0,1.0,1.4,1.2,0.6,1.8,2.2,1.4,8.0,6.0,1626.3580978986938,1525.189615080484,101.1684828182099,2.0,1.0,2.0
1541,0.8,0.8,1.0,0.8,2.8,1.0,1.0,1.0,7.0,5.0,1404.6011161210615,1595.5806981217247,-190.9795820006632,0.6666666666666666,0.0,2.0
1542,0.8,0.6,0.6,1.0,1.0,2.2,0.8,0.8,6.0,7.0,1499.2076919002511,1387.417916560724,111.78977533952708,1.6666666666666667,0.2,-1.0
1543,,1.4,,1.2,,1.4,,1.6,7.0,7.0,1495.6742235488712,1540.3515514501505,-44.67732790127912,,,0.0
1544,1.2,1.2,1.2,1.2,1.6,1.6,1.2,1.0,7.0,7.0,1486.8524935368648,1533.371246810741,-46.5187532738762,1.3333333333333333,0.0,0.0
1545,0.2,2.4,0.6,1.6,2.4,0.4,1.4,1.8,7.0,6.0,1461.5397654064354,1529.5934559072523,-68.05369050081686,1.3333333333333333,-2.2,1.0
1546,1.4,1.8,0.6,1.6,0.6,0.8,2.6,1.2,8.0,7.0,1604.4379961950126,1563.0897810135484,41.34821518146418,0.3333333333333333,-0.4000000000000001,1.0
1547,2.0,2.0,2.0,1.8,1.2,0.6,1.8,2.2,7.0,8.0,1562.3001290903478,1697.6137107343272,-135.31358164397943,1.3333333333333333,0.0,-1.0
1548,1.6,2.6,2.4,2.2,2.0,0.6,2.2,2.2,6.0,8.0,1727.6379051718852,1713.3418513499153,14.296053821969965,0.6666666666666666,-1.0,-2.0
1549,1.6,1.2,1.6,1.4,1.2,2.2,0.8,1.2,7.0,9.0,1551.6857752649842,1464.361019386722,87.3247558782623,3.0,0.4000000000000001,-2.0
1550,2.4,1.4,1.8,1.2,0.4,1.4,1.6,1.6,13.0,13.0,1705.4482538879129,1537.6825350183103,167.76571886960255,2.333333333333333,1.0,0.0
1551,1.8,2.0,1.4,2.0,1.4,1.4,2.0,1.2,14.0,13.0,1543.75907366388,1574.4345016631344,-30.675427999254453,1.0,-0.1999999999999999,1.0
1552,0.8,2.6,1.2,1.8,1.8,0.2,2.0,2.0,14.0,14.0,1530.7922876971516,1632.025684072997,-101.23339637584536,0.6666666666666666,-1.8,0.0
1553,1.8,2.0,1.8,1.6666666666666667,0.8,1.0,1.8,,13.0,14.0,1575.9268016346805,1505.23348730187,70.69331433281059,,-0.1999999999999999,-1.0
1554,2.4,0.8,1.6,0.4,0.6,1.2,1.6,1.2,14.0,13.0,1539.361693570601,1591.6009755738803,-52.23928200327987,0.3333333333333333,1.6,1.0
1555,1.0,0.8,1.0,0.6,1.6,2.4,0.8,0.0,14.0,14.0,1519.5220289061808,1408.2020181705147,111.32001073566607,3.0,0.1999999999999999,0.0
1556,0.4,0.2,0.4,1.0,1.0,2.6,1.8,1.2,14.0,14.0,1591.9797960722717,1451.771527743087,140.20826832918442,3.0,0.2,0.0
1557,1.2,1.2,1.6,1.2,2.2,1.4,0.6,0.8,13.0,14.0,1478.3642596333957,1476.464666683726,1.8995929496697956,0.6666666666666666,0.0,-1.0
1558,0.6,2.0,1.2,2.2,2.0,1.6,1.0,1.2,14.0,14.0,1381.9953341905991,1735.5315026338876,-353.5361684432885,0.0,-1.4,0.0
1559,1.8,1.4,2.0,1.2,1.0,1.0,2.4,0.4,14.0,14.0,1685.479338161541,1504.630274270376,180.84906389116463,1.3333333333333333,0.4000000000000001,0.0
1560,1.4,1.8,1.6,1.8,1.4,1.0,2.2,1.4,7.0,7.0,1565.2765321418262,1488.227666140897,77.04886600092914,2.0,-0.4000000000000001,0.0
1561,0.6,0.8,1.0,0.8,1.8,1.8,0.8,1.6,6.0,7.0,1378.8791072071574,1533.4365615554743,-154.55745434831692,0.5,-0.2,-1.0
1562,1.0,1.0,0.6,1.2,1.2,1.6,0.8,1.4,7.0,7.0,1524.9553057976782,1531.9735395603625,-7.018233762684304,2.333333333333333,0.0,0.0
1563,2.6,2.0,2.0,1.2,1.0,0.6,2.2,1.8,6.0,7.0,1738.647729617329,1539.138359293795,199.5093703235343,1.3333333333333333,0.6000000000000001,-1.0
1564,1.4,2.2,1.2,2.0,1.4,0.6,1.2,2.0,6.0,7.0,1500.630736008222,1630.844432209786,-130.21369620156406,0.3333333333333333,-0.8000000000000003,-1.0
1565,1.2,1.4,1.4,1.0,2.4,0.4,0.4,1.8,7.0,7.0,1466.6012601762243,1572.3330727902855,-105.73181261406104,1.0,-0.1999999999999999,0.0
1566,0.2,0.8,0.6,0.4,2.0,2.0,0.8,0.0,7.0,7.0,1446.9708416135209,1402.7687412790174,44.20210033450349,0.0,-0.6000000000000001,0.0
1567,2.4,1.8,2.2,2.0,0.4,0.8,2.0,2.0,8.0,7.0,1709.6942273507489,1689.4788764236948,20.215350927054036,1.6666666666666667,0.5999999999999999,1.0
1568,2.4,1.0,1.6,0.6,1.0,0.8,2.0,0.6,8.0,8.0,1552.917043185188,1596.7804822018377,-43.86343901664964,1.6666666666666667,1.4,0.0
1569,1.75,0.4,1.25,0.0,0.75,1.2,,0.8,8.0,8.0,1508.8272161462648,1591.8243098506862,-82.99709370442133,,1.35,0.0
1570,0.8,1.4,1.2,1.2,2.0,1.6,2.0,0.4,7.0,7.0,1523.4867658194655,1512.6245788228098,10.862186996655735,1.3333333333333333,-0.5999999999999999,0.0
1571,1.6,1.0,2.0,1.2,1.0,1.6,2.6,1.2,7.0,7.0,1618.850589395198,1561.5245586312446,57.32603076395344,2.0,0.6000000000000001,0.0
1572,1.8,3.0,1.2,2.2,0.4,1.0,1.4,1.8,7.0,7.0,1581.0243548069768,1742.3146029240854,-161.2902481171086,1.3333333333333333,-1.2,0.0
1573,1.4,2.0,0.8,1.2,1.4,1.0,1.2,1.4,7.0,6.0,1415.6811147183969,1552.452929293286,-136.77181457488928,1.5,-0.6000000000000001,1.0
1574,1.4,0.8,1.8,1.0,1.0,1.6,2.4,0.8,6.0,7.0,1691.7474929478726,1381.5354264927118,310.2120664551608,3.0,0.5999999999999999,-1.0
1575,1.0,1.6,1.0,1.2,1.8,0.8,0.8,,7.0,6.0,1530.78024226992,1509.4881607395116,21.292081530408268,,-0.6000000000000001,1.0
1576,2.0,0.0,2.0,0.6,0.6,2.4,0.6,0.6,7.0,7.0,1491.9796396514787,1434.0584681741416,57.92117147733711,0.3333333333333333,2.0,0.0
1577,0.6,1.6,0.2,1.2,1.0,1.0,2.0,1.4,7.0,8.0,1591.1633652574394,1533.4420795385752,57.72128571886424,3.0,-1.0,-1.0
1578,1.2,2.0,0.6,2.0,0.6,0.4,1.8,2.0,7.0,7.0,1597.2445960937398,1707.425610826571,-110.18101473283129,1.0,-0.8,0.0
1579,1.4,0.6,1.2,1.0,1.0,2.6,1.6,1.8,9.0,9.0,1535.471485987039,1457.9099781595332,77.5615078275057,0.6666666666666666,0.7999999999999999,0.0
1580,2.2,1.4,1.2,1.2,0.6,1.4,2.0,0.8,6.0,5.0,1550.278533514462,1526.7063961451918,23.572137369270195,1.3333333333333333,0.8000000000000003,1.0
1581,2.0,0.8,2.2,1.2,0.6,2.2,2.0,2.0,6.0,5.0,1715.991245265927,1461.6746225552129,254.31662271071448,2.0,1.2,1.0
1582,1.4,2.4,2.2,1.6,1.6,1.0,2.0,1.2,7.0,7.0,1605.5964406751257,1729.479116515399,-123.88267584027358,1.0,-1.0,0.0
1583,1.0,1.6,1.0,1.6,1.8,0.8,1.2,1.6,7.0,7.0,1417.8555104972206,1488.7101838806211,-70.85467338340072,0.0,-0.6000000000000001,0.0
1584,1.4,1.6,1.4,0.8,2.0,0.8,1.8,1.3333333333333333,7.0,7.0,1504.636338001727,1521.7861523361998,-17.14981433447292,,-0.2000000000000001,0.0
1585,1.0,0.8,0.8,1.2,1.2,2.0,2.0,0.2,7.0,8.0,1597.8990486508228,1379.413236984033,218.4858116667899,2.333333333333333,0.1999999999999999,-1.0
1586,1.4,1.4,1.6,2.0,1.6,1.2,2.0,1.6,8.0,8.0,1531.4750066405484,1693.8696824565516,-162.3946758160032,0.3333333333333333,0.0,0.0
1587,1.6,2.2,1.4,1.6,1.0,0.6,1.8,2.2,6.0,8.0,1531.7068415913593,1593.8598412156632,-62.1529996243039,2.333333333333333,-0.6000000000000001,-2.0
1588,1.0,0.4,0.8,0.4,1.0,1.8,1.2,1.2,7.0,8.0,1588.6789616543836,1518.4822506732316,70.19671098115191,3.0,0.6,-1.0
1589,0.2,1.4,0.8,1.6,1.8,1.6,0.2,1.8,8.0,8.0,1437.327923944999,1574.7787073513173,-137.45078340631835,0.6666666666666666,-1.2,0.0
1590,1.6,1.6,1.8,0.8,1.4,0.4,1.8,0.8,13.0,13.0,1572.585701169439,1595.0976866164235,-22.51198544698468,1.6666666666666667,0.0,0.0
1591,0.2,1.0,1.0,1.2,2.4,1.2,0.8,0.6,13.0,14.0,1376.0622421462915,1408.1678315012095,-32.10558935491804,0.5,-0.8,-1.0
1592,2.0,2.2,1.6,1.6,0.8,0.8,1.8,1.4,13.0,14.0,1583.7978736983584,1557.918476641997,25.879397056361768,0.6666666666666666,-0.2000000000000001,-1.0
1593,1.2,2.0,1.2,1.6,1.8,0.6,1.4,2.0,14.0,14.0,1519.066453017657,1718.805574660361,-199.7391216427036,1.3333333333333333,-0.8,0.0
1594,2.0,1.6,2.2,1.4,0.8,1.2,2.4,1.8,13.0,13.0,1701.004990234875,1541.768809108664,159.23618112621102,2.333333333333333,0.3999999999999999,0.0
1595,0.2,1.4,0.2,1.6,2.0,1.6,0.8,1.4,13.0,14.0,1512.0635257111917,1617.4146875810077,-105.35116186981622,0.3333333333333333,-1.2,-1.0
1596,1.6,0.4,0.8,1.0,0.8,1.8,2.333333333333333,0.2,14.0,13.0,1513.0132642677868,1439.5209301268771,73.49233414090963,,1.2000000000000002,1.0
1597,1.8,1.8,1.2,1.6,1.0,1.8,2.2,0.2,14.0,14.0,1717.6608696095168,1513.40922607014,204.2516435393768,1.6666666666666667,0.0,0.0
1598,1.6,1.6,1.6,1.2,1.0,1.2,0.8,1.0,14.0,14.0,1498.3978628766324,1601.2500434885642,-102.85218061193176,2.0,0.0,0.0
1599,0.8,0.8,1.0,1.4,1.6,1.8,0.2,0.8,14.0,14.0,1458.8602931607795,1524.3396988622249,-65.47940570144533,1.3333333333333333,0.0,0.0
1600,0.8,0.2,1.2,0.4,1.6,2.0,1.0,1.4,6.0,4.0,1398.968976541359,1449.0179900602257,-50.04901351886633,1.3333333333333333,0.6000000000000001,2.0
1601,1.4,1.2,1.6,1.2,1.4,1.4,1.4,1.2,5.0,6.0,1534.1820019627787,1701.2467004354646,-167.0646984726859,0.0,0.1999999999999999,-1.0
1602,1.4,1.6,1.8,0.8,1.6,0.6,2.0,1.0,7.0,7.0,1626.116739498477,1519.3495817255543,106.7671577729227,,-0.2000000000000001,0.0
1603,1.8,1.6,1.4,1.8,1.6,1.4,2.4,1.4,6.0,7.0,1529.8233952441922,1581.5108772589358,-51.68748201474364,1.0,0.1999999999999999,-1.0
1604,1.4,1.2,1.0,1.2,0.8,1.6,1.2,0.8,7.0,7.0,1586.172510526927,1512.8847639511084,73.28774657581857,1.0,0.1999999999999999,0.0
1605,2.6,1.6,1.8,1.6,0.4,1.4,2.6,1.6,8.0,8.0,1724.9872637269093,1581.3752064551886,143.6120572717207,2.333333333333333,1.0,0.0
1606,2.2,2.6,1.6,2.4,0.8,0.4,2.0,2.0,7.0,8.0,1610.022875002464,1705.4175004916135,-95.3946254891498,1.0,-0.3999999999999999,-1.0
1607,1.8,0.2,2.0,0.2,1.4,2.0,2.6,1.0,8.0,8.0,1560.3411438851665,1503.361473793722,56.979670091444405,1.6666666666666667,1.6,0.0
1608,1.0,1.6,0.8,1.8,1.2,1.2,2.2,2.0,8.0,7.0,1537.3562988519254,1489.625031362733,47.73126748919276,1.3333333333333333,-0.6000000000000001,1.0
1609,0.4,0.8,0.6,1.0,1.6,1.8,0.4,0.0,8.0,8.0,1433.1846126691096,1385.2610971061415,47.92351556296785,1.3333333333333333,-0.4,0.0
1610,1.6,1.4,2.0,1.6,1.8,1.6,2.2,0.6,7.0,8.0,1571.7500851180102,1408.6826424181977,163.06744269981257,1.6666666666666667,0.2000000000000001,-1.0
1611,1.4,2.6,1.6,1.4,2.0,0.4,1.4,2.4,6.0,6.0,1398.2711878594257,1729.7168292844094,-331.44564142498393,0.3333333333333333,-1.2000000000000002,0.0
1612,1.4,1.8,1.6,1.8,1.6,1.4,1.8,0.8,6.0,7.0,1576.6456408976885,1547.1695969587645,29.476043938924025,1.0,-0.4000000000000001,-1.0
1613,0.6,0.4,1.2,1.0,2.0,2.0,1.4,0.2,7.0,6.0,1506.5433472788625,1420.1745219158258,86.36882536303665,1.0,0.1999999999999999,1.0
1614,0.6,2.6,1.4,1.8,2.0,0.8,2.0,1.0,7.0,6.0,1688.2591054394788,1621.0381045253998,67.22100091407901,1.6666666666666667,-2.0,1.0
1615,0.2,2.4,0.2,2.2,1.8,1.4,0.6,0.8,6.0,7.0,1496.6067062348825,1539.5841873851175,-42.97748115023524,3.0,-2.2,-1.0
1616,1.6,1.2,1.8,1.6,1.2,1.6,0.8,2.0,6.0,7.0,1502.6300892906725,1611.6543477291837,-109.0242584385112,0.0,0.4000000000000001,-1.0
1617,2.0,1.8,1.8,2.0,0.6,1.2,2.4,1.0,7.0,7.0,1694.4022709686778,1567.095911444006,127.30635952467172,2.0,0.1999999999999999,0.0
1618,0.2,1.4,0.6,1.2,1.8,1.0,0.0,0.6,9.0,8.0,1439.3043241833873,1592.513927199173,-153.20960301578566,1.0,-1.2,1.0
1619,2.0,0.8,1.2,0.8,0.8,1.8,2.5,1.2,9.0,8.0,1533.8119734948475,1524.3512409239856,9.460732570862092,,1.2,1.0
1620,1.8,0.4,1.6,0.8,1.2,2.0,1.4,0.2,7.0,7.0,1620.2526067558708,1414.1546322102568,206.09797454561408,2.0,1.4,0.0
1621,1.0,0.6,0.8,1.2,1.6,1.8,1.6,0.2,5.0,7.0,1526.3242642916405,1512.5632369844316,13.761027307208906,1.6666666666666667,0.4,-2.0
1622,2.0,3.0,1.2,1.6,0.8,0.2,2.2,2.4,5.0,7.0,1531.838950127193,1733.182402245372,-201.34345211817916,,-1.0,-2.0
1623,1.4,2.0,1.4,2.2,1.0,1.6,0.8,1.0,7.0,7.0,1494.0318302639853,1540.0737432008038,-46.04191293681856,2.333333333333333,-0.6000000000000001,0.0
1624,0.8,1.2,1.0,1.4,1.6,2.2,0.6,0.6,6.0,7.0,1451.9245495122243,1394.8056148984629,57.11893461376167,1.6666666666666667,-0.3999999999999999,-1.0
1625,2.4,1.6,1.6,2.2,1.0,1.8,2.0,1.0,8.0,7.0,1614.5444886500338,1562.019059058189,52.52542959184484,2.333333333333333,0.7999999999999998,1.0
1626,1.8,1.2,1.6,1.4,1.2,1.6,2.0,0.6,8.0,7.0,1539.6894608793057,1579.8937018703357,-40.20424099103002,1.0,0.6000000000000001,1.0
1627,1.4,2.0,1.6,2.2,1.4,1.4,1.8,0.8,8.0,8.0,1584.125776977147,1576.0872174394958,8.038559537651508,2.0,-0.6000000000000001,0.0
1628,2.4,0.6,2.2,1.4,0.6,1.8,2.4,1.2,7.0,8.0,1699.479123354495,1694.7527213148448,4.726402039650111,0.3333333333333333,1.7999999999999998,-1.0
1629,0.2,0.8,0.4,1.0,2.0,2.0,0.8,0.6,8.0,8.0,1496.1171504191964,1404.345510096712,91.77164032248425,1.5,-0.6000000000000001,0.0
1630,1.4,1.2,1.8,1.4,2.2,1.8,2.6,0.8,13.0,14.0,1555.1491170578622,1458.6757313237993,96.47338573406296,1.0,0.1999999999999999,-1.0
1631,1.6,1.8,1.6,1.6,1.2,1.2,2.2,0.6,13.0,13.0,1578.0208692644926,1549.1203088904622,28.90056037403042,0.6666666666666666,-0.1999999999999999,0.0
1632,1.2,2.4,1.6,2.0,1.8,0.6,1.4,2.0,14.0,14.0,1388.054433086888,1623.807265767953,-235.7528326810648,0.3333333333333333,-1.2,0.0
1633,0.6,1.6,1.0,1.4,1.6,1.2,2.0,1.4,14.0,14.0,1504.6549187145515,1535.6966354214237,-31.041716706871966,,-1.0,0.0
1634,0.6,0.8,1.2,1.0,2.0,2.0,2.4,0.4,13.0,13.0,1686.5944393557193,1502.0069841085117,184.5874552472076,1.3333333333333333,-0.2,0.0
1635,1.2,2.4,1.4,1.8,1.8,0.4,1.8,1.4,13.0,13.0,1570.4628538591792,1707.6374053136203,-137.17455145444137,0.3333333333333333,-1.2,0.0
1636,0.2,1.0,0.6,1.2,2.4,1.2,0.2,1.4,14.0,13.0,1410.599973198175,1582.1921251521503,-171.59215195397587,0.3333333333333333,-0.8,1.0
1637,2.6,1.4,1.6,1.6,0.4,1.2,2.6,2.6,14.0,14.0,1729.3247169511417,1493.6303002237669,235.6944167273748,3.0,1.2000000000000002,0.0
1638,0.6,2.4,0.8,1.8,2.2,0.8,1.6,1.0,14.0,14.0,1398.4556764073968,1621.4144306503606,-222.95875424296375,0.3333333333333333,-1.7999999999999998,0.0
1639,2.2,1.4,2.4,1.0,1.4,1.4,2.4,0.8,14.0,14.0,1540.4752732410225,1534.2325825615203,6.242690679501948,2.333333333333333,0.8000000000000003,0.0
1640,1.8,1.2,1.8,1.4,1.4,1.8,2.0,0.6,7.0,7.0,1541.6246543502525,1382.7215445124432,158.9031098378091,2.0,0.6000000000000001,0.0
1641,1.4,1.2,0.8,1.4,1.2,2.0,1.6,0.4,5.0,7.0,1546.1164284550746,1582.648290494217,-36.531862039142425,1.6666666666666667,0.1999999999999999,-2.0
1642,1.8,0.6,1.8,0.8,0.8,2.2,3.0,0.6,7.0,6.0,1695.4519686785827,1392.829853048998,302.62211562958464,3.0,1.2000000000000002,1.0
1643,1.6,1.0,1.4,1.6,1.0,2.4,1.8,1.0,7.0,7.0,1526.528197087089,1550.9271139591092,-24.39891687202021,,0.6000000000000001,0.0
1644,0.8,1.2,1.4,1.0,1.8,1.0,0.4,0.0,6.0,7.0,1490.546616944262,1513.823357048886,-23.27674010462397,0.3333333333333333,-0.3999999999999999,-1.0
1645,2.4,0.0,1.8,0.4,0.8,2.6,2.4,0.2,7.0,8.0,1627.0402540087591,1403.7057807068347,223.33447330192465,2.0,2.4,-1.0
1646,2.4,2.6,2.0,2.0,0.4,0.6,1.8,2.0,8.0,7.0,1629.140154342398,1732.408400230646,-103.2682458882482,0.3333333333333333,-0.2000000000000001,1.0
1647,1.6,1.6,1.4,2.0,0.8,1.6,1.8,1.0,8.0,6.0,1589.0863176434905,1528.5914273474684,60.49489029602205,2.333333333333333,0.0,2.0
1648,1.4,2.0,1.6,1.8,1.6,1.2,0.8,1.0,8.0,8.0,1518.0758592485774,1585.5165238047025,-67.44066455612506,1.3333333333333333,-0.6000000000000001,0.0
1649,1.4,0.6,1.8,1.0,1.8,2.2,1.2,0.6,8.0,8.0,1462.8977344225525,1670.5255642156535,-207.62782979310123,0.3333333333333333,0.7999999999999999,0.0
1650,0.8,1.4,1.4,1.0,2.4,1.6,2.2,1.4,3.0,3.0,1541.9482242080535,1535.4419865627403,6.506237645313149,3.0,-0.5999999999999999,0.0
1651,1.8,1.8,1.4,2.0,1.0,1.2,2.4,0.8,3.0,3.0,1524.8764187235222,1697.6584784502518,-172.7820597267296,0.0,0.0,0.0
1652,1.8,0.8,2.0,1.4,1.8,1.8,2.4,2.0,3.0,3.0,1593.3227323865513,1479.493555269626,113.8291771169254,3.0,1.0,0.0
1653,2.2,1.8,2.0,2.0,0.8,1.6,2.6,0.6,3.0,4.0,1731.1694385034518,1546.0437617722848,185.125676731167,2.333333333333333,0.4000000000000001,-1.0
1654,2.0,2.4,1.8,1.6,1.0,0.6,2.6,1.6,3.0,3.0,1595.302396998517,1630.3141104818662,-35.01171348334924,1.3333333333333333,-0.3999999999999999,0.0
1655,0.6,1.4,1.2,1.0,2.4,0.6,0.8,1.8,4.0,3.0,1378.3024370904106,1575.7508637460228,-197.4484266556121,0.3333333333333333,-0.7999999999999999,1.0
1656,0.6,2.0,1.2,1.6,2.4,0.6,1.0,2.0,4.0,3.0,1390.623343277329,1630.379116069592,-239.7557727922631,1.0,-1.4,1.0
1657,1.2,1.6,1.2,1.6,1.8,1.4,1.8,1.4,3.0,4.0,1676.515001328582,1535.5070868381447,141.00791449043732,,-0.4000000000000001,-1.0
1658,0.0,1.4,0.4,1.6,2.4,1.4,0.2,0.8,3.0,3.0,1400.4319242337278,1508.289986054763,-107.85806182103512,0.6666666666666666,-1.4,0.0
1659,1.6,1.4,2.0,1.8,1.6,1.8,2.4,1.0,4.0,4.0,1541.926881244936,1456.9082973096238,85.01858393531234,1.0,0.2000000000000001,0.0
1660,2.4,2.2,2.2,2.2,1.2,0.8,3.0,2.2,3.0,3.0,1641.0320936183905,1735.0907869267437,-94.05869330835344,1.3333333333333333,0.1999999999999997,0.0
1661,0.2,2.0,1.0,1.6,2.6,0.8,1.6,1.8,4.0,3.0,1530.0570630694444,1615.6223725036486,-85.56530943420421,0.3333333333333333,-1.8,1.0
1662,2.0,2.0,1.2,1.8,1.0,1.0,1.4,1.4,4.0,3.0,1547.3331477013494,1516.9211667568345,30.411980944515108,2.0,0.0,1.0
1663,0.6,1.4,1.4,1.0,2.4,1.4,1.4,0.6,3.0,3.0,1405.3800868432725,1671.2989136876058,-265.9188268443333,1.0,-0.7999999999999999,0.0
1664,2.4,1.2,3.0,1.4,1.8,1.4,3.0,1.4,4.0,3.0,1704.5217592487406,1540.7231744791209,163.79858476961977,,1.2,1.0
1665,1.4,0.0,2.0,0.6,2.0,2.2,2.0,0.6,4.0,3.0,1588.699039915146,1372.06428768536,216.63475222978585,3.0,1.4,1.0
1666,0.4,1.2,1.2,1.4,2.2,1.6,0.4,0.6,4.0,3.0,1484.1172477410312,1542.122413348993,-58.00516560796177,3.0,-0.7999999999999999,1.0
1667,2.0,1.6,2.0,1.8,1.0,1.6,2.0,0.6,4.0,3.0,1584.584413861993,1460.8556504354167,123.72876342657628,1.6666666666666667,0.3999999999999999,1.0
1668,1.8,2.0,2.0,1.2,1.6,0.4,1.8,1.8,5.0,4.0,1518.013137925033,1581.989013151073,-63.97587522603999,1.3333333333333333,-0.1999999999999999,1.0
1669,0.0,1.2,0.0,1.4,2.0,1.4,0.2,1.6,5.0,4.0,1391.8007435316565,1537.9795281191432,-146.1787845874867,2.0,-1.2,1.0
1670,1.6,0.0,2.0,0.2,1.2,2.2,2.6,0.2,7.0,5.0,1724.1136269831504,1384.2315203827893,339.8821066003611,3.0,1.6,2.0
1671,0.0,1.2,0.8,1.6,2.2,2.0,0.8,0.6,7.0,6.0,1368.6834634019258,1508.1275678179195,-139.44410441599393,2.0,-1.2,1.0
1672,1.6,2.4,1.4,1.6,0.8,0.8,1.4,1.4,7.0,7.0,1614.8878689121452,1554.7880730361453,60.09979587599992,2.333333333333333,-0.7999999999999998,0.0
1673,1.0,1.6,1.2,1.6,2.0,1.2,1.4,1.6,7.0,6.0,1665.9806956147293,1579.7396748627202,86.24102075200904,2.0,-0.6000000000000001,1.0
1674,1.2,0.8,1.4,2.0,1.6,2.4,2.4,0.6,8.0,8.0,1532.1798286672545,1410.698304916149,121.48152375110544,1.3333333333333333,0.3999999999999999,0.0
1675,2.0,2.4,1.2,3.0,0.6,1.6,1.6,1.4,7.0,8.0,1591.874583258187,1708.8446130385448,-116.97002978035788,0.3333333333333333,-0.3999999999999999,-1.0
1676,1.8,1.0,1.4,1.6,1.2,2.0,0.8,1.6,8.0,8.0,1509.4662414220384,1494.0598324227697,15.406408999268706,2.0,0.8,0.0
1677,1.0,2.0,1.2,2.2,1.8,1.6,1.8,0.8,8.0,8.0,1536.400320689317,1592.0798641985805,-55.67954350926357,,-1.0,0.0
1678,1.2,3.0,1.4,2.6,1.6,1.0,1.2,2.0,7.0,8.0,1465.7003894346894,1652.0092535619835,-186.3088641272941,0.6666666666666666,-1.8,-1.0
1679,1.6,0.4,1.8,0.8,1.2,2.0,2.0,0.4,7.0,9.0,1545.5487512680106,1530.791566660948,14.757184607062754,0.6666666666666666,1.2000000000000002,-2.0
1680,0.6,0.0,1.6,0.8,2.0,2.2,1.6,0.6,5.0,7.0,1532.9106491696514,1360.931013553072,171.97963561657934,3.0,0.6,-2.0
1681,1.4,1.4,1.6,1.0,1.6,1.4,2.0,0.8,7.0,6.0,1573.7166889149455,1546.275974364843,27.440714550102484,,0.0,1.0
1682,1.8,2.0,1.2,2.0,1.2,1.0,1.8,1.6,7.0,7.0,1548.1134165054425,1725.9329308466222,-177.81951434117968,0.6666666666666666,-0.1999999999999999,0.0
1683,1.0,1.8,2.0,1.2,2.0,1.2,1.4,1.8,6.0,6.0,1415.4933897951323,1583.4997730087534,-168.0063832136209,0.3333333333333333,-0.8,0.0
1684,2.4,0.6,3.0,1.2,1.6,1.8,3.0,0.6,6.0,6.0,1717.2194232879783,1459.183726774985,258.0356965129933,3.0,1.7999999999999998,0.0
1685,2.0,1.6,2.0,1.2,1.2,0.8,2.6,2.0,6.0,7.0,1582.204210523054,1621.562525442848,-39.35831491979411,1.0,0.3999999999999999,-1.0
1686,0.8,1.6,1.2,1.6,2.2,1.4,0.8,0.8,6.0,7.0,1486.19675492169,1672.003681562504,-185.80692664081403,0.0,-0.8,-1.0
1687,0.0,0.8,0.4,1.0,2.0,1.6,0.2,0.6,7.0,6.0,1382.4122165193176,1527.384743788271,-144.9725272689534,0.3333333333333333,-0.8,1.0
1688,3.0,1.6,2.4,2.2,1.4,1.6,3.0,2.2,7.0,6.0,1658.525916221688,1543.429668759307,115.09624746238092,0.3333333333333333,1.4,1.0
1689,1.8,1.8,2.2,1.4,2.0,1.0,1.2,1.2,9.0,8.0,1515.8800176667737,1517.329318923118,-1.4493012563445973,2.0,0.0,1.0
1690,1.6,1.6,2.4,2.0,1.8,1.4,1.6,0.6,5.0,6.0,1538.081985469973,1581.6107931057415,-43.528807635768544,1.0,0.0,-1.0
1691,2.0,1.0,1.4,1.2,0.8,1.4,3.0,1.0,7.0,7.0,1732.6660884908958,1571.251767201923,161.4143212889728,1.6666666666666667,1.0,0.0
1692,1.4,0.6,1.2,1.4,1.2,1.8,2.0,0.4,7.0,7.0,1534.9866618488038,1527.0760590059842,7.910602842819571,3.0,0.7999999999999999,0.0
1693,0.2,1.2,1.0,1.0,2.0,1.4,0.6,1.4,7.0,7.0,1366.7656037167392,1541.3802588611688,-174.61465514442966,1.0,-1.0,0.0
1694,1.2,3.0,1.2,2.4,1.2,1.4,2.0,2.4,7.0,6.0,1622.1559428601604,1663.873599511022,-41.71765665086173,1.3333333333333333,-1.8,1.0
1695,2.2,0.0,2.0,0.4,1.0,2.0,1.4,0.0,7.0,7.0,1678.53304458943,1374.8102984587847,303.7227461306454,3.0,2.2,0.0
1696,1.2,3.0,0.8,3.4,1.2,1.2,1.4,1.8,5.0,7.0,1508.998769311446,1719.9823769856473,-210.98360767420127,1.0,-1.8,-2.0
1697,0.4,1.8,0.8,2.2,2.0,2.0,1.2,1.2,7.0,5.0,1456.420773077316,1524.2105672784455,-67.78979420112955,1.3333333333333333,-1.4,2.0
1698,1.2,0.8,1.0,1.2,2.0,1.8,1.0,1.4,8.0,8.0,1570.487513396043,1479.6673918947638,90.82012150127912,2.0,0.3999999999999999,0.0
1699,1.6,1.6,1.0,2.6,1.2,1.8,2.2,0.2,8.0,8.0,1548.7408960778655,1428.505649407843,120.23524667002243,,0.0,0.0
1700,2.4,3.0,1.6,2.6,0.8,1.6,3.0,2.4,3.0,3.0,1737.035630352817,1674.3993225077531,62.63630784506381,1.3333333333333333,-0.6000000000000001,0.0
1701,0.4,1.0,0.8,1.2,1.4,1.4,0.2,0.6,3.0,4.0,1369.949800546241,1572.0845172841082,-202.1347167378672,0.0,-0.6,-1.0
1702,1.0,0.6,1.2,1.2,1.4,2.0,1.4,0.2,3.0,3.0,1611.6302198634294,1519.006165392522,92.62405447090735,1.6666666666666667,0.4,0.0
1703,1.6,0.0,2.2,0.6,1.6,2.2,1.6,0.0,4.0,3.0,1547.6082612916064,1372.6161955475832,174.9920657440232,1.0,1.6,1.0
1704,1.2,1.4,1.0,0.8,1.2,0.6,1.4,1.6,3.0,3.0,1503.090068338055,1538.196062031667,-35.105993693611936,1.0,-0.1999999999999999,0.0
1705,0.4,0.4,0.8,1.0,1.8,1.8,1.2,0.8,3.0,3.0,1446.644943815571,1566.882225340002,-120.23728152443095,0.6666666666666666,0.0,0.0
1706,1.4,1.4,1.4,1.2,1.2,1.4,2.6,1.4,5.0,4.0,1543.056555462266,1493.7547722995128,49.30178316275328,0.0,0.0,1.0
1707,1.2,1.8,0.8,2.0,1.8,1.8,0.8,1.8,4.0,5.0,1556.400132991294,1533.9863965401903,22.413736451103432,2.0,-0.6000000000000001,-1.0
1708,2.2,1.8,2.0,2.4,1.2,1.4,2.0,0.4,5.0,4.0,1680.7271475006314,1433.273063774475,247.45408372615637,1.3333333333333333,0.4000000000000001,1.0
1709,1.2,3.0,0.6,3.2,1.0,1.0,1.8,1.8,4.0,5.0,1543.9734817112335,1725.8910779590385,-181.9175962478048,0.0,-1.8,-1.0
1710,2.4,0.6,2.0,0.8,1.8,1.6,3.0,1.2,4.0,4.0,1667.789441240208,1492.3747848680314,175.41465637217652,2.0,1.7999999999999998,0.0
1711,0.8,2.4,1.6,2.0,2.2,1.0,1.2,1.6,4.0,4.0,1523.1367008538637,1743.6455116203622,-220.50881076649853,2.0,-1.6,0.0
1712,0.6,0.4,0.8,1.0,1.4,1.8,1.6,0.8,4.0,4.0,1565.1656227260585,1363.8268539872856,201.33876873877284,0.6666666666666666,0.1999999999999999,0.0
1713,0.2,0.4,0.8,1.0,2.2,2.0,0.0,0.6,4.0,4.0,1378.5076847491823,1448.3615464295144,-69.8538616803321,1.0,-0.2,0.0
1714,1.4,1.6,1.0,1.4,0.6,0.8,1.2,0.6,5.0,3.0,1548.911345501691,1540.010432527443,8.900912974247603,1.6666666666666667,-0.2000000000000001,2.0
1715,2.0,2.2,1.4,1.8,1.0,1.0,1.8,1.4,3.0,3.0,1536.3149443524514,1673.638372215794,-137.32342786334243,1.3333333333333333,-0.2000000000000001,0.0
1716,1.4,1.6,1.8,2.2,1.2,1.6,2.0,1.6,3.0,5.0,1440.3618390593126,1541.7167720900072,-101.3549330306946,0.3333333333333333,-0.2000000000000001,-2.0
1717,2.6,1.2,2.2,1.4,0.2,1.2,3.0,1.6,3.0,5.0,1722.5192807884112,1607.4996844020875,115.01959638632344,2.333333333333333,1.4,-2.0
1718,1.4,0.8,1.4,0.8,1.2,2.0,2.2,1.8,5.0,3.0,1578.2074638430636,1554.071585179033,24.135878664030542,1.3333333333333333,0.5999999999999999,2.0
1719,1.4,1.2,0.8,0.4,1.0,0.8,0.8,1.0,3.0,3.0,1496.8008952343357,1547.3452788818606,-50.54438364752491,,0.1999999999999999,0.0
1720,0.2,0.6,0.8,1.0,2.4,1.6,0.8,1.2,3.0,3.0,1438.0780055131854,1488.2742097337796,-50.19620422059416,1.0,-0.3999999999999999,0.0
1721,0.6,1.0,2.0,0.6,2.8,1.2,0.6,1.0,4.0,3.0,1517.4536789155898,1496.5288078919143,20.92487102367545,2.333333333333333,-0.4,1.0
1722,2.2,1.4,2.2,0.6,0.8,0.4,2.2,0.6,3.0,3.0,1551.9679653271664,1547.617366224282,4.350599102884416,0.0,0.8000000000000003,0.0
1723,0.4,1.2,0.8,1.6,1.8,1.6,0.2,1.6,4.0,3.0,1360.1914110451105,1540.532071074372,-180.3406600292617,0.3333333333333333,-0.7999999999999999,1.0
1724,0.2,2.4,0.4,2.2,2.2,1.8,0.4,2.4,3.0,4.0,1546.446958197168,1671.8900163744595,-125.44305817729172,2.333333333333333,-2.2,-1.0
1725,0.8,0.8,0.8,1.2,1.4,1.4,1.2,0.2,3.0,4.0,1536.9538127019673,1388.791225665511,148.162587036456,2.333333333333333,0.0,-1.0
1726,2.2,1.2,1.6,1.6,1.0,1.4,1.4,1.2,3.0,3.0,1538.504460954995,1612.150272250053,-73.64581129505791,1.0,1.0000000000000002,0.0
1727,2.2,1.0,1.8,1.0,0.4,1.2,2.6,1.0,3.0,4.0,1717.868692940446,1568.8010656682338,149.06762727221212,0.3333333333333333,1.2000000000000002,-1.0
1728,1.4,1.4,1.4,1.4,1.0,0.8,2.2,0.6,3.0,3.0,1585.8320908249286,1441.546540074948,144.28555074998076,1.0,0.0,0.0
1729,3.0,2.2,2.4,1.6,1.0,0.8,3.0,1.6,5.0,4.0,1749.328533558636,1671.4488556132503,77.87967794538577,0.6666666666666666,0.7999999999999998,1.0
1730,0.6,2.6,1.4,2.6,1.8,0.6,1.6,1.2,10.0,10.0,1601.7577160593305,1560.1366989554256,41.62101710390493,1.6666666666666667,-2.0,0.0
1731,1.2,2.2,1.8,1.4,1.4,0.8,1.6,2.0,10.0,10.0,1436.8309603305904,1548.8970171457174,-112.066056815127,0.0,-1.0000000000000002,0.0
1732,1.8,0.6,1.2,0.8,0.8,1.6,1.6,0.2,9.0,10.0,1675.2213570946783,1363.5229191162152,311.6984379784633,3.0,1.2000000000000002,-1.0
1733,1.2,1.8,1.2,1.4,1.2,0.6,1.2,2.0,10.0,10.0,1537.200563003267,1712.4857918592136,-175.28522885594657,1.3333333333333333,-0.6000000000000001,0.0
1734,0.6,2.6,0.8,2.0,1.8,0.8,1.2,1.6,11.0,9.0,1498.55631079028,1745.556032077208,-246.999721286928,0.3333333333333333,-2.0,2.0
1735,0.8,0.4,0.4,0.4,1.0,1.6,1.8,1.8,10.0,10.0,1539.448632596023,1548.308596011001,-8.85996341497821,1.0,0.4,0.0
1736,1.0,0.2,1.0,0.6,1.2,2.2,1.0,0.6,10.0,11.0,1488.816786025254,1427.795904456685,61.02088156856894,2.333333333333333,0.8,-1.0
1737,2.0,1.0,1.6,1.0,1.4,1.2,3.0,2.0,11.0,11.0,1670.0283785606266,1531.589438805256,138.43893975537048,2.333333333333333,1.0,0.0
1738,1.0,2.0,1.2,2.2,1.2,1.4,0.6,1.2,11.0,11.0,1394.1555995622225,1590.547670569286,-196.3920710070636,0.0,-1.0,0.0
1739,1.2,1.0,1.2,1.8,1.0,2.4,1.6,0.4,12.0,12.0,1574.1839667494662,1525.16570078225,49.018265967216166,2.0,0.1999999999999999,0.0
1740,1.0,1.4,1.8,1.0,2.4,0.8,1.0,1.8,5.0,7.0,1528.2044187786423,1667.3273699856682,-139.1229512070256,0.0,-0.3999999999999999,-2.0
1741,0.6,1.0,0.8,1.0,1.6,1.2,0.4,1.0,7.0,7.0,1371.4169062252256,1475.467883962442,-104.05097773721629,0.0,-0.4,0.0
1742,1.6,1.2,1.2,1.4,1.0,1.2,1.4,1.0,7.0,5.0,1537.409553818546,1571.1452487530737,-33.7356949345276,1.3333333333333333,0.4000000000000001,2.0
1743,1.2,1.2,0.8,1.2,1.0,0.8,2.2,0.4,7.0,6.0,1699.2842619560777,1397.8913186687562,301.3929432873215,3.0,0.0,1.0
1744,0.8,1.2,1.0,0.8,1.8,1.2,0.2,0.6,7.0,7.0,1441.1448065194973,1547.987242838498,-106.84243631900064,0.0,-0.3999999999999999,0.0
1745,2.2,1.8,1.8,1.4,0.8,0.8,2.6,1.6,8.0,8.0,1740.6395739931584,1550.402092906403,190.23748108675545,2.333333333333333,0.4000000000000001,0.0
1746,2.0,0.8,2.2,0.8,1.0,1.6,2.2,1.2,8.0,8.0,1552.9809378652317,1503.4727688743294,49.50816899090205,1.0,1.2,0.0
1747,0.4,1.0,0.4,1.4,1.2,1.4,0.4,0.6,8.0,8.0,1539.769985768526,1608.9134771495246,-69.14349138099851,1.0,-0.6,0.0
1748,2.0,1.4,1.8,1.2,1.0,1.4,2.2,2.0,7.0,7.0,1586.8119514627524,1654.866321799976,-68.05437033722365,1.3333333333333333,0.6000000000000001,0.0
1749,1.6,1.2,1.2,1.2,1.0,1.2,0.8,0.6,8.0,9.0,1546.751495565907,1448.3184236577615,98.43307190814494,1.3333333333333333,0.4000000000000001,-1.0
1750,1.2,1.6,1.4,1.4,1.2,1.2,1.2,2.0,7.0,5.0,1561.8997595330272,1542.4832530114163,19.4165065216107,1.0,-0.4000000000000001,2.0
1751,1.6,1.4,1.8,1.6,1.2,1.8,1.6,1.0,6.0,7.0,1618.6503670521995,1452.4849300763522,166.16543697584757,3.0,0.2000000000000001,-1.0
1752,1.2,1.6,1.2,1.8,1.2,1.2,2.2,1.6,5.0,6.0,1452.586666212252,1724.468986104049,-271.8823198917971,0.0,-0.4000000000000001,-1.0
1753,0.8,2.0,1.0,1.8,1.2,1.2,1.8,1.4,7.0,6.0,1655.0885982528132,1577.0437333561574,78.04486489665578,2.333333333333333,-1.2,1.0
1754,1.2,1.6,1.0,2.2,0.8,2.0,0.8,0.6,7.0,7.0,1395.6708804480245,1540.4431905114975,-144.77231006347324,1.0,-0.4000000000000001,0.0
1755,1.4,1.4,1.2,1.4,1.2,1.2,2.4,1.2,7.0,7.0,1664.634539906571,1539.9294268332192,124.70511307335188,2.0,0.0,0.0
1756,1.8,1.6,1.8,1.4,1.2,1.2,1.8,2.0,7.0,8.0,1566.5726807955125,1546.6550430385926,19.917637756919703,2.333333333333333,0.1999999999999999,-1.0
1757,1.4,0.4,1.0,0.6,1.2,1.6,0.8,1.2,7.0,7.0,1516.5242799063417,1530.033095865851,-13.50881595950932,1.6666666666666667,1.0,0.0
1758,0.6,1.2,1.2,0.8,1.6,0.8,0.8,2.0,8.0,8.0,1474.2067454527298,1701.5047001768096,-227.29795472407977,2.0,-0.6,0.0
1759,1.0,0.6,0.8,1.2,1.6,2.0,2.2,0.4,9.0,9.0,1536.647119281643,1372.6780447349377,163.96907454670531,0.0,0.4,0.0
1760,1.0,1.6,1.2,1.2,2.0,1.0,1.6,1.2,6.0,5.0,1448.0268554515358,1515.194085978666,-67.16723052713019,1.0,-0.6000000000000001,1.0
1761,1.6,1.4,1.8,1.4,1.0,1.6,2.0,0.4,7.0,5.0,1729.0287968647651,1540.9666484623012,188.0621484024639,1.0,0.2000000000000001,2.0
1762,2.0,1.4,2.2,1.0,1.6,0.6,1.6,2.0,7.0,6.0,1548.0505406345128,1649.7683244674658,-101.71778383295305,0.3333333333333333,0.6000000000000001,1.0
1763,0.6,1.2,1.0,1.6,2.0,2.0,0.6,0.8,5.0,7.0,1368.3585155542794,1448.2080650067355,-79.84954945245613,0.3333333333333333,-0.6,-2.0
1764,1.4,1.2,1.6,1.2,1.6,1.4,2.0,1.6,6.0,7.0,1538.9155301180483,1544.7300489433444,-5.814518825296091,0.3333333333333333,0.1999999999999999,-1.0
1765,2.2,0.6,2.2,1.6,1.4,2.0,2.2,1.0,6.0,6.0,1574.3121937160563,1478.681364228885,95.63082948717148,0.3333333333333333,1.6,0.0
1766,1.4,1.8,1.4,1.6,1.8,1.2,2.0,1.8,7.0,6.0,1570.8203119245816,1554.7956422723244,16.024669652257217,1.0,-0.4000000000000001,1.0
1767,1.0,2.0,0.8,2.0,1.0,1.2,0.8,1.2,7.0,7.0,1388.063530325009,1622.9272321218164,-234.8637017968074,0.0,-1.0,0.0
1768,1.2,0.4,1.2,0.6,1.0,1.6,1.4,0.8,8.0,7.0,1559.6529636010994,1531.3632897935267,28.289673807572623,0.3333333333333333,0.7999999999999999,1.0
1769,1.2,1.2,1.8,1.2,1.4,1.2,2.2,1.6,8.0,7.0,1661.312019684389,1697.0300814006544,-35.71806171626531,2.0,0.0,1.0
1770,2.4,1.4,2.4,1.6,1.2,2.0,2.0,0.8,3.0,4.0,1628.2801615661476,1458.2331156712369,170.04704589491075,1.0,1.0,-1.0
1771,1.8,2.2,1.2,2.0,0.8,1.2,1.0,1.2,3.0,3.0,1556.2771096937577,1549.2455374792914,7.031572214466223,1.0,-0.4000000000000001,0.0
1772,0.4,0.8,1.4,1.4,2.2,2.4,1.0,0.8,3.0,3.0,1472.8834189898732,1558.6664135232018,-85.78299453332852,0.3333333333333333,-0.4,0.0
1773,1.8,2.6,2.0,2.4,1.4,1.2,0.8,1.6,3.0,3.0,1457.6373698332754,1580.1101389550684,-122.47276912179292,2.333333333333333,-0.8,0.0
1774,1.0,0.6,0.6,0.8,0.6,1.2,1.8,0.4,4.0,3.0,1648.5733276226872,1547.1651053688252,101.40822225386204,2.333333333333333,0.4,1.0
1775,1.0,0.6,0.8,1.0,1.2,2.0,0.4,0.4,3.0,4.0,1543.851148025801,1358.9292107277397,184.9219372980615,3.0,0.4,-1.0
1776,1.6,1.2,1.4,1.4,1.2,1.6,2.2,1.4,3.0,4.0,1707.7278360787782,1527.368469367635,180.35936671114317,3.0,0.4000000000000001,-1.0
1777,1.6,0.4,1.2,0.4,1.0,1.6,1.0,0.4,5.0,4.0,1504.9878257589648,1382.7106008806777,122.27722487828714,2.333333333333333,1.2000000000000002,1.0
1778,1.2,1.0,1.2,1.6,2.0,1.4,2.2,1.2,4.0,3.0,1537.0983152841768,1650.6142650062652,-113.5159497220884,1.0,0.1999999999999999,1.0
1779,1.8,1.6,1.4,1.8,1.2,0.6,1.6,2.0,5.0,5.0,1566.9495406737042,1732.8971300428896,-165.94758936918538,0.3333333333333333,0.1999999999999999,0.0
1780,0.4,1.6,0.2,2.0,1.4,0.8,0.8,2.2,7.0,6.0,1387.5233026543867,1729.9388462002112,-342.41554354582445,0.0,-1.2000000000000002,1.0
1781,1.4,1.6,0.8,1.4,0.6,1.6,1.8,0.8,10.0,11.0,1654.2353103822145,1464.030898259131,190.2044121230836,2.333333333333333,-0.2000000000000001,-1.0
1782,1.4,0.4,1.0,0.6,1.4,1.2,1.6,0.4,9.0,10.0,1569.9078245163826,1541.503122609298,28.4047019070847,1.3333333333333333,1.0,-1.0
1783,2.6,1.0,2.6,1.2,1.2,2.0,1.6,1.0,11.0,10.0,1622.4823789782536,1375.004163676584,247.47821530166948,2.333333333333333,1.6,1.0
1784,2.0,0.8,1.8,1.0,1.0,2.0,2.2,1.4,10.0,11.0,1711.736401744232,1567.925678540469,143.81072320376256,1.3333333333333333,1.2,-1.0
1785,2.0,2.2,2.0,1.8,1.2,1.0,1.0,1.6,11.0,11.0,1459.4163491998163,1561.1512740056348,-101.73492480581854,1.0,-0.2000000000000001,0.0
1786,0.8,0.4,1.2,0.6,1.8,1.8,0.4,0.6,11.0,4.0,1527.7761950769564,1394.2349372390422,133.54125783791417,2.333333333333333,0.4,7.0
1787,1.2,1.4,0.8,1.8,0.8,1.4,0.6,1.6,11.0,11.0,1500.1751239852558,1659.0860192826465,-158.91089529739065,2.333333333333333,-0.1999999999999999,0.0
1788,1.2,0.6,1.2,1.0,1.6,2.0,1.6,0.8,11.0,11.0,1528.6265610077955,1523.359903702181,5.266657305614217,0.0,0.6,0.0
1789,0.4,1.6,1.2,2.4,2.0,1.2,0.4,1.8,12.0,4.0,1463.6241539726057,1723.2272116155557,-259.60305764295003,0.0,-1.2000000000000002,8.0
1790,1.6,2.6,1.2,2.2,1.0,1.0,0.4,1.2,13.0,13.0,1544.3713731674145,1578.3311595885275,-33.95978642111322,1.3333333333333333,-1.0,0.0
1791,0.4,1.6,0.6,1.0,1.6,0.6,1.0,1.6,5.0,6.0,1389.2928395073254,1648.0653119196747,-258.7724724123493,1.0,-1.2000000000000002,-1.0
1792,2.2,0.6,1.6,1.0,0.8,2.0,1.6,0.4,7.0,6.0,1559.9557908520885,1516.7698249209109,43.18596593117741,0.0,1.6,1.0
1793,1.0,1.4,1.2,1.0,2.0,1.4,0.6,2.4,7.0,7.0,1382.0932844841848,1557.4168606835572,-175.32357619937238,1.0,-0.3999999999999999,0.0
1794,1.2,2.6,1.4,2.2,1.8,0.8,2.0,1.6,7.0,7.0,1470.2008967216707,1716.461838815565,-246.2609420938943,0.0,-1.4,0.0
1795,1.8,1.6,1.8,1.6,1.2,1.0,1.6,1.2,6.0,7.0,1666.313631649929,1460.6118323533628,205.70179929656612,3.0,0.1999999999999999,-1.0
1796,0.6,1.0,1.2,1.0,2.4,1.2,1.4,2.2,7.0,5.0,1563.2002414691362,1533.62327585189,29.576965617246287,1.3333333333333333,-0.4,2.0
1797,2.2,2.2,2.8,2.4,0.8,1.4,2.0,1.6,7.0,8.0,1728.0406196650874,1615.3932581706529,112.64736149443456,1.6666666666666667,0.0,-1.0
1798,0.8,1.0,0.8,0.8,1.0,1.0,1.2,1.2,8.0,7.0,1553.9940864421233,1492.9475116179733,61.04657482414996,1.3333333333333333,-0.1999999999999999,1.0
1799,1.2,0.4,1.6,1.2,2.0,2.4,2.0,1.0,7.0,7.0,1535.216639789066,1458.810745923074,76.40589386599208,2.333333333333333,0.7999999999999999,0.0
1800,2.6,1.4,2.0,1.2,1.0,1.4,2.6,0.8,6.0,7.0,1589.0792569040518,1532.7182928086731,56.36096409537868,1.3333333333333333,1.2000000000000002,-1.0
1801,1.8,2.0,1.2,1.8,0.6,1.6,1.6,2.4,3.0,3.0,1557.070206172048,1564.2143402197244,-7.144134047676289,0.0,-0.1999999999999999,0.0
1802,1.4,0.8,1.4,1.4,1.4,2.4,0.4,1.0,3.0,3.0,1546.1458598887343,1375.2958049480176,170.85005494071677,2.333333333333333,0.5999999999999999,0.0
1803,1.0,0.8,1.2,1.0,1.8,1.6,1.4,0.4,3.0,3.0,1465.101213967579,1519.655409600951,-54.554195633372046,1.0,0.1999999999999999,0.0
1804,1.0,2.4,1.0,2.4,1.2,1.0,1.0,1.6,4.0,3.0,1404.4619345660822,1669.874961386211,-265.41302682012883,0.0,-1.4,1.0
1805,1.0,1.6,0.6,2.0,1.0,1.6,1.4,1.4,5.0,3.0,1632.896216860918,1609.9901652208212,22.906051640096848,2.0,-0.6000000000000001,2.0
1806,1.4,2.2,1.0,2.4,0.8,1.0,1.6,1.8,3.0,3.0,1560.6445278215006,1733.4437126149191,-172.7991847934186,0.6666666666666666,-0.8000000000000003,0.0
1807,1.2,1.0,1.6,1.4,2.0,1.8,2.0,1.2,3.0,4.0,1541.4805783566414,1457.0505026170808,84.4300757395606,1.3333333333333333,0.1999999999999999,-1.0
1808,2.6,0.4,2.0,0.6,0.8,1.4,2.2,1.2,4.0,3.0,1721.5615215696566,1486.297070238596,235.26445133106063,2.0,2.2,1.0
1809,0.6,2.6,1.6,1.8,2.6,0.8,1.2,1.8,4.0,3.0,1550.677657432292,1595.8499660153825,-45.1723085830904,2.0,-2.0,1.0
1810,0.2,1.4,1.0,1.2,2.4,1.2,0.4,0.8,4.0,4.0,1452.5468073554985,1525.947583697343,-73.40077634184422,1.0,-1.2,0.0
1811,2.2,1.8,2.0,1.6,1.0,1.2,2.0,2.6,10.0,11.0,1740.306549017611,1550.3327544897186,189.97379452789232,1.6666666666666667,0.4000000000000001,-1.0
1812,0.8,1.4,1.4,0.8,2.2,0.6,0.4,1.8,11.0,11.0,1371.108910347033,1555.5605208309853,-184.451610483952,0.3333333333333333,-0.5999999999999999,0.0
1813,1.6,1.2,2.2,1.8,1.4,2.0,1.8,1.4,10.0,10.0,1622.332110258929,1560.2511410838113,62.08096917511807,1.3333333333333333,0.4000000000000001,0.0
1814,0.8,1.2,0.6,0.8,1.6,0.8,1.4,1.0,11.0,10.0,1529.8121396152749,1553.7816914188088,-23.96955180353393,1.0,-0.3999999999999999,1.0
1815,1.6,2.6,1.2,2.0,1.2,0.8,1.2,1.6,10.0,10.0,1470.9835468703916,1714.6516659488177,-243.6681190784259,0.0,-1.0,0.0
1816,1.8,1.0,1.6,1.2,1.2,1.2,1.0,0.8,10.0,12.0,1535.5620695051025,1454.9444839532553,80.61758555184724,2.0,0.8,-2.0
1817,1.8,0.0,1.8,0.8,1.2,2.6,1.6,0.4,12.0,10.0,1654.5671919600138,1442.9323215477386,211.6348704122752,3.0,1.8,2.0
1818,2.0,1.0,1.4,0.8,0.8,1.6,2.6,1.0,11.0,11.0,1586.276482363863,1620.5542718228098,-34.27778945894693,1.3333333333333333,1.0,0.0
1819,0.4,1.2,0.8,1.2,1.6,1.6,0.6,0.8,11.0,11.0,1493.2069258594352,1527.5475341033307,-34.34060824389553,0.0,-0.7999999999999999,0.0
1820,1.6,1.6,1.6,1.2,1.6,0.8,1.0,0.6,13.0,13.0,1565.7240255607871,1419.7697039922791,145.9543215685078,2.333333333333333,0.0,0.0
1821,1.4,2.0,0.6,1.6,0.4,1.0,1.8,1.6,6.0,5.0,1552.1242405572302,1595.5374873082685,-43.41324675103829,1.6666666666666667,-0.6000000000000001,1.0
1822,1.8,2.0,1.0,1.8,0.6,1.0,1.0,1.4,7.0,6.0,1564.8150293846554,1648.0296451480483,-83.21461576339311,1.0,-0.1999999999999999,1.0
1823,1.2,1.0,1.2,1.6,1.4,1.4,1.0,1.8,7.0,7.0,1546.498640461792,1608.956146098107,-62.45750563631486,0.3333333333333333,0.1999999999999999,0.0
1824,1.4,1.0,1.0,1.4,1.2,1.8,1.8,1.0,6.0,7.0,1528.284730939063,1374.5451906207884,153.73954031827452,1.3333333333333333,0.3999999999999999,-1.0
1825,0.6,1.2,0.6,1.4,1.0,1.6,1.2,2.0,6.0,5.0,1458.7843719203822,1560.4050748568295,-101.62070293644727,0.6666666666666666,-0.6,1.0
1826,0.8,1.2,0.8,1.0,2.0,1.4,0.8,1.8,7.0,8.0,1611.2932668784042,1475.826949963417,135.46631691498715,2.333333333333333,-0.3999999999999999,-1.0
1827,1.8,0.8,1.6,0.6,1.4,1.2,1.2,0.8,8.0,8.0,1573.6271052446336,1518.7788016494285,54.84830359520538,0.0,1.0,0.0
1828,0.2,0.6,1.0,0.6,2.4,1.0,0.2,1.4,7.0,7.0,1449.469868359704,1492.469729023703,-42.999860663999016,0.0,-0.3999999999999999,0.0
1829,1.0,1.6,0.8,1.6,1.6,1.2,1.2,0.6,14.0,14.0,1470.92596964094,1425.088654696237,45.83731494470294,1.0,-0.6000000000000001,0.0
1830,2.6,1.0,2.2,0.6,0.8,0.6,2.0,1.8,14.0,14.0,1744.1406630455374,1551.6471977859198,192.49346525961755,1.0,1.6,0.0
1831,1.2,1.8,1.2,1.6,1.4,1.0,1.0,2.0,14.0,14.0,1559.2128324149178,1556.5693719802546,2.643460434663212,1.6666666666666667,-0.6000000000000001,0.0
1832,0.4,2.4,1.0,1.4,2.0,0.6,0.6,1.4,14.0,14.0,1370.0229050885962,1575.482207157174,-205.45930206857795,0.6666666666666666,-2.0,0.0
1833,1.4,2.0,1.8,1.6,1.4,0.8,1.6,0.8,14.0,14.0,1637.3624673755298,1532.807016471255,104.55545090427472,0.6666666666666666,-0.6000000000000001,0.0
1834,0.8,2.2,1.2,1.8,1.6,0.8,1.6,1.6,14.0,14.0,1598.8854145796445,1709.808262855792,-110.92284827614752,0.3333333333333333,-1.4,0.0
1835,1.4,1.2,1.4,1.4,1.2,1.6,1.0,1.4,14.0,14.0,1531.7221815379755,1560.4368666161397,-28.71468507816417,0.3333333333333333,0.1999999999999999,0.0
1836,1.0,0.8,1.2,1.0,1.0,2.0,0.8,1.0,14.0,14.0,1502.9586422469424,1616.1942472008814,-113.23560495393896,1.0,0.1999999999999999,0.0
1837,1.4,0.2,1.0,0.8,1.2,2.6,1.2,0.4,14.0,14.0,1531.9690402779222,1438.9809551364644,92.98808514145776,1.0,1.2,0.0
1838,2.0,0.6,1.8,0.2,1.2,0.6,3.0,0.8,14.0,14.0,1596.014530079579,1459.976614362294,136.03791571728493,1.6666666666666667,1.4,0.0
1839,1.4,1.4,1.6,1.0,1.4,1.0,0.6,0.8,7.0,7.0,1557.42909605519,1527.218281844718,30.21081421047188,0.0,0.0,0.0
1840,0.6,1.4,1.0,1.8,2.0,1.6,1.0,1.6,6.0,5.0,1590.3406861010062,1580.9033461850624,9.437339915943769,1.3333333333333333,-0.7999999999999999,1.0
1841,1.0,1.4,0.4,1.2,0.6,1.6,0.8,0.4,5.0,8.0,1475.0877982568104,1418.04404208068,57.04375617613027,3.0,-0.3999999999999999,-3.0
1842,1.2,1.4,1.4,1.0,1.6,0.8,0.6,2.2,6.0,7.0,1551.3349044726442,1567.857833318856,-16.5229288462117,0.6666666666666666,-0.1999999999999999,-1.0
1843,0.2,2.4,0.6,1.4,2.0,0.6,0.2,1.8,6.0,7.0,1433.1201768554397,1581.5241510167778,-148.40397416133806,0.3333333333333333,-2.2,-1.0
1844,0.8,2.0,1.0,1.0,2.0,0.6,1.4,1.4,7.0,7.0,1614.6738829648557,1537.829818558947,76.84406440590874,1.0,-1.2,0.0
1845,2.0,1.4,2.0,2.0,1.2,1.4,1.4,1.2,8.0,8.0,1558.3531083399823,1642.9512020020668,-84.59809366208447,0.3333333333333333,0.6000000000000001,0.0
1846,2.2,2.4,1.8,2.0,0.8,0.8,2.2,2.2,7.0,8.0,1718.3529913344305,1727.930027512601,-9.577036178171056,0.6666666666666666,-0.1999999999999997,-1.0
1847,1.2,0.2,1.4,0.8,1.0,2.2,0.8,0.8,7.0,8.0,1504.479006482968,1363.9809612289926,140.49804525397553,1.6666666666666667,1.0,-1.0
1848,2.0,1.4,1.4,1.6,0.8,1.6,1.4,1.2,8.0,10.0,1540.824143681471,1477.9705822564968,62.85356142497426,2.0,0.6000000000000001,-2.0
1849,2.0,0.6,1.4,0.8,0.8,1.8,1.4,1.8,3.0,3.0,1579.0332068304776,1578.3683098265176,0.6648970039600499,2.0,1.4,0.0
1850,1.8,1.6,1.2,1.0,0.8,0.4,1.4,1.4,4.0,4.0,1579.1027128165963,1481.8409156276175,97.26179718897902,1.3333333333333333,0.1999999999999999,0.0
1851,0.2,2.2,0.4,1.8,2.2,0.8,0.4,2.2,3.0,3.0,1359.186358247765,1726.9118058762008,-367.7254476284359,0.0,-2.0,0.0
1852,1.8,1.8,1.4,2.0,1.2,0.8,1.2,1.4,5.0,5.0,1531.576726095754,1509.2736094641955,22.3031166315584,3.0,0.0,0.0
1853,1.8,1.2,1.4,1.2,1.0,1.4,1.8,1.2,6.0,7.0,1719.3712129708308,1540.0900249749036,179.2811879959272,2.0,0.6000000000000001,-1.0
1854,1.0,1.4,0.6,1.8,0.8,2.2,1.8,1.0,7.0,6.0,1529.7579407130177,1620.9269754280483,-91.16903471503088,0.0,-0.3999999999999999,1.0
1855,1.4,1.6,1.4,1.2,1.2,0.8,2.0,1.4,6.0,5.0,1652.24439252096,1537.4284917203493,114.81590080061072,1.3333333333333333,-0.2000000000000001,1.0
1856,1.6,1.4,1.2,1.6,0.6,1.2,1.8,1.6,5.0,6.0,1481.3662342176185,1549.0599178210891,-67.69368360347062,1.0,0.2000000000000001,-1.0
1857,1.4,0.4,1.2,0.8,2.0,2.0,1.4,0.4,7.0,7.0,1411.290924709873,1435.6111210417398,-24.320196331866786,1.6666666666666667,1.0,0.0
1858,1.4,1.0,1.6,0.8,1.4,0.8,2.4,2.2,9.0,9.0,1592.875722459551,1554.8894371868903,37.98628527266055,1.0,0.3999999999999999,0.0
1859,1.8,0.2,1.4,0.4,0.6,2.0,1.4,0.8,9.0,9.0,1486.0815481779773,1356.2790170385056,129.80253113947174,1.3333333333333333,1.6,0.0
1860,1.8,1.6,1.2,0.8,0.8,0.6,2.4,1.0,7.0,7.0,1723.3997082881108,1540.6526586475914,182.74704964051944,2.333333333333333,0.1999999999999999,0.0
1861,0.8,1.6,1.0,1.4,1.2,0.8,0.8,1.4,5.0,7.0,1547.6372397887988,1491.5876400435582,56.049599745240585,2.333333333333333,-0.8,-2.0
1862,0.6,2.6,0.8,2.0,1.4,0.6,0.6,2.0,7.0,11.0,1536.0615296576236,1587.304661658742,-51.24313200111828,0.3333333333333333,-2.0,-4.0
1863,0.8,1.2,0.8,1.2,2.2,2.2,1.4,1.4,7.0,8.0,1400.267572377866,1519.251189765955,-118.98361738808876,0.0,-0.3999999999999999,-1.0
1864,1.4,1.0,1.6,0.8,1.6,1.4,2.0,0.8,8.0,8.0,1610.0322574934748,1446.6344733737467,163.39778411972816,2.0,0.3999999999999999,0.0
1865,1.8,1.6,1.6,1.2,1.2,1.0,1.0,1.4,11.0,8.0,1574.8620802662367,1532.0744834964637,42.787596769773245,1.0,0.1999999999999999,3.0
1866,2.0,2.0,1.8,1.8,1.2,1.0,2.4,1.8,6.0,8.0,1600.1279198576428,1657.5984007448458,-57.47048088720294,1.3333333333333333,0.0,-2.0
1867,0.0,2.2,0.0,2.6,2.2,0.4,0.4,1.4,13.0,10.0,1570.096854998253,1521.599145793995,48.4977092042584,2.333333333333333,-2.2,3.0
1868,0.8,2.2,1.4,1.8,1.6,0.8,1.2,2.6,9.0,12.0,1538.8385119951497,1729.81914708546,-190.98063509031067,0.3333333333333333,-1.4,-3.0
1869,2.0,0.4,2.0,0.6,1.2,2.2,1.8,0.4,7.0,7.0,1577.5566512231228,1401.9491333614892,175.6075178616336,1.6666666666666667,1.6,0.0
1870,1.4,2.2,0.8,2.2,1.2,1.2,1.8,2.2,7.0,6.0,1536.6879649822597,1581.9870103199758,-45.29904533771605,0.3333333333333333,-0.8000000000000003,1.0
1871,1.8,0.0,2.0,0.2,1.4,2.6,2.0,1.2,6.0,5.0,1647.6712048710112,1557.071742528682,90.59946234232916,1.0,1.8,1.0
1872,2.2,1.2,2.0,1.2,1.0,0.8,2.6,1.6,5.0,7.0,1726.2182186558705,1554.4159784444057,171.80224021146455,2.333333333333333,1.0000000000000002,-2.0
1873,1.4,2.0,1.4,1.8,2.2,1.4,0.6,1.6,7.0,6.0,1517.5696287823318,1610.0551157314774,-92.48548694914552,0.0,-0.6000000000000001,1.0
1874,0.0,1.4,0.6,1.6,2.6,1.4,0.2,0.4,9.0,7.0,1351.256403974368,1594.3629343313733,-243.1065303570051,0.0,-1.4,2.0
1875,1.0,1.0,0.6,2.0,1.4,1.8,1.6,1.4,7.0,6.0,1524.9495534427244,1542.4394404247394,-17.489886982014923,0.0,0.0,1.0
1876,2.6,0.6,3.2,1.2,0.6,1.6,1.2,1.2,6.0,8.0,1534.6242582635662,1545.8095400932427,-11.185281829676567,0.0,2.0,-2.0
1877,1.4,1.8,1.2,1.6,1.2,0.8,1.8,1.6,8.0,8.0,1484.8089013879512,1727.3644019534424,-242.55550056549123,1.0,-0.4000000000000001,0.0
1878,1.4,2.2,1.0,2.0,1.4,0.8,0.2,1.4,8.0,10.0,1462.3037965358485,1491.1041612421147,-28.800364706266464,3.0,-0.8000000000000003,-2.0
1879,2.6,1.0,2.4,1.0,0.8,1.8,2.6,1.2,4.0,3.0,1730.3869971895465,1523.732083354522,206.65491383502425,2.333333333333333,1.6,1.0
1880,1.0,2.0,1.6,2.0,1.8,1.2,1.4,1.2,5.0,6.0,1589.5319129446666,1643.589115865576,-54.05720292090928,0.3333333333333333,-1.0,-1.0
1881,1.0,0.4,1.2,0.6,1.4,2.2,1.2,0.6,8.0,4.0,1550.2471999107297,1520.186785413446,30.060414497283773,2.0,0.6,4.0
1882,0.6,1.0,1.8,1.0,2.2,2.0,1.4,1.6,7.0,8.0,1543.6569105129415,1518.5019210185892,25.15498949435255,1.0,-0.4,-1.0
1883,2.2,2.0,2.2,2.2,1.0,1.0,1.4,2.0,6.0,8.0,1491.9997528746303,1581.653608468993,-89.65385559436254,0.3333333333333333,0.2000000000000001,-2.0
1884,2.0,2.2,1.4,2.8,1.0,0.8,2.4,2.0,8.0,7.0,1609.12282349522,1533.2284303403148,75.89439315490517,0.3333333333333333,-0.2000000000000001,1.0
1885,0.8,1.4,1.2,1.2,1.4,1.0,1.2,0.8,7.0,7.0,1547.205368016494,1479.6277550577888,67.57761295870523,1.0,-0.5999999999999999,0.0
1886,0.2,0.8,0.2,0.2,2.4,1.2,1.6,1.0,8.0,8.0,1397.852176115619,1526.2650898313957,-128.41291371577677,1.0,-0.6000000000000001,0.0
1887,1.8,0.2,1.4,0.8,0.8,2.4,2.4,0.2,8.0,8.0,1732.5455482836048,1356.0874253610748,376.4581229225301,3.0,1.6,0.0
1888,2.6,2.6,2.0,2.4,0.8,0.8,1.4,2.2,10.0,6.0,1592.4098854708398,1733.9322951306224,-141.52240965978262,1.0,0.0,4.0
1889,0.2,1.6,0.4,1.2,2.2,1.0,0.2,1.4,10.0,8.0,1561.1538315341174,1461.4082049033325,99.74562663078495,3.0,-1.4,2.0
1890,1.4,2.6,1.8,1.8,1.2,1.0,2.4,1.6,7.0,7.0,1570.8021683976017,1615.3994362548658,-44.597267857264114,2.0,-1.2000000000000002,0.0
1891,0.2,0.4,0.8,0.4,2.2,1.8,0.4,0.2,6.0,7.0,1354.5876324946305,1399.7961976854644,-45.20856519083418,1.3333333333333333,-0.2,-1.0
1892,0.4,2.4,1.0,1.4,2.6,0.4,1.8,2.0,7.0,6.0,1522.7223941902053,1734.0453411500494,-211.3229469598441,0.3333333333333333,-2.0,1.0
1893,1.0,1.4,0.4,1.6,1.0,1.2,1.8,0.8,7.0,7.0,1524.3210682615502,1553.6899849597758,-29.368916698225576,2.0,-0.3999999999999999,0.0
1894,1.4,1.0,2.0,1.2,2.0,1.4,2.2,1.0,9.0,7.0,1633.7601466358417,1547.7115911339704,86.0485555018713,2.0,0.3999999999999999,2.0
1895,2.2,1.4,2.2,2.2,0.8,2.0,2.6,0.4,5.0,9.0,1731.628025196664,1599.3608821744008,132.2671430222631,1.0,0.8000000000000003,-4.0
1896,2.0,2.2,3.0,1.8,1.2,0.8,1.2,2.2,7.0,5.0,1526.951817580669,1594.7141554047982,-67.76233782412919,0.3333333333333333,-0.2000000000000001,2.0
1897,1.0,0.8,1.4,0.8,2.2,1.8,0.8,0.8,7.0,5.0,1530.9049520055798,1566.8547429251337,-35.949790919553834,3.0,0.1999999999999999,2.0
1898,1.6,0.4,1.4,1.6,1.2,2.4,0.4,1.0,5.0,7.0,1455.7072935123165,1531.253879525951,-75.54658601363485,2.0,1.2000000000000002,-2.0
1899,0.8,2.2,0.6,2.0,1.6,0.8,1.6,1.4,7.0,7.0,1473.143138114507,1502.851192946022,-29.7080548315148,1.3333333333333333,-1.4,0.0
1900,3.0,,1.6,,0.2,,2.4,,14.0,,1739.9459132709987,1500.0,239.94591327099877,,,
1901,1.0,2.0,1.4,1.2,1.6,0.8,1.4,1.4,14.0,14.0,1551.683940741721,1466.154461817414,85.52947892430711,0.3333333333333333,-1.0,0.0
1902,0.4,0.4,1.4,1.0,2.2,2.4,1.4,0.8,14.0,14.0,1520.8067112208537,1516.821822069256,3.9848891515975993,2.333333333333333,0.0,0.0
1903,,2.6,,2.2,,1.0,,1.6,,14.0,1500.0,1625.8424723156756,-125.84247231567564,,,
1904,0.2,1.6,0.6,1.2,2.2,1.6,0.0,2.0,14.0,14.0,1387.0805654367246,1540.213834865764,-153.1332694290395,,-1.4,0.0
1905,1.6,1.6,2.4,1.4,1.2,1.4,1.4,1.2,14.0,14.0,1527.175198456596,1493.72086269842,33.45433575817606,1.0,0.0,0.0
1906,1.2,1.4,1.4,1.8,1.4,1.6,1.8,1.0,14.0,14.0,1560.3591323367918,1614.391443441599,-54.03231110480715,0.0,-0.1999999999999999,0.0
1907,1.6,1.8,2.2,1.6,1.2,0.8,2.0,2.2,14.0,14.0,1716.5974639294657,1594.4907745288713,122.1066894005944,2.333333333333333,-0.1999999999999999,0.0
1908,1.4,1.0,1.4,1.8,1.2,2.0,1.8,0.6,14.0,14.0,1544.5693412406426,1629.787797028091,-85.21845578744842,0.0,0.3999999999999999,0.0
1909,1.4,0.8,0.8,1.0,1.0,2.0,1.8,0.8,14.0,14.0,1533.4417119806833,1557.5458600649497,-24.10414808426617,1.0,0.5999999999999999,0.0
1910,0.4,2.0,1.0,2.0,2.2,0.8,1.2,1.8,6.0,5.0,1508.6429134974526,1721.788534562472,-213.14562106501944,0.0,-1.6,1.0
1911,1.6,1.0,1.4,1.6,0.8,1.8,1.4,0.4,6.0,7.0,1589.299703895865,1528.9856197926567,60.31408410320819,2.0,0.6000000000000001,-1.0
1912,,,,,,,,,8.0,7.0,1496.979610567228,1511.8727330788824,-14.893122511654385,,,1.0
1913,0.6,1.0,1.6,1.4,2.2,1.4,1.8,2.0,6.0,7.0,1629.063223552704,1514.5484139746611,114.51480957804256,1.3333333333333333,-0.4,-1.0
1914,1.4,1.6,1.0,1.8,1.4,1.4,1.0,0.8,7.0,6.0,1460.114221239622,1545.2939147160298,-85.17969347640792,0.3333333333333333,-0.2000000000000001,1.0
1915,1.4,1.2,1.6,1.6,1.8,1.4,0.6,1.4,6.0,7.0,1568.575365251187,1570.1873853329168,-1.612020081729952,0.0,0.1999999999999999,-1.0
1916,2.0,1.6,1.2,1.8,1.0,1.2,2.0,0.6,8.0,8.0,1506.347647180355,1557.724181319513,-51.376534139158366,1.0,0.3999999999999999,0.0
1917,2.0,0.8,1.8,1.0,1.2,1.8,2.4,1.0,8.0,8.0,1613.9697392367932,1399.698744431294,214.2709948054992,2.0,1.2,0.0
1918,1.6,0.8,1.4,1.0,1.0,1.6,1.4,0.6,8.0,6.0,1527.5956558711946,1522.412206794446,5.18344907674873,0.0,0.8,2.0
1919,1.4,3.0,1.8,2.0,2.2,0.2,1.8,2.4,8.0,10.0,1604.563190445474,1742.966302703771,-138.4031122582967,1.3333333333333333,-1.6,-2.0
1920,0.6,0.8,1.0,1.6,2.4,2.0,0.6,0.8,5.0,6.0,1396.279521658575,1624.424030015166,-228.1445083565909,0.0,-0.2,-1.0
1921,1.2,2.0,1.4,1.4,1.4,0.8,1.8,1.4,6.0,6.0,1557.9723336628872,1535.7412322481312,22.23110141475604,1.5,-0.8,0.0
1922,1.2,1.6,2.0,0.8,1.6,1.0,2.4,1.6,6.0,6.0,1561.8522824713596,1506.0994948369805,55.75278763437905,1.3333333333333333,-0.4000000000000001,0.0
1923,0.8,0.2,1.0,0.8,1.2,2.6,1.8,0.2,6.0,8.0,1514.2666304175093,1502.7858918996058,11.480738517903546,0.3333333333333333,0.6000000000000001,-2.0
1924,,1.4,,1.6,,2.0,,1.0,7.0,5.0,1523.1637679122286,1596.7822728815947,-73.61850496936609,,,2.0
1925,2.0,,2.2,,1.0,,2.4,,8.0,7.0,1727.6455561603188,1485.688575733882,241.95698042643696,,,1.0
1926,1.6,1.2,1.6,1.0,1.2,1.0,1.4,2.0,7.0,7.0,1554.570451061267,1585.9688758610428,-31.39842479977574,0.3333333333333333,0.4000000000000001,0.0
1927,0.6,0.8,1.2,0.6,1.6,1.6,1.2,1.2,7.0,7.0,1519.1876075121993,1450.837684894385,68.34992261781463,3.0,-0.2,0.0
1928,3.0,2.0,1.6,2.2,0.2,1.8,2.4,0.8,6.0,7.0,1750.74722026765,1576.9104681127442,173.83675215490575,2.333333333333333,1.0,-1.0
1929,1.0,2.0,1.2,2.2,1.4,1.2,1.4,1.6,8.0,7.0,1532.316447827479,1617.3889620095122,-85.07251418203327,1.3333333333333333,-1.0,1.0
1930,1.4,0.6,1.2,1.0,1.6,1.4,1.8,2.0,7.0,7.0,1596.3905014213876,1515.6527578646171,80.73774355677028,2.333333333333333,0.7999999999999999,0.0
1931,0.8,1.4,1.2,1.6,1.4,1.0,1.4,0.6,7.0,7.0,1586.7902407704933,1555.6487580945543,31.14148267593896,0.3333333333333333,-0.5999999999999999,0.0
1932,1.8,2.333333333333333,2.2,1.0,2.0,0.0,1.2,,6.0,7.0,1572.7802040389192,1523.5555393724358,49.22466466648348,,-0.5333333333333334,-1.0
1933,0.8,0.6,1.4,1.0,2.4,2.6,1.0,0.4,7.0,8.0,1514.8147277557098,1390.7736063782988,124.04112137741096,3.0,0.2,-1.0
1934,1.2,0.8,1.8,1.4,1.8,1.6,1.8,0.4,8.0,7.0,1629.9299452954422,1502.2377945614053,127.69215073403689,1.3333333333333333,0.3999999999999999,1.0
1935,2.0,3.0,1.6,1.8,1.0,0.4,2.0,2.4,7.0,6.0,1538.064807816464,1754.8774843414749,-216.81267652501083,0.5,-1.0,1.0
1936,0.8,1.0,0.4,1.2,1.4,1.4,1.0,0.6,7.0,6.0,1454.3725345419666,1533.0368426919702,-78.66430815000354,2.0,-0.1999999999999999,1.0
1937,0.0,0.8,0.0,1.6,1.6666666666666667,1.8,,0.8,8.0,8.0,1482.697751927746,1558.6386797117466,-75.94092778400068,,-0.8,0.0
1938,2.0,2.0,2.6,1.8,1.6,1.0,2.4,2.2,7.0,8.0,1616.668567145021,1730.6363799664548,-113.96781282143388,1.3333333333333333,0.0,-1.0
1939,1.6,1.6,0.8,1.8,1.0,1.4,2.2,0.8,9.0,9.0,1509.3130975965937,1553.7490861518163,-44.43598855522305,0.6666666666666666,0.0,0.0
1940,1.4,1.4,1.6,2.2,1.0,2.2,1.8,0.8,6.0,6.0,1558.2134589462762,1569.736094930764,-11.522635984487806,0.6666666666666666,0.0,0.0
1941,1.4,3.0,2.6,2.0,1.6,0.4,2.0,2.4,6.0,7.0,1568.1801846134065,1760.6474597224487,-192.46727510904225,0.3333333333333333,-1.6,-1.0
1942,1.2,1.2,1.0,1.6,0.8,2.6,1.0,0.8,7.0,7.0,1532.5001568878304,1405.6252225870533,126.87493430077711,2.0,0.0,0.0
1943,1.0,2.0,1.4,1.25,2.0,0.5,1.6,,5.0,7.0,1544.1967549971307,1526.599648480591,17.597106516539725,,-1.0,-2.0
1944,1.2,0.0,1.0,0.0,1.0,2.5,1.2,,7.0,6.0,1529.4955939296897,1473.156247026086,56.339346903603655,,1.2,1.0
1945,1.0,0.8,0.2,0.6,1.0,1.6,1.2,1.0,7.0,7.0,1454.9092203461064,1582.5476653563153,-127.6384450102089,1.0,0.1999999999999999,0.0
1946,0.8,1.4,1.4,1.4,1.6,1.0,1.4,1.4,8.0,8.0,1584.2255399187711,1624.998389627625,-40.77284970885376,1.0,-0.5999999999999999,0.0
1947,0.8,1.4,1.2,2.0,1.4,1.4,1.2,1.6,8.0,7.0,1507.1693502292223,1608.209512250959,-101.0401620217367,0.3333333333333333,-0.5999999999999999,1.0
1948,1.6,0.6,1.4,1.4,1.2,2.6,2.6,0.8,6.0,8.0,1518.8654287512793,1499.9631115469554,18.902317204323936,1.3333333333333333,1.0,-2.0
1949,2.4,1.4,1.8,1.0,0.8,1.2,2.4,1.0,7.0,8.0,1739.095434860517,1532.2948324354902,206.80060242502643,2.0,1.0,-1.0
1950,2.4,1.8,1.6,1.4,0.8,0.6,3.0,1.2,14.0,14.0,1747.0093481793851,1516.63268994621,230.37665823317505,3.0,0.5999999999999999,0.0
1951,0.8,1.8,0.8,2.0,1.8,0.8,1.2,0.6,14.0,14.0,1590.625101624769,1566.8271529635306,23.79794866123848,1.0,-1.0,0.0
1952,1.4,0.6,2.0,1.2,2.4,1.6,1.4,1.6,14.0,14.0,1561.1224009135096,1573.6727022948296,-12.550301381319969,1.0,0.7999999999999999,0.0
1953,1.2,0.4,1.4,1.0,2.2,1.6,0.6,0.6,14.0,14.0,1400.5389566918514,1508.3451176068447,-107.80616091499336,1.0,0.7999999999999999,0.0
1954,1.0,0.4,1.6,0.4,1.6,1.6,2.4,1.4,14.0,14.0,1607.033744873337,1446.8317840776526,160.20196079568404,1.3333333333333333,0.6,0.0
1955,0.8,2.0,1.2,3.2,2.0,1.0,1.4,0.8,14.0,14.0,1528.7519800438524,1581.81829615647,-53.06631611261764,0.5,-1.2,0.0
1956,0.8,1.0,1.2,0.8,2.2,1.0,0.4,2.0,14.0,14.0,1502.1958503520243,1516.2668603607583,-14.071010008733763,1.0,-0.1999999999999999,0.0
1957,1.6,1.8,1.2,1.2,0.8,0.6,,0.6,14.0,14.0,1518.7966632661442,1537.5864227830325,-18.789759516888125,,-0.1999999999999999,0.0
1958,1.8,3.0,1.4,2.6,0.8,1.0,1.4,2.2,14.0,14.0,1635.5512272515668,1742.6382872521544,-107.0870600005876,1.0,-1.2,0.0
1959,0.6,1.6,0.2,1.8,2.0,1.8,,0.8,14.0,14.0,1486.3849805950174,1551.9997402115775,-65.61475961656015,,-1.0,0.0
1960,1.5,2.0,1.75,1.25,1.0,0.5,2.2,1.4,7.0,6.0,1566.8271529635306,1635.5512272515668,-68.72407428803626,1.3333333333333333,-0.5,1.0
1961,1.5,1.0,1.0,1.75,0.75,2.5,1.6,0.8,6.0,7.0,1537.5864227830325,1561.1224009135096,-23.53597813047736,1.0,0.5,-1.0
1962,0.5,1.25,0.75,1.0,1.25,1.0,0.8,1.3333333333333333,7.0,6.0,1508.3451176068447,1518.7966632661442,-10.451545659299429,,-0.75,1.0
1963,3.0,0.75,2.75,1.25,1.0,2.5,2.4,0.8,6.0,7.0,1742.6382872521544,1400.5389566918514,342.0993305603031,3.0,2.25,-1.0
1964,1.75,1.0,1.75,1.0,1.75,1.25,2.2,1.6,5.0,7.0,1551.9997402115775,1590.625101624769,-38.62536141319151,0.3333333333333333,0.75,-2.0
1965,0.75,1.0,1.25,1.25,1.5,2.0,1.2,1.0,8.0,8.0,1573.6727022948296,1528.7519800438524,44.92072225097718,0.5,-0.25,0.0
1966,1.75,1.0,3.0,1.5,1.25,2.25,2.0,1.0,8.0,7.0,1581.81829615647,1502.1958503520243,79.62244580444553,0.3333333333333333,0.75,1.0
1967,1.5,1.25,1.5,2.0,0.75,1.5,2.2,1.2,8.0,8.0,1516.63268994621,1607.033744873337,-90.40105492712657,1.3333333333333333,0.25,0.0
1968,1.25,2.25,1.0,1.25,1.0,1.0,0.6,2.4,7.0,8.0,1516.2668603607583,1747.0093481793851,-230.74248781862684,0.6666666666666666,-1.0,-1.0
1969,0.5,0.75,0.5,0.25,1.25,1.75,1.0,1.0,9.0,7.0,1446.8317840776526,1486.3849805950174,-39.55319651736477,,-0.25,2.0
1970,1.0,1.3333333333333333,1.0,0.6666666666666666,1.6666666666666667,0.6666666666666666,0.75,1.75,6.0,5.0,1400.5389566918514,1516.2668603607583,-115.72790366890696,0.0,-0.3333333333333332,1.0
1971,2.0,1.6666666666666667,1.3333333333333333,1.0,1.3333333333333333,0.6666666666666666,3.0,0.75,6.0,7.0,1747.0093481793851,1537.5864227830325,209.42292539635287,2.333333333333333,0.3333333333333332,-1.0
1972,1.3333333333333333,3.0,1.3333333333333333,2.333333333333333,1.3333333333333333,1.0,0.75,2.0,7.0,7.0,1590.625101624769,1742.6382872521544,-152.01318562738538,2.0,-1.6666666666666667,0.0
1973,0.3333333333333333,0.6666666666666666,1.0,0.6666666666666666,2.333333333333333,1.0,1.75,1.0,7.0,5.0,1561.1224009135096,1446.8317840776526,114.290616835857,3.0,-0.3333333333333333,2.0
1974,1.0,0.6666666666666666,0.3333333333333333,1.0,2.0,1.3333333333333333,,0.5,5.0,7.0,1486.3849805950174,1508.3451176068447,-21.960137011827328,,0.3333333333333333,-2.0
1975,1.3333333333333333,1.3333333333333333,1.6666666666666667,1.6666666666666667,1.6666666666666667,2.333333333333333,0.25,1.0,7.0,8.0,1502.1958503520243,1551.9997402115775,-49.80388985955301,1.0,0.0,-1.0
1976,0.6666666666666666,1.6666666666666667,1.0,2.0,1.3333333333333333,1.0,,0.75,8.0,8.0,1518.7966632661442,1566.8271529635306,-48.03048969738643,,-1.0,0.0
1977,2.333333333333333,2.333333333333333,1.0,3.0,0.0,0.3333333333333333,1.0,0.75,8.0,7.0,1635.5512272515668,1581.81829615647,53.73293109509677,1.0,0.0,1.0
1978,0.6666666666666666,0.6666666666666666,1.0,1.3333333333333333,1.3333333333333333,1.6666666666666667,2.25,1.25,7.0,7.0,1607.033744873337,1573.6727022948296,33.36104257850707,1.0,0.0,0.0
1979,0.3333333333333333,1.6666666666666667,1.3333333333333333,1.6666666666666667,2.6666666666666665,0.6666666666666666,1.75,1.25,7.0,7.0,1528.7519800438524,1516.63268994621,12.119290097642306,2.0,-1.3333333333333337,0.0
1980,,,,,,,1.0,0.6666666666666666,7.0,7.0,1590.625101624769,1508.3451176068447,82.27998401792433,2.0,,0.0
1981,,,,,,,0.75,1.3333333333333333,6.0,6.0,1573.6727022948296,1516.63268994621,57.04001234861949,1.6666666666666667,,0.0
1982,,,,,,,2.0,1.3333333333333333,6.0,8.0,1566.8271529635306,1516.2668603607583,50.56029260277228,1.0,,-2.0
1983,,,,,,,2.333333333333333,1.25,7.0,6.0,1561.1224009135096,1607.033744873337,-45.91134395982704,1.0,,1.0
1984,,,,,,,,1.0,7.0,6.0,1486.3849805950174,1528.7519800438524,-42.36699944883503,,,1.0
1985,,,,,,,,0.75,6.0,8.0,1518.7966632661442,1400.5389566918514,118.2577065742928,,,-2.0
1986,,,,,,,2.25,1.0,7.0,6.0,1742.6382872521544,1581.81829615647,160.81999109568437,0.6666666666666666,,1.0
1987,,,,,,,1.0,1.25,7.0,6.0,1446.8317840776526,1502.1958503520243,-55.36406627437191,1.0,,1.0
1988,,,,,,,1.0,2.25,7.0,8.0,1635.5512272515668,1747.0093481793851,-111.4581209278183,1.6666666666666667,,-1.0
1989,,,,,,,2.0,0.6666666666666666,8.0,9.0,1551.9997402115775,1537.5864227830325,14.41331742854527,1.0,,-1.0
1990,,,,,,,1.75,1.0,4.0,6.0,1537.5864227830325,1486.3849805950174,51.20144218801488,,,-2.0
1991,,,,,,,3.0,1.3333333333333333,6.0,7.0,1747.0093481793851,1518.7966632661442,228.212684913241,,,-1.0
1992,,,,,,,1.0,1.0,7.0,5.0,1508.3451176068447,1551.9997402115775,-43.65462260473282,2.0,,2.0
1993,,,,,,,2.0,0.3333333333333333,7.0,7.0,1516.63268994621,1446.8317840776526,69.80090586855749,0.3333333333333333,,0.0
1994,,,,,,,0.5,2.333333333333333,7.0,7.0,1516.2668603607583,1742.6382872521544,-226.3714268913961,1.3333333333333333,,0.0
1995,,,,,,,1.75,1.0,8.0,8.0,1581.81829615647,1566.8271529635306,14.99114319293949,2.0,,0.0
1996,,,,,,,0.0,1.75,8.0,7.0,1502.1958503520243,1635.5512272515668,-133.3553768995423,1.3333333333333333,,1.0
1997,,,,,,,1.0,0.6666666666666666,8.0,8.0,1400.5389566918514,1573.6727022948296,-173.13374560297825,1.5,,0.0
1998,,,,,,,2.0,1.75,8.0,8.0,1607.033744873337,1590.625101624769,16.408643248567614,2.0,,0.0
1999,,,,,,,2.0,0.75,8.0,8.0,1528.7519800438524,1561.1224009135096,-32.37042086965721,3.0,,0.0
2000,,,,,,,,0.3333333333333333,13.0,13.0,1590.625101624769,1528.7519800438524,61.87312158091663,2.0,,0.0
2001,,,,,,,0.6666666666666666,,13.0,14.0,1573.6727022948296,1516.2668603607583,57.4058419340713,2.333333333333333,,-1.0
2002,,,,,,,,,13.0,14.0,1561.1224009135096,1516.63268994621,44.48971096729952,1.3333333333333333,,-1.0
2003,,,,,,,,1.3333333333333333,14.0,13.0,1486.3849805950174,1502.1958503520243,-15.81086975700714,,,1.0
2004,,,,,,,3.0,,14.0,14.0,1742.6382872521544,1508.3451176068447,234.2931696453097,3.0,,0.0
2005,,,,,,,1.6666666666666667,2.0,14.0,14.0,1551.9997402115775,1747.0093481793851,-195.0096079678076,0.0,,0.0
2006,,,,,,,0.3333333333333333,1.0,14.0,13.0,1446.8317840776526,1400.5389566918514,46.29282738580128,1.5,,1.0
2007,,,,,,,,,14.0,14.0,1518.7966632661442,1581.81829615647,-63.02163289032592,,,0.0
2008,,,,,,,,0.6666666666666666,14.0,14.0,1635.5512272515668,1607.033744873337,28.51748237823017,0.3333333333333333,,0.0
2009,,,,,,,2.333333333333333,,14.0,14.0,1566.8271529635306,1537.5864227830325,29.240730180498304,1.6666666666666667,,0.0
2010,,,,,,,0.3333333333333333,1.0,6.0,6.0,1516.2668603607583,1561.1224009135096,-44.855540552751336,1.0,,0.0
2011,,,,,,,,1.3333333333333333,7.0,7.0,1400.5389566918514,1590.625101624769,-190.0861449329177,1.0,,0.0
2012,,,,,,,1.6666666666666667,1.0,7.0,7.0,1516.63268994621,1486.3849805950174,30.247709351192725,,,0.0
2013,,,,,,,,,6.0,5.0,1607.033744873337,1566.8271529635306,40.20659190980609,1.0,,1.0
2014,,,,,,,,,8.0,8.0,1747.0093481793851,1742.6382872521544,4.371060927230701,1.3333333333333333,,0.0
2015,,,,,,,2.333333333333333,,7.0,8.0,1581.81829615647,1551.9997402115775,29.818555944892523,1.3333333333333333,,-1.0
2016,,,,,,,,1.3333333333333333,8.0,7.0,1502.1958503520243,1518.7966632661442,-16.600812914119615,,,1.0
2017,,,,,,,2.333333333333333,2.333333333333333,6.0,7.0,1537.5864227830325,1635.5512272515668,-97.96480446853457,0.0,,-1.0
2018,,,,,,,0.3333333333333333,,8.0,8.0,1508.3451176068447,1573.6727022948296,-65.32758468798488,0.0,,0.0
2019,,,,,,,,,8.0,8.0,1528.7519800438524,1446.8317840776526,81.9201959661998,2.0,,0.0
2020,,,,,,,,,4.0,3.0,1590.625101624769,1537.5864227830325,53.03867884173678,1.3333333333333333,,1.0
2021,,,,,,,,,3.0,3.0,1573.6727022948296,1581.81829615647,-8.145593861640464,1.3333333333333333,,0.0
2022,,,,,,,,,4.0,3.0,1566.8271529635306,1747.0093481793851,-180.18219521585456,0.6666666666666666,,1.0
2023,,,,,,,,,5.0,3.0,1561.1224009135096,1502.1958503520243,58.9265505614851,1.6666666666666667,,2.0
2024,,,,,,,,,4.0,4.0,1486.3849805950174,1400.5389566918514,85.84602390316604,,,0.0
2025,,,,,,,,,3.0,5.0,1518.7966632661442,1516.2668603607583,2.52980290538585,,,-2.0
2026,,,,,,,,,3.0,3.0,1635.5512272515668,1528.7519800438524,106.79924720771442,2.0,,0.0
2027,,,,,,,,,3.0,4.0,1742.6382872521544,1516.63268994621,226.00559730594432,3.0,,-1.0
2028,,,,,,,,,3.0,4.0,1551.9997402115775,1607.033744873337,-55.03400466175913,2.0,,-1.0
2029,,,,,,,,,3.0,3.0,1446.8317840776526,1508.3451176068447,-61.513333529192096,0.0,,0.0
2030,,,,,,,,,3.0,3.0,1590.625101624769,1502.1958503520243,88.42925127274452,0.3333333333333333,,0.0
2031,,,,,,,,,3.0,3.0,1573.6727022948296,1518.7966632661442,54.876039028685454,,,0.0
2032,,,,,,,,,3.0,3.0,1566.8271529635306,1742.6382872521544,-175.81113428862386,0.3333333333333333,,0.0
2033,,,,,,,,,3.0,3.0,1561.1224009135096,1635.5512272515668,-74.4288263380572,2.333333333333333,,0.0
2034,,,,,,,,,3.0,3.0,1537.5864227830325,1508.3451176068447,29.241305176187552,3.0,,0.0
2035,,,,,,,,,3.0,3.0,1516.63268994621,1400.5389566918514,116.09373325435875,,,0.0
2036,,,,,,,,,3.0,3.0,1607.033744873337,1486.3849805950174,120.64876427831928,,,0.0
2037,,,,,,,,,3.0,3.0,1551.9997402115775,1528.7519800438524,23.24776016772512,0.0,,0.0
2038,,,,,,,,,3.0,3.0,1516.2668603607583,1581.81829615647,-65.55143579571177,1.0,,0.0
2039,,,,,,,,,3.0,3.0,1446.8317840776526,1747.0093481793851,-300.1775641017325,0.0,,0.0
2040,,,,,,,,,7.0,7.0,1747.0093481793851,1573.6727022948296,173.33664588455554,1.0,,0.0
2041,,,,,,,,,7.0,7.0,1581.81829615647,1537.5864227830325,44.23187337343779,0.3333333333333333,,0.0
2042,,,,,,,,,7.0,7.0,1486.3849805950174,1590.625101624769,-104.24012102975166,,,0.0
2043,,,,,,,,,7.0,7.0,1502.1958503520243,1607.033744873337,-104.83789452131214,1.0,,0.0
2044,,,,,,,,,7.0,7.0,1508.3451176068447,1566.8271529635306,-58.482035356685856,2.333333333333333,,0.0
2045,,,,,,,,,7.0,7.0,1518.7966632661442,1446.8317840776526,71.96487918849152,,,0.0
2046,,,,,,,,,7.0,7.0,1400.5389566918514,1551.9997402115775,-151.4607835197262,0.0,,0.0
2047,,,,,,,,,7.0,7.0,1635.5512272515668,1516.63268994621,118.91853730535672,1.6666666666666667,,0.0
2048,,,,,,,,,7.0,7.0,1742.6382872521544,1561.1224009135096,181.5158863386448,2.333333333333333,,0.0
2049,,,,,,,,,7.0,7.0,1528.7519800438524,1516.2668603607583,12.485119683094126,1.5,,0.0
2050,,,,,,,,,7.0,7.0,1747.0093481793851,1607.033744873337,139.97560330604847,1.3333333333333333,,0.0
2051,,,,,,,,,7.0,7.0,1573.6727022948296,1486.3849805950174,87.28772169981221,,,0.0
2052,,,,,,,,,7.0,7.0,1566.8271529635306,1551.9997402115775,14.827412751953034,2.0,,0.0
2053,,,,,,,,,7.0,7.0,1581.81829615647,1400.5389566918514,181.27933946461872,2.0,,0.0
2054,,,,,,,,,7.0,7.0,1561.1224009135096,1590.625101624769,-29.502700711259426,1.0,,0.0
2055,,,,,,,,,7.0,7.0,1516.63268994621,1508.3451176068447,8.287572339365397,1.0,,0.0
2056,,,,,,,,,7.0,7.0,1635.5512272515668,1446.8317840776526,188.7194431739142,2.333333333333333,,0.0
2057,,,,,,,,,7.0,7.0,1742.6382872521544,1518.7966632661442,223.8416239860103,,,0.0
2058,,,,,,,,,7.0,7.0,1516.2668603607583,1537.5864227830325,-21.31956242227397,0.0,,0.0
2059,,,,,,,,,7.0,7.0,1528.7519800438524,1502.1958503520243,26.55612969182789,2.0,,0.0
2060,,,,,,,,,7.0,7.0,1590.625101624769,1516.63268994621,73.99241167855894,2.333333333333333,,0.0
2061,,,,,,,,,7.0,7.0,1537.5864227830325,1528.7519800438524,8.834442739179849,0.5,,0.0
2062,,,,,,,,,7.0,7.0,1508.3451176068447,1581.81829615647,-73.47317854962535,1.3333333333333333,,0.0
2063,,,,,,,,,7.0,7.0,1518.7966632661442,1635.5512272515668,-116.75456398542268,,,0.0
2064,,,,,,,,,7.0,7.0,1400.5389566918514,1566.8271529635306,-166.28819627167923,0.0,,0.0
2065,,,,,,,,,7.0,7.0,1551.9997402115775,1742.6382872521544,-190.6385470405769,1.0,,0.0
2066,,,,,,,,,7.0,7.0,1446.8317840776526,1573.6727022948296,-126.84091821717698,0.3333333333333333,,0.0
2067,,,,,,,,,8.0,8.0,1486.3849805950174,1561.1224009135096,-74.73742031849224,,,0.0
2068,,,,,,,,,8.0,8.0,1502.1958503520243,1747.0093481793851,-244.8134978273606,0.3333333333333333,,0.0
2069,,,,,,,,,8.0,8.0,1607.033744873337,1516.2668603607583,90.76688451257836,1.3333333333333333,,0.0
2070,,,,,,,,,3.0,3.0,1537.5864227830325,1742.6382872521544,-205.05186446912217,0.3333333333333333,,0.0
2071,,,,,,,,,3.0,3.0,1518.7966632661442,1516.63268994621,2.16397331993403,,,0.0
2072,,,,,,,,,3.0,3.0,1446.8317840776526,1581.81829615647,-134.98651207881744,0.6666666666666666,,0.0
2073,,,,,,,,,4.0,4.0,1590.625101624769,1635.5512272515668,-44.92612562679778,1.3333333333333333,,0.0
2074,,,,,,,,,3.0,4.0,1486.3849805950174,1566.8271529635306,-80.44217236851318,,,-1.0
2075,,,,,,,,,3.0,4.0,1502.1958503520243,1573.6727022948296,-71.47685194280507,0.6666666666666666,,-1.0
2076,,,,,,,,,4.0,3.0,1508.3451176068447,1747.0093481793851,-238.6642305725404,0.0,,1.0
2077,,,,,,,,,4.0,3.0,1400.5389566918514,1561.1224009135096,-160.58344422165828,2.0,,1.0
2078,,,,,,,,,3.0,4.0,1607.033744873337,1528.7519800438524,78.28176482948425,2.0,,-1.0
2079,,,,,,,,,4.0,3.0,1551.9997402115775,1516.2668603607583,35.732879850819245,2.333333333333333,,1.0
2080,,,,,,,,,3.0,3.0,1516.63268994621,1537.5864227830325,-20.953732836822155,1.3333333333333333,,0.0
2081,,,,,,,,,3.0,3.0,1747.0093481793851,1400.5389566918514,346.4703914875338,3.0,,0.0
2082,,,,,,,,,3.0,3.0,1573.6727022948296,1590.625101624769,-16.952399329939453,0.3333333333333333,,0.0
2083,,,,,,,,,3.0,3.0,1566.8271529635306,1502.1958503520243,64.63130261150604,1.3333333333333333,,0.0
2084,,,,,,,,,4.0,3.0,1581.81829615647,1607.033744873337,-25.215448716866604,1.0,,1.0
2085,,,,,,,,,3.0,3.0,1635.5512272515668,1486.3849805950174,149.16624665654945,,,0.0
2086,,,,,,,,,3.0,3.0,1516.2668603607583,1508.3451176068447,7.921742753913577,0.3333333333333333,,0.0
2087,,,,,,,,,3.0,4.0,1528.7519800438524,1518.7966632661442,9.955316777708276,,,-1.0
2088,,,,,,,,,4.0,4.0,1561.1224009135096,1551.9997402115775,9.12266070193209,0.3333333333333333,,0.0
2089,,,,,,,,,5.0,5.0,1742.6382872521544,1446.8317840776526,295.8065031745018,1.3333333333333333,,0.0
2090,,,,,,,,,3.0,3.0,1747.0093481793851,1566.8271529635306,180.18219521585456,1.6666666666666667,,0.0
2091,,,,,,,,,3.0,3.0,1581.81829615647,1573.6727022948296,8.145593861640464,1.3333333333333333,,0.0
2092,,,,,,,,,4.0,3.0,1537.5864227830325,1590.625101624769,-53.03867884173678,1.3333333333333333,,1.0
2093,,,,,,,,,3.0,3.0,1516.2668603607583,1518.7966632661442,-2.52980290538585,,,0.0
2094,,,,,,,,,3.0,3.0,1528.7519800438524,1635.5512272515668,-106.79924720771442,0.5,,0.0
2095,,,,,,,,,4.0,3.0,1502.1958503520243,1561.1224009135096,-58.9265505614851,0.6666666666666666,,1.0
2096,,,,,,,,,4.0,3.0,1508.3451176068447,1446.8317840776526,61.513333529192096,3.0,,1.0
2097,,,,,,,,,4.0,4.0,1400.5389566918514,1486.3849805950174,-85.84602390316604,,,0.0
2098,,,,,,,,,5.0,3.0,1516.63268994621,1742.6382872521544,-226.00559730594432,0.0,,2.0
2099,,,,,,,,,5.0,4.0,1607.033744873337,1551.9997402115775,55.03400466175913,1.0,,1.0
2100,,,,,,,,,11.0,9.0,1590.625101624769,1607.033744873337,-16.408643248567614,1.0,,2.0
2101,,,,,,,,,11.0,10.0,1573.6727022948296,1400.5389566918514,173.13374560297825,1.5,,1.0
2102,,,,,,,,,11.0,11.0,1566.8271529635306,1581.81829615647,-14.99114319293949,1.0,,0.0
2103,,,,,,,,,10.0,11.0,1561.1224009135096,1528.7519800438524,32.37042086965721,0.0,,-1.0
2104,,,,,,,,,10.0,11.0,1486.3849805950174,1537.5864227830325,-51.20144218801488,,,-1.0
2105,,,,,,,,,11.0,11.0,1518.7966632661442,1747.0093481793851,-228.212684913241,,,0.0
2106,,,,,,,,,11.0,10.0,1635.5512272515668,1502.1958503520243,133.3553768995423,1.3333333333333333,,1.0
2107,,,,,,,,,10.0,11.0,1742.6382872521544,1516.2668603607583,226.3714268913961,1.3333333333333333,,-1.0
2108,,,,,,,,,9.0,10.0,1551.9997402115775,1508.3451176068447,43.65462260473282,1.0,,-1.0
2109,,,,,,,,,10.0,10.0,1446.8317840776526,1516.63268994621,-69.80090586855749,2.333333333333333,,0.0
2110,,,,,,,,,7.0,7.0,1747.0093481793851,1551.9997402115775,195.0096079678076,3.0,,0.0
2111,,,,,,,,,7.0,7.0,1581.81829615647,1742.6382872521544,-160.81999109568437,1.6666666666666667,,0.0
2112,,,,,,,,,7.0,7.0,1502.1958503520243,1446.8317840776526,55.36406627437191,2.0,,0.0
2113,,,,,,,,,7.0,7.0,1537.5864227830325,1566.8271529635306,-29.240730180498304,0.6666666666666666,,0.0
2114,,,,,,,,,7.0,7.0,1508.3451176068447,1590.625101624769,-82.27998401792433,1.0,,0.0
2115,,,,,,,,,7.0,7.0,1400.5389566918514,1518.7966632661442,-118.2577065742928,,,0.0
2116,,,,,,,,,7.0,7.0,1516.63268994621,1561.1224009135096,-44.48971096729952,1.3333333333333333,,0.0
2117,,,,,,,,,7.0,7.0,1607.033744873337,1635.5512272515668,-28.51748237823017,2.333333333333333,,0.0
2118,,,,,,,,,7.0,7.0,1516.2668603607583,1573.6727022948296,-57.4058419340713,0.3333333333333333,,0.0
2119,,,,,,,,,7.0,7.0,1528.7519800438524,1486.3849805950174,42.36699944883503,,,0.0
2120,,,,,,,,,7.0,7.0,1590.625101624769,1400.5389566918514,190.0861449329177,1.0,,0.0
2121,,,,,,,,,7.0,7.0,1573.6727022948296,1508.3451176068447,65.32758468798488,3.0,,0.0
2122,,,,,,,,,7.0,7.0,1566.8271529635306,1607.033744873337,-40.20659190980609,2.0,,0.0
2123,,,,,,,,,7.0,7.0,1561.1224009135096,1516.2668603607583,44.855540552751336,2.0,,0.0
2124,,,,,,,,,7.0,7.0,1486.3849805950174,1516.63268994621,-30.247709351192725,,,0.0
2125,,,,,,,,,7.0,7.0,1518.7966632661442,1502.1958503520243,16.600812914119615,,,0.0
2126,,,,,,,,,7.0,7.0,1635.5512272515668,1537.5864227830325,97.96480446853457,3.0,,0.0
2127,,,,,,,,,7.0,7.0,1742.6382872521544,1747.0093481793851,-4.371060927230701,1.3333333333333333,,0.0
2128,,,,,,,,,7.0,7.0,1551.9997402115775,1581.81829615647,-29.818555944892523,1.3333333333333333,,0.0
2129,,,,,,,,,7.0,7.0,1446.8317840776526,1528.7519800438524,-81.9201959661998,0.5,,0.0
2130,,,,,,,,,7.0,7.0,1747.0093481793851,1635.5512272515668,111.4581209278183,0.6666666666666666,,0.0
2131,,,,,,,,,7.0,7.0,1581.81829615647,1518.7966632661442,63.02163289032592,,,0.0
2132,,,,,,,,,7.0,7.0,1502.1958503520243,1486.3849805950174,15.81086975700714,,,0.0
2133,,,,,,,,,7.0,7.0,1537.5864227830325,1551.9997402115775,-14.41331742854527,2.0,,0.0
2134,,,,,,,,,7.0,7.0,1508.3451176068447,1742.6382872521544,-234.2931696453097,0.0,,0.0
2135,,,,,,,,,7.0,7.0,1400.5389566918514,1446.8317840776526,-46.29282738580128,1.5,,0.0
2136,,,,,,,,,7.0,7.0,1516.63268994621,1573.6727022948296,-57.04001234861949,0.6666666666666666,,0.0
2137,,,,,,,,,7.0,7.0,1607.033744873337,1561.1224009135096,45.91134395982704,2.0,,0.0
2138,,,,,,,,,7.0,7.0,1516.2668603607583,1566.8271529635306,-50.56029260277228,2.0,,0.0
2139,,,,,,,,,7.0,7.0,1528.7519800438524,1590.625101624769,-61.87312158091663,0.5,,0.0
2140,,,,,,,,,4.0,4.0,1590.625101624769,1573.6727022948296,16.952399329939453,2.333333333333333,,0.0
2141,,,,,,,,,4.0,4.0,1486.3849805950174,1635.5512272515668,-149.16624665654945,,,0.0
2142,,,,,,,,,4.0,4.0,1502.1958503520243,1566.8271529635306,-64.63130261150604,1.3333333333333333,,0.0
2143,,,,,,,,,4.0,4.0,1537.5864227830325,1516.63268994621,20.953732836822155,1.3333333333333333,,0.0
2144,,,,,,,,,4.0,4.0,1508.3451176068447,1516.2668603607583,-7.921742753913577,2.333333333333333,,0.0
2145,,,,,,,,,4.0,4.0,1518.7966632661442,1528.7519800438524,-9.955316777708276,,,0.0
2146,,,,,,,,,4.0,4.0,1400.5389566918514,1747.0093481793851,-346.4703914875338,0.0,,0.0
2147,,,,,,,,,4.0,4.0,1607.033744873337,1581.81829615647,25.215448716866604,2.0,,0.0
2148,,,,,,,,,4.0,4.0,1551.9997402115775,1561.1224009135096,-9.12266070193209,2.333333333333333,,0.0
2149,,,,,,,,,4.0,4.0,1446.8317840776526,1742.6382872521544,-295.8065031745018,1.3333333333333333,,0.0
2150,,,,,,,,,10.0,10.0,1747.0093481793851,1508.3451176068447,238.6642305725404,3.0,,0.0
2151,,,,,,,,,10.0,10.0,1573.6727022948296,1502.1958503520243,71.47685194280507,1.6666666666666667,,0.0
2152,,,,,,,,,10.0,10.0,1566.8271529635306,1486.3849805950174,80.44217236851318,,,0.0
2153,,,,,,,,,10.0,10.0,1581.81829615647,1446.8317840776526,134.98651207881744,1.6666666666666667,,0.0
2154,,,,,,,,,10.0,10.0,1561.1224009135096,1400.5389566918514,160.58344422165828,0.5,,0.0
2155,,,,,,,,,10.0,10.0,1516.63268994621,1590.625101624769,-73.99241167855894,0.3333333333333333,,0.0
2156,,,,,,,,,10.0,10.0,1635.5512272515668,1518.7966632661442,116.75456398542268,,,0.0
2157,,,,,,,,,10.0,10.0,1742.6382872521544,1551.9997402115775,190.6385470405769,2.0,,0.0
2158,,,,,,,,,10.0,10.0,1516.2668603607583,1607.033744873337,-90.76688451257836,1.3333333333333333,,0.0
2159,,,,,,,,,10.0,10.0,1528.7519800438524,1537.5864227830325,-8.834442739179849,2.0,,0.0
2160,,,,,,,,,7.0,7.0,1590.625101624769,1561.1224009135096,29.502700711259426,2.0,,0.0
2161,,,,,,,,,7.0,7.0,1486.3849805950174,1573.6727022948296,-87.28772169981221,,,0.0
2162,,,,,,,,,7.0,7.0,1502.1958503520243,1528.7519800438524,-26.55612969182789,0.5,,0.0
2163,,,,,,,,,7.0,7.0,1537.5864227830325,1516.2668603607583,21.31956242227397,3.0,,0.0
2164,,,,,,,,,7.0,7.0,1508.3451176068447,1516.63268994621,-8.287572339365397,2.0,,0.0
2165,,,,,,,,,7.0,7.0,1518.7966632661442,1742.6382872521544,-223.8416239860103,,,0.0
2166,,,,,,,,,7.0,7.0,1400.5389566918514,1581.81829615647,-181.27933946461872,0.5,,0.0
2167,,,,,,,,,7.0,7.0,1607.033744873337,1747.0093481793851,-139.97560330604847,1.3333333333333333,,0.0
2168,,,,,,,,,7.0,7.0,1551.9997402115775,1566.8271529635306,-14.827412751953034,1.0,,0.0
2169,,,,,,,,,7.0,7.0,1446.8317840776526,1635.5512272515668,-188.7194431739142,0.3333333333333333,,0.0
2170,,,,,,,,,4.0,4.0,1747.0093481793851,1502.1958503520243,244.8134978273606,2.333333333333333,,0.0
2171,,,,,,,,,4.0,4.0,1573.6727022948296,1446.8317840776526,126.84091821717698,2.333333333333333,,0.0
2172,,,,,,,,,4.0,4.0,1566.8271529635306,1400.5389566918514,166.28819627167923,3.0,,0.0
2173,,,,,,,,,4.0,4.0,1581.81829615647,1508.3451176068447,73.47317854962535,1.3333333333333333,,0.0
2174,,,,,,,,,4.0,4.0,1561.1224009135096,1486.3849805950174,74.73742031849224,,,0.0
2175,,,,,,,,,4.0,4.0,1516.63268994621,1518.7966632661442,-2.16397331993403,,,0.0
2176,,,,,,,,,4.0,4.0,1635.5512272515668,1590.625101624769,44.92612562679778,1.3333333333333333,,0.0
2177,,,,,,,,,4.0,4.0,1742.6382872521544,1537.5864227830325,205.05186446912217,2.333333333333333,,0.0
2178,,,,,,,,,4.0,4.0,1516.2668603607583,1551.9997402115775,-35.732879850819245,0.3333333333333333,,0.0
2179,,,,,,,,,4.0,4.0,1528.7519800438524,1607.033744873337,-78.28176482948425,0.5,,0.0
2180,,,,,,,,,10.0,10.0,1590.625101624769,1518.7966632661442,71.82843835862491,1.0,,0.0
2181,,,,,,,,,10.0,10.0,1573.6727022948296,1551.9997402115775,21.67296208325206,1.6666666666666667,,0.0
2182,,,,,,,,,10.0,10.0,1561.1224009135096,1747.0093481793851,-185.8869472658755,0.3333333333333333,,0.0
2183,,,,,,,,,10.0,10.0,1486.3849805950174,1742.6382872521544,-256.25330665713705,0.0,,0.0
2184,,,,,,,,,10.0,10.0,1502.1958503520243,1508.3451176068447,-6.149267254820188,2.333333333333333,,0.0
2185,,,,,,,,,10.0,10.0,1516.63268994621,1581.81829615647,-65.18560621025995,1.3333333333333333,,0.0
2186,,,,,,,,,10.0,10.0,1635.5512272515668,1400.5389566918514,235.0122705597155,3.0,,0.0
2187,,,,,,,,,10.0,10.0,1607.033744873337,1537.5864227830325,69.4473220903044,1.3333333333333333,,0.0
2188,,,,,,,,,10.0,10.0,1528.7519800438524,1566.8271529635306,-38.07517291967815,1.3333333333333333,,0.0
2189,,,,,,,,,10.0,10.0,1446.8317840776526,1516.2668603607583,-69.43507628310567,0.3333333333333333,,0.0
2190,,,,,,,,,7.0,7.0,1747.0093481793851,1528.7519800438524,218.25736813553272,2.333333333333333,,0.0
2191,,,,,,,,,7.0,7.0,1566.8271529635306,1573.6727022948296,-6.845549331299026,1.6666666666666667,,0.0
2192,,,,,,,,,7.0,7.0,1581.81829615647,1486.3849805950174,95.43331556145267,3.0,,0.0
2193,,,,,,,,,7.0,7.0,1537.5864227830325,1446.8317840776526,90.75463870537963,0.3333333333333333,,0.0
2194,,,,,,,,,7.0,7.0,1508.3451176068447,1635.5512272515668,-127.20610964472212,0.6666666666666666,,0.0
2195,,,,,,,,,7.0,7.0,1518.7966632661442,1561.1224009135096,-42.325737647365486,1.0,,0.0
2196,,,,,,,,,7.0,7.0,1400.5389566918514,1502.1958503520243,-101.65689366017318,1.0,,0.0
2197,,,,,,,,,7.0,7.0,1742.6382872521544,1607.033744873337,135.60454237881777,2.0,,0.0
2198,,,,,,,,,7.0,7.0,1551.9997402115775,1516.63268994621,35.367050265367425,1.3333333333333333,,0.0
2199,,,,,,,,,7.0,7.0,1516.2668603607583,1590.625101624769,-74.35824126401076,1.3333333333333333,,0.0
2200,,,,,,,,,14.0,14.0,1590.625101624769,1581.81829615647,8.80680546829899,2.0,,0.0
2201,,,,,,,,,14.0,14.0,1573.6727022948296,1742.6382872521544,-168.96558495732484,0.3333333333333333,,0.0
2202,,,,,,,,,14.0,14.0,1561.1224009135096,1508.3451176068447,52.77728330666491,2.0,,0.0
2203,,,,,,,,,14.0,14.0,1486.3849805950174,1747.0093481793851,-260.62436758436775,0.0,,0.0
2204,,,,,,,,,14.0,14.0,1502.1958503520243,1537.5864227830325,-35.39057243100774,0.3333333333333333,,0.0
2205,,,,,,,,,14.0,14.0,1516.63268994621,1516.2668603607583,0.3658295854518201,2.0,,0.0
2206,,,,,,,,,14.0,14.0,1635.5512272515668,1551.9997402115775,83.5514870399893,2.333333333333333,,0.0
2207,,,,,,,,,14.0,14.0,1607.033744873337,1518.7966632661442,88.23708160719252,0.0,,0.0
2208,,,,,,,,,14.0,14.0,1528.7519800438524,1400.5389566918514,128.21302335200107,0.0,,0.0
2209,,,,,,,,,14.0,14.0,1446.8317840776526,1566.8271529635306,-119.99536888587797,1.3333333333333333,,0.0
2210,,,,,,,,,7.0,7.0,1747.0093481793851,1590.625101624769,156.38424655461608,2.0,,0.0
2211,,,,,,,,,7.0,7.0,1566.8271529635306,1516.63268994621,50.19446301732046,1.0,,0.0
2212,,,,,,,,,7.0,7.0,1581.81829615647,1561.1224009135096,20.695895242960432,2.0,,0.0
2213,,,,,,,,,7.0,7.0,1537.5864227830325,1573.6727022948296,-36.08627951179733,1.3333333333333333,,0.0
2214,,,,,,,,,7.0,7.0,1508.3451176068447,1528.7519800438524,-20.406862437007703,2.0,,0.0
2215,,,,,,,,,7.0,7.0,1518.7966632661442,1486.3849805950174,32.411682671126755,3.0,,0.0
2216,,,,,,,,,7.0,7.0,1400.5389566918514,1607.033744873337,-206.4947881814853,0.3333333333333333,,0.0
2217,,,,,,,,,7.0,7.0,1742.6382872521544,1502.1958503520243,240.4424369001299,3.0,,0.0
2218,,,,,,,,,7.0,7.0,1551.9997402115775,1446.8317840776526,105.16795613392492,2.333333333333333,,0.0
2219,,,,,,,,,7.0,7.0,1516.2668603607583,1635.5512272515668,-119.28436689080854,1.3333333333333333,,0.0
2220,,,,,,,,,7.0,7.0,1590.625101624769,1486.3849805950174,104.24012102975166,,,0.0
2221,,,,,,,,,7.0,7.0,1573.6727022948296,1747.0093481793851,-173.33664588455554,2.0,,0.0
2222,,,,,,,,,7.0,7.0,1566.8271529635306,1508.3451176068447,58.482035356685856,0.3333333333333333,,0.0
2223,,,,,,,,,7.0,7.0,1561.1224009135096,1742.6382872521544,-181.5158863386448,0.3333333333333333,,0.0
2224,,,,,,,,,7.0,7.0,1537.5864227830325,1581.81829615647,-44.23187337343779,2.333333333333333,,0.0
2225,,,,,,,,,7.0,7.0,1516.63268994621,1635.5512272515668,-118.91853730535672,0.6666666666666666,,0.0
2226,,,,,,,,,7.0,7.0,1607.033744873337,1502.1958503520243,104.83789452131214,2.0,,0.0
2227,,,,,,,,,7.0,7.0,1551.9997402115775,1400.5389566918514,151.4607835197262,3.0,,0.0
2228,,,,,,,,,7.0,7.0,1516.2668603607583,1528.7519800438524,-12.485119683094126,1.5,,0.0
2229,,,,,,,,,7.0,7.0,1446.8317840776526,1518.7966632661442,-71.96487918849152,,,0.0
2230,,,,,,,,,7.0,7.0,1747.0093481793851,1446.8317840776526,300.1775641017325,3.0,,0.0
2231,,,,,,,,,7.0,7.0,1581.81829615647,1516.2668603607583,65.55143579571177,2.0,,0.0
2232,,,,,,,,,7.0,7.0,1486.3849805950174,1607.033744873337,-120.64876427831928,,,0.0
2233,,,,,,,,,7.0,7.0,1502.1958503520243,1590.625101624769,-88.42925127274452,2.333333333333333,,0.0
2234,,,,,,,,,7.0,7.0,1508.3451176068447,1537.5864227830325,-29.241305176187552,0.0,,0.0
2235,,,,,,,,,7.0,7.0,1518.7966632661442,1573.6727022948296,-54.876039028685454,,,0.0
2236,,,,,,,,,7.0,7.0,1400.5389566918514,1516.63268994621,-116.09373325435875,,,0.0
2237,,,,,,,,,7.0,7.0,1635.5512272515668,1561.1224009135096,74.4288263380572,0.3333333333333333,,0.0
2238,,,,,,,,,7.0,7.0,1742.6382872521544,1566.8271529635306,175.81113428862386,2.333333333333333,,0.0
2239,,,,,,,,,7.0,7.0,1528.7519800438524,1551.9997402115775,-23.24776016772512,3.0,,0.0
2240,,,,,,,,,7.0,7.0,1573.6727022948296,1607.033744873337,-33.36104257850707,1.0,,0.0
2241,,,,,,,,,7.0,7.0,1566.8271529635306,1590.625101624769,-23.79794866123848,2.0,,0.0
2242,,,,,,,,,7.0,7.0,1581.81829615647,1528.7519800438524,53.06631611261764,2.0,,0.0
2243,,,,,,,,,7.0,7.0,1537.5864227830325,1518.7966632661442,18.789759516888125,,,0.0
2244,,,,,,,,,7.0,7.0,1508.3451176068447,1400.5389566918514,107.80616091499336,1.0,,0.0
2245,,,,,,,,,7.0,7.0,1516.63268994621,1747.0093481793851,-230.37665823317505,0.0,,0.0
2246,,,,,,,,,7.0,7.0,1742.6382872521544,1635.5512272515668,107.0870600005876,2.0,,0.0
2247,,,,,,,,,7.0,7.0,1551.9997402115775,1486.3849805950174,65.61475961656015,,,0.0
2248,,,,,,,,,7.0,7.0,1516.2668603607583,1502.1958503520243,14.071010008733763,1.0,,0.0
2249,,,,,,,,,7.0,7.0,1446.8317840776526,1561.1224009135096,-114.290616835857,0.0,,0.0
2250,,,,,,,,,7.0,7.0,1747.0093481793851,1516.2668603607583,230.74248781862684,1.6666666666666667,,0.0
2251,,,,,,,,,7.0,7.0,1590.625101624769,1551.9997402115775,38.62536141319151,2.333333333333333,,0.0
2252,,,,,,,,,7.0,7.0,1561.1224009135096,1537.5864227830325,23.53597813047736,2.0,,0.0
2253,,,,,,,,,7.0,7.0,1486.3849805950174,1446.8317840776526,39.55319651736477,,,0.0
2254,,,,,,,,,7.0,7.0,1502.1958503520243,1581.81829615647,-79.62244580444553,2.333333333333333,,0.0
2255,,,,,,,,,7.0,7.0,1518.7966632661442,1508.3451176068447,10.451545659299429,,,0.0
2256,,,,,,,,,7.0,7.0,1400.5389566918514,1742.6382872521544,-342.0993305603031,0.0,,0.0
2257,,,,,,,,,7.0,7.0,1635.5512272515668,1566.8271529635306,68.72407428803626,1.3333333333333333,,0.0
2258,,,,,,,,,7.0,7.0,1607.033744873337,1516.63268994621,90.40105492712657,1.3333333333333333,,0.0
2259,,,,,,,,,7.0,7.0,1528.7519800438524,1573.6727022948296,-44.92072225097718,2.0,,0.0
2260,,,,,,,,,8.0,8.0,1573.6727022948296,1561.1224009135096,12.550301381319969,1.0,,0.0
2261,,,,,,,,,8.0,8.0,1566.8271529635306,1518.7966632661442,48.03048969738643,,,0.0
2262,,,,,,,,,8.0,8.0,1581.81829615647,1635.5512272515668,-53.73293109509677,2.0,,0.0
2263,,,,,,,,,8.0,8.0,1537.5864227830325,1747.0093481793851,-209.42292539635287,0.3333333333333333,,0.0
2264,,,,,,,,,8.0,8.0,1508.3451176068447,1486.3849805950174,21.960137011827328,,,0.0
2265,,,,,,,,,8.0,8.0,1516.63268994621,1528.7519800438524,-12.119290097642306,0.5,,0.0
2266,,,,,,,,,8.0,8.0,1742.6382872521544,1590.625101624769,152.01318562738538,1.0,,0.0
2267,,,,,,,,,8.0,8.0,1551.9997402115775,1502.1958503520243,49.80388985955301,2.0,,0.0
2268,,,,,,,,,8.0,8.0,1516.2668603607583,1400.5389566918514,115.72790366890696,3.0,,0.0
2269,,,,,,,,,8.0,8.0,1446.8317840776526,1607.033744873337,-160.20196079568404,1.3333333333333333,,0.0
2270,,,,,,,,,7.0,7.0,1747.0093481793851,1581.81829615647,165.19105202291507,2.0,,0.0
2271,,,,,,,,,7.0,7.0,1590.625101624769,1446.8317840776526,143.79331754711643,2.0,,0.0
2272,,,,,,,,,7.0,7.0,1561.1224009135096,1566.8271529635306,-5.704752050020943,1.3333333333333333,,0.0
2273,,,,,,,,,7.0,7.0,1486.3849805950174,1516.2668603607583,-29.881879765740905,3.0,,0.0
2274,,,,,,,,,7.0,7.0,1502.1958503520243,1516.63268994621,-14.436839594185583,0.6666666666666666,,0.0
2275,,,,,,,,,7.0,7.0,1518.7966632661442,1551.9997402115775,-33.203076945433395,0.0,,0.0
2276,,,,,,,,,7.0,7.0,1400.5389566918514,1537.5864227830325,-137.04746609118092,0.3333333333333333,,0.0
2277,,,,,,,,,7.0,7.0,1635.5512272515668,1573.6727022948296,61.87852495673724,2.0,,0.0
2278,,,,,,,,,7.0,7.0,1607.033744873337,1508.3451176068447,98.68862726649196,1.6666666666666667,,0.0
2279,,,,,,,,,7.0,7.0,1528.7519800438524,1742.6382872521544,-213.886307208302,0.3333333333333333,,0.0
