match_id,split,result,prob_H,prob_D,prob_A,lr_prob_H,lr_prob_D,lr_prob_A,pred
0,train,H,0.6200144,0.116394415,0.2635911,0.4490564822531769,0.24839609180651606,0.30254742594030704,H
1,train,A,0.6200144,0.116394415,0.2635911,0.4490564822531769,0.24839609180651606,0.30254742594030704,H
2,train,H,0.6200144,0.116394415,0.2635911,0.4490564822531769,0.24839609180651606,0.30254742594030704,H
3,train,H,0.6200144,0.116394415,0.2635911,0.4490564822531769,0.24839609180651606,0.30254742594030704,H
4,train,H,0.6200144,0.116394415,0.2635911,0.4490564822531769,0.24839609180651606,0.30254742594030704,H
5,train,H,0.6200144,0.116394415,0.2635911,0.4490564822531769,0.24839609180651606,0.30254742594030704,H
6,train,A,0.6200144,0.116394415,0.2635911,0.4490564822531769,0.24839609180651606,0.30254742594030704,H
7,train,H,0.6200144,0.116394415,0.2635911,0.4490564822531769,0.24839609180651606,0.30254742594030704,H
8,train,A,0.6200144,0.116394415,0.2635911,0.4490564822531769,0.24839609180651606,0.30254742594030704,H
9,train,H,0.6200144,0.116394415,0.2635911,0.4490564822531769,0.24839609180651606,0.30254742594030704,H
10,train,H,0.456041,0.28674608,0.25721294,0.44428309237138214,0.24408840274418236,0.31162850488443555,H
11,train,H,0.42862523,0.28044608,0.2909287,0.4658117884814158,0.24532643922526778,0.2888617722933165,H
12,train,D,0.3665826,0.33665308,0.29676437,0.41901720450111724,0.2552646003790989,0.3257181951197839,H
13,train,D,0.3483912,0.3383181,0.31329072,0.418053636248838,0.2478094717916673,0.3341368919594947,H
14,train,H,0.47246152,0.2813449,0.2461936,0.49238413841528594,0.24700869265964442,0.26060716892506974,H
15,train,H,0.4668002,0.2888762,0.24432363,0.44872078724183173,0.2573001787671222,0.29397903399104613,H
16,train,A,0.35909912,0.31954843,0.32135245,0.41093580350663544,0.2427310414073406,0.3463331550860239,H
17,train,D,0.3553564,0.3214145,0.32322904,0.4150633666607322,0.24898285444025015,0.3359537788990176,H
18,train,A,0.36259708,0.31660935,0.32079357,0.4139196844576487,0.24160074961192185,0.3444795659304294,H
19,train,H,0.46633804,0.25375205,0.27990988,0.4632844734525009,0.25376025737023955,0.28295526917725944,H
20,train,D,0.40942028,0.30394608,0.28663367,0.43593691612888724,0.2469347622472478,0.31712832162386506,H
21,train,A,0.43988156,0.286573,0.27354544,0.48363116184951516,0.24340015132996357,0.2729686868205214,H
22,train,D,0.4206898,0.30996072,0.26934946,0.46817061491156703,0.2356754427526149,0.296153942335818,H
23,train,H,0.4863731,0.27364016,0.2399868,0.47444687251000667,0.2436524316670704,0.2819006958229228,H
24,train,D,0.4173191,0.32053268,0.2621482,0.4134789763537279,0.24460289996191226,0.34191812368435975,H
25,train,A,0.3611675,0.29483402,0.34399855,0.3988992671795007,0.2350548387712865,0.36604589404921273,H
26,train,D,0.52576333,0.29261637,0.1816203,0.5146290050143568,0.25501662447782136,0.2303543705078218,H
27,train,D,0.42107853,0.30927914,0.2696423,0.4128786887058986,0.2531972664566669,0.3339240448374345,H
28,train,H,0.50371444,0.2800468,0.21623878,0.4954431830235093,0.2509906611808489,0.25356615579564185,H
29,train,A,0.32412487,0.3188337,0.35704142,0.3896538971479929,0.24759756206646655,0.3627485407855406,A
30,train,H,0.38977137,0.29226354,0.31796506,0.3767377561323809,0.3755299994922641,0.24773224437535493,H
31,train,A,0.4075671,0.20960058,0.3828323,0.497947927271705,0.2248877141838364,0.2771643585444584,H
32,train,H,0.4910078,0.2433719,0.26562026,0.5411312196548653,0.20144661605688124,0.2574221642882535,H
33,train,H,0.26918173,0.31248653,0.41833177,0.349506363268621,0.27527306621596737,0.3752205705154116,A
34,train,A,0.26324692,0.2041696,0.53258353,0.28283508546484054,0.23072126218979627,0.4864436523453632,A
35,train,H,0.61245674,0.18890375,0.19863948,0.6256631884696008,0.20634115142689557,0.16799566010350359,H
36,train,D,0.27975073,0.28538516,0.43486407,0.3388858754277841,0.2773180228969614,0.3837961016752546,A
37,train,A,0.385661,0.22910702,0.385232,0.33205239909126105,0.2484320971990082,0.4195155037097307,H
38,train,A,0.22195496,0.25507823,0.5229668,0.26774240114375214,0.2845098661385653,0.4477477327176825,A
39,train,H,0.56967235,0.20822816,0.22209945,0.5546412233499408,0.21617165895703233,0.22918711769302694,H
40,train,D,0.3969546,0.29741973,0.30562565,0.38602251898835943,0.32054203105700546,0.29343544995463505,H
41,train,H,0.32993627,0.23676385,0.4332999,0.351984691137844,0.2448499845336391,0.40316532432851687,A
42,train,A,0.3743791,0.2484007,0.3772202,0.42845847657380615,0.31050270255584506,0.2610388208703489,A
43,train,H,0.5658239,0.20687914,0.22729693,0.6035438302018558,0.18674693859010377,0.20970923120804055,H
44,train,D,0.51716375,0.23930223,0.24353403,0.5968154068449264,0.1750013318702153,0.22818326128485833,H
45,train,A,0.3195498,0.26534992,0.41510034,0.2782724339985983,0.3149634861522873,0.4067640798491144,A
46,train,A,0.2549284,0.22467178,0.5203998,0.31093358128282395,0.21238258413400107,0.4766838345831749,A
47,train,H,0.48338258,0.24203229,0.27458507,0.5804752479832277,0.22508456718408795,0.1944401848326845,H
48,train,A,0.25572,0.21528226,0.5289977,0.4098657347117977,0.22868583083818644,0.3614484344500159,A
49,train,A,0.26757503,0.20739484,0.52503014,0.4673499270797908,0.22117878670323418,0.31147128621697506,A
50,train,D,0.22475167,0.3323209,0.44292742,0.37659161787058504,0.20245390867942556,0.42095447344998954,A
51,train,A,0.34537578,0.25615188,0.3984723,0.5236642241591748,0.17978027920336226,0.2965554966374629,A
52,train,H,0.539853,0.22467577,0.23547123,0.6552640237308114,0.2188090043250589,0.12592697194412963,H
53,train,A,0.30850035,0.23394015,0.45755953,0.2948985851423782,0.2633902860408362,0.44171112881678554,A
54,train,D,0.44631305,0.31589586,0.2377911,0.43590615459142085,0.266365208724173,0.29772863668440624,H
55,train,A,0.5781871,0.2069273,0.2148856,0.6294153068708003,0.19585574203519235,0.17472895109400746,H
56,train,D,0.45877093,0.28987515,0.25135386,0.4878962207430062,0.27110144257633845,0.24100233668065543,H
57,train,H,0.3840761,0.23752068,0.37840328,0.42740565542275244,0.28940597894590814,0.2831883656313394,H
58,train,A,0.39130753,0.22727373,0.3814188,0.382172070875485,0.23808113173077053,0.3797467973937445,H
59,train,D,0.35882458,0.23913193,0.40204346,0.3920084159974655,0.2618796847109217,0.34611189929161285,A
60,train,D,0.54078233,0.26080024,0.19841745,0.598543816325863,0.23114351988916057,0.17031266378497645,H
61,train,D,0.4415604,0.28920954,0.26923004,0.5565738685981684,0.20469715523535686,0.23872897616647468,H
62,train,H,0.5355627,0.2499374,0.2144999,0.5095676108876295,0.1780320929102183,0.3124002962021523,H
63,train,H,0.45164487,0.26629394,0.2820612,0.4376292033323227,0.229860145686765,0.3325106509809124,H
64,train,D,0.46306348,0.23718606,0.29975048,0.49885649916717756,0.23449766659230814,0.2666458342405142,H
65,train,H,0.47412616,0.2747184,0.25115538,0.6057700107078586,0.17583370228319106,0.2183962870089503,H
66,train,D,0.48007426,0.2606304,0.25929534,0.46308473708821474,0.25080120538082645,0.28611405753095887,H
67,train,D,0.31252518,0.33417794,0.35329688,0.4056722520551898,0.2425980964079256,0.3517296515368846,A
68,train,H,0.41523516,0.22906116,0.3557037,0.344620595801254,0.28429061061036,0.3710887935883861,H
69,train,A,0.44421405,0.23657864,0.31920734,0.4722392204921029,0.23585436396460743,0.2919064155432898,H
70,train,A,0.42371833,0.24923986,0.3270418,0.3774078382459963,0.31375545359825047,0.3088367081557533,H
71,train,A,0.36606604,0.2097293,0.42420465,0.40030517599991405,0.27794290653310305,0.3217519174669829,A
72,train,H,0.39973056,0.23835261,0.3619168,0.3494298320694468,0.306788725330052,0.34378144260050114,H
73,train,H,0.640409,0.20285955,0.15673146,0.5442533319712025,0.19529671269059692,0.26044995533820053,H
74,train,D,0.260323,0.291996,0.447681,0.3108003626517216,0.2791337908156557,0.41006584653262274,A
75,train,H,0.44344157,0.26713437,0.2894241,0.4370382398732834,0.22058000115971757,0.34238175896699896,H
76,train,A,0.27623472,0.2699942,0.45377105,0.27477288184898846,0.26273025349885104,0.46249686465216056,A
77,train,A,0.4463218,0.2458639,0.3078143,0.3604241847274104,0.30981008908924473,0.3297657261833449,H
78,train,A,0.38402158,0.26236552,0.35361293,0.44543597012063135,0.26588072272457414,0.2886833071547945,H
79,train,D,0.44641683,0.25671142,0.29687172,0.42541574640569974,0.2330467168432675,0.34153753675103266,H
80,train,H,0.5061984,0.22360836,0.27019325,0.5245241537344731,0.21610324539228062,0.2593726008732462,H
81,train,A,0.38249922,0.20330665,0.41419417,0.45057726676608195,0.23844310030506194,0.31097963292885605,A
82,train,H,0.6515532,0.21078874,0.13765803,0.6343297871616566,0.16818098310149085,0.19748922973685265,H
83,train,D,0.51254404,0.27707642,0.21037953,0.5215119986822581,0.21817104282954558,0.2603169584881963,H
84,train,A,0.45221743,0.30137175,0.2464108,0.5197312784159629,0.24787226212110203,0.23239645946293505,H
85,train,D,0.38550684,0.23328173,0.38121143,0.408442992548528,0.3050831612292451,0.2864738462222269,H
86,train,D,0.46539846,0.31043133,0.22417022,0.4626064193343817,0.19758005987621,0.3398135207894084,H
87,train,A,0.47007695,0.24062562,0.28929743,0.5134258778702273,0.21370459222174112,0.2728695299080316,H
88,train,A,0.31238618,0.2256888,0.46192506,0.3242215063337202,0.2847692125916719,0.39100928107460786,A
89,train,H,0.4918958,0.231122,0.2769822,0.6082262336280214,0.22768608154436684,0.16408768482761166,H
90,train,H,0.42971933,0.21025175,0.36002892,0.37806042317443844,0.25523316255397177,0.3667064142715898,H
91,train,A,0.44787562,0.20911396,0.3430104,0.4657827285618353,0.2596085056250937,0.274608765813071,H
92,train,D,0.54998755,0.277045,0.17296739,0.6239353100661711,0.2145148637541781,0.1615498261796508,H
93,train,A,0.61212295,0.1936362,0.19424082,0.5741144526288385,0.1952577663270292,0.23062778104413215,H
94,train,A,0.15675631,0.23235707,0.61088663,0.23719240648810322,0.2405546415027647,0.522252952009132,A
95,train,A,0.39770898,0.307329,0.29496208,0.4304340954147242,0.32149394544885346,0.24807195913642233,H
96,train,A,0.43094733,0.26644513,0.3026075,0.4679527445470514,0.2253098280353861,0.30673742741756244,H
97,train,A,0.36065385,0.226241,0.4131051,0.34088808969054085,0.29426257397263544,0.36484933633682376,A
98,train,A,0.343897,0.23210251,0.4240005,0.3239672600989623,0.2418691132061959,0.4341636266948418,A
99,train,H,0.50899136,0.21238764,0.27862096,0.5782534516155294,0.22076151771678504,0.20098503066768555,H
100,train,H,0.4985273,0.24672116,0.25475156,0.5470215481157525,0.21067148124242974,0.24230697064181778,H
101,train,A,0.4656537,0.26473445,0.2696119,0.6184882708998296,0.2061948195955738,0.17531690950459664,H
102,train,D,0.5224521,0.26898307,0.2085648,0.5432084623434177,0.21556315833918802,0.24122837931739438,H
103,train,D,0.64036524,0.21159671,0.14803804,0.6718104173612803,0.16055968541436078,0.16762989722435886,H
104,train,H,0.45180273,0.21676531,0.33143198,0.5073864380147435,0.25656903198913666,0.2360445299961198,H
105,train,A,0.3678257,0.23883225,0.39334208,0.3810404154957944,0.3057821141958585,0.31317747030834703,A
106,train,H,0.5838891,0.2117328,0.20437802,0.5831065866437327,0.21963069435231145,0.19726271900395578,H
107,train,D,0.4739914,0.24208593,0.2839226,0.43798670836806153,0.29266756754301193,0.26934572408892654,H
108,train,D,0.4401737,0.24957053,0.3102558,0.48112016092644183,0.24675333730602161,0.27212650176753644,H
109,train,H,0.5094571,0.21373923,0.2768036,0.44542828825372877,0.2585046900347727,0.2960670217114985,H
110,train,H,0.38655773,0.2517009,0.36174136,0.2395479667129754,0.2996557591041284,0.46079627418289615,H
111,train,D,0.37961265,0.24492058,0.37546676,0.36061929965615797,0.22454292711408774,0.4148377732297544,H
112,train,A,0.22847912,0.24269436,0.52882653,0.2905210731301227,0.29132739696213583,0.41815152990774146,A
113,train,H,0.4647384,0.20298061,0.33228096,0.5261026638789312,0.2255777489437059,0.24831958717736283,H
114,train,D,0.42881468,0.270684,0.30050132,0.3710750251714663,0.27444296840716725,0.3544820064213664,H
115,train,H,0.33794346,0.26731998,0.39473656,0.3859555224941101,0.26807987995232757,0.34596459755356246,A
116,train,H,0.45920086,0.24421729,0.29658183,0.39481338780687947,0.31856102768198136,0.2866255845111392,H
117,train,H,0.4018918,0.220214,0.37789422,0.42743100313274623,0.3001308852888796,0.2724381115783743,H
118,train,H,0.6193824,0.19549397,0.18512365,0.55507599947629,0.21752292959559077,0.22740107092811912,H
119,train,H,0.4527889,0.25386572,0.29334533,0.40421276770751824,0.26190353672879585,0.3338836955636858,H
120,train,H,0.562249,0.21536317,0.22238782,0.5161438386021647,0.2459069619964089,0.23794919940142625,H
121,train,D,0.48881438,0.24774738,0.2634382,0.455817163951082,0.23835660606005563,0.30582622998886233,H
122,train,A,0.5063362,0.22282639,0.2708374,0.5656481600929963,0.20901918570584818,0.22533265420115553,H
123,train,H,0.6735552,0.1771133,0.1493315,0.6781470238956951,0.17382226864145434,0.14803070746285052,H
124,train,D,0.35445827,0.23868203,0.40685973,0.37010264555117733,0.3201049445869766,0.309792409861846,A
125,train,H,0.49067286,0.2509645,0.25836262,0.48385520153204825,0.2255679051243283,0.2905768933436234,H
126,train,D,0.63864464,0.22394507,0.13741031,0.7567199866489205,0.1633206199820682,0.07995939336901133,H
127,train,H,0.5014673,0.24684125,0.25169152,0.5333394416847389,0.24909225126814113,0.21756830704712002,H
128,train,H,0.5817246,0.23261929,0.18565615,0.5722311321367808,0.23779665574872233,0.18997221211449686,H
129,train,H,0.48111266,0.2223298,0.29655758,0.42150959411008554,0.21975770325772642,0.35873270263218815,H
130,train,D,0.47066924,0.28222236,0.24710838,0.5287502695503701,0.2559150056188779,0.21533472483075203,H
131,train,A,0.2505023,0.24220881,0.50728893,0.30686509472628004,0.2962015722268738,0.39693333304684625,A
132,train,A,0.23776633,0.22947036,0.53276336,0.17685076572205044,0.2454929503162912,0.5776562839616584,A
133,train,D,0.45123488,0.26390508,0.28486001,0.4316355086418158,0.2784406465329844,0.28992384482519973,H
134,train,A,0.18210974,0.21653605,0.6013542,0.23896993314636822,0.2320470538623146,0.5289830129913171,A
135,train,D,0.58063716,0.26304758,0.15631528,0.5808934177697215,0.21677397169267426,0.20233261053760437,H
136,train,D,0.5345786,0.24916887,0.21625248,0.5286403531647781,0.25862625181097576,0.21273339502424599,H
137,train,H,0.4202782,0.2243333,0.3553885,0.45579503358914497,0.2949500622311011,0.24925490417975404,H
138,train,H,0.54650927,0.17374374,0.27974698,0.4348220471504659,0.22992552408543268,0.33525242876410133,H
139,train,H,0.39065942,0.23368852,0.37565202,0.36435025645578506,0.22929411661866808,0.40635562692554683,H
140,train,D,0.43126714,0.30022886,0.26850402,0.35609304989356233,0.23013500694053202,0.41377194316590565,H
141,train,A,0.24086006,0.22597449,0.53316545,0.29100053101505247,0.28169540823007705,0.42730406075487043,A
142,train,H,0.46880692,0.19391479,0.33727825,0.3871929553955245,0.2873283691862635,0.32547867541821196,H
143,train,A,0.29408333,0.23038125,0.4755354,0.2849679352688069,0.22967369506055776,0.4853583696706352,A
144,train,H,0.46460974,0.22320238,0.31218788,0.4459962784377433,0.25049378622203394,0.30350993534022275,H
145,train,D,0.4457362,0.31079653,0.24346729,0.47716787395664384,0.22836577153638488,0.29446635450697134,H
146,train,H,0.60268766,0.20498398,0.1923284,0.5260488061146182,0.23630642884867425,0.23764476503670756,H
147,train,H,0.611743,0.20097883,0.1872782,0.525903512789211,0.2482163317237552,0.2258801554870338,H
148,train,H,0.42823705,0.20373689,0.36802602,0.3676668316876322,0.27047642403356925,0.3618567442787986,H
149,train,H,0.52696866,0.27812663,0.19490471,0.5129340867230435,0.2510874312655416,0.2359784820114148,H
150,train,H,0.4732718,0.27950692,0.2472213,0.41758359096093994,0.29216699735270335,0.29024941168635665,H
151,train,H,0.59135073,0.2538304,0.15481888,0.6136692580019778,0.197257617256559,0.18907312474146326,H
152,train,H,0.7041122,0.17916778,0.11672004,0.6884398613034285,0.17727593757460178,0.13428420112196987,H
153,train,H,0.6512096,0.19862117,0.1501692,0.6541369240790678,0.19350654259963293,0.1523565333212993,H
154,train,A,0.37877494,0.22928183,0.3919432,0.40956007579606124,0.25359524562492824,0.3368446785790105,A
155,train,D,0.31293762,0.2593457,0.42771667,0.34957184092792654,0.24965321554442935,0.4007749435276441,A
156,train,H,0.46106857,0.2536651,0.2852664,0.4990436313368792,0.2021009517052729,0.29885541695784784,H
157,train,H,0.4935114,0.2742023,0.23228636,0.4865833555895294,0.2509175531428735,0.2624990912675971,H
158,train,H,0.762386,0.1399004,0.09771364,0.697917476905904,0.17157024077465502,0.13051228231944098,H
159,train,A,0.44547614,0.2125823,0.34194157,0.3607254091897787,0.21723329787492854,0.4220412929352928,H
160,train,H,0.3772501,0.2688581,0.3538918,0.3109954752010879,0.25371332075507674,0.4352912040438355,H
161,train,A,0.39045632,0.12190776,0.48763594,0.37519767289806205,0.17101975251729504,0.45378257458464283,A
162,train,D,0.5390338,0.26324752,0.19771868,0.5081188770047561,0.23560593909324684,0.25627518390199705,H
163,train,D,0.6121576,0.23746647,0.15037593,0.7099359562589845,0.17292606599603802,0.11713797774497746,H
164,train,H,0.71600854,0.17172368,0.11226774,0.8129477179382069,0.11846709696349532,0.06858518509829788,H
165,train,A,0.34095663,0.24903865,0.41000476,0.25186632138457393,0.24283436171299974,0.5052993169024262,A
166,train,A,0.14260025,0.20471476,0.652685,0.1800521550311756,0.28815575503146107,0.5317920899373634,A
167,train,D,0.29484618,0.27497017,0.4301837,0.27082549219789587,0.190923281685367,0.538251226116737,A
168,train,D,0.26467484,0.2751019,0.46022326,0.3342219471616637,0.2570631720709463,0.40871488076739004,A
169,train,A,0.3674946,0.12784709,0.5046583,0.3655892674528235,0.21014659081403222,0.42426414173314425,A
170,train,H,0.5188578,0.2384249,0.24271734,0.5337718763501167,0.25530385763945107,0.21092426601043224,H
171,train,H,0.768682,0.10949518,0.12182282,0.734808447809349,0.18948809525830107,0.07570345693234991,H
172,train,A,0.21469666,0.17408964,0.6112137,0.175112513728479,0.1650844616870291,0.659803024584492,A
173,train,H,0.5470997,0.21449712,0.2384032,0.4967195512770662,0.22551549427133813,0.27776495445159577,H
174,train,A,0.4957261,0.25891587,0.24535796,0.5277762979681276,0.24954497719623353,0.22267872483563886,H
175,train,D,0.25283545,0.25551555,0.49164897,0.2794333562265722,0.3501941477508083,0.37037249602261946,A
176,train,H,0.4668858,0.29725137,0.23586287,0.5531275349168144,0.2533214239130746,0.19355104117011096,H
177,train,H,0.35017112,0.27445835,0.3753706,0.31998677723456287,0.3449669463305128,0.33504627643492435,A
178,train,D,0.28514656,0.31767756,0.39717588,0.33465892956126947,0.24156543730228225,0.4237756331364483,A
179,train,A,0.31505144,0.17939417,0.5055544,0.2814775633841695,0.15464026213578708,0.5638821744800434,A
180,train,A,0.21492682,0.2654808,0.5195924,0.21134068919749133,0.2595649776231098,0.5290943331793988,A
181,train,D,0.60151166,0.27216774,0.1263206,0.5802931068274024,0.2009277448191314,0.21877914835346618,H
182,train,H,0.66047835,0.19553642,0.14398527,0.580154165984926,0.2494775327090315,0.17036830130604255,H
183,train,A,0.30271518,0.20311475,0.49417007,0.2781160054202791,0.22103672660426216,0.5008472679754588,A
184,train,A,0.38714412,0.23922218,0.37363368,0.3721828703368652,0.22794480123840744,0.39987232842472736,H
185,train,A,0.17789114,0.17572464,0.64638424,0.19745957334236722,0.22268173322427579,0.579858693433357,A
186,train,H,0.49032938,0.22961904,0.28005162,0.39668249956868745,0.2773611974004307,0.3259563030308819,H
187,train,D,0.5753393,0.20797114,0.21668953,0.5653708359423907,0.2135104951609446,0.2211186688966647,H
188,train,A,0.45578024,0.17482242,0.36939734,0.3266963018431171,0.17982273555585596,0.4934809626010268,H
189,train,H,0.48718706,0.21527074,0.29754218,0.2924249550208963,0.20492908817978497,0.5026459567993187,H
190,train,A,0.4328895,0.17033567,0.39677486,0.5357719355838808,0.27632319083922136,0.18790487357689795,H
191,train,H,0.54677624,0.1598587,0.2933651,0.44140911270525945,0.20863674354407913,0.3499541437506613,H
192,train,H,0.61270314,0.19476321,0.1925337,0.6697757635499629,0.2367128948718876,0.09351134157814947,H
193,train,D,0.4899295,0.24644382,0.2636267,0.5842982988227524,0.21142780965492283,0.20427389152232472,H
194,train,D,0.3410264,0.24364519,0.4153284,0.3685489360137674,0.27053281265843926,0.3609182513277933,A
195,train,H,0.70367676,0.14610651,0.15021676,0.6217857161977873,0.21481784841560733,0.16339643538660528,H
196,train,D,0.4111874,0.32731932,0.26149324,0.3459373374632636,0.28888524473388094,0.3651774178028554,H
197,train,H,0.38541648,0.19279802,0.42178547,0.29361260018327323,0.33972909149328584,0.36665830832344104,A
198,train,H,0.56780946,0.16239674,0.26979375,0.5315460832158236,0.18027162670838476,0.2881822900757916,H
199,train,H,0.70583344,0.13429354,0.15987305,0.6381453651133527,0.16889779229844942,0.19295684258819784,H
200,train,A,0.6388046,0.1977525,0.16344288,0.6766962553682736,0.26280653876751514,0.060497205864211145,H
201,train,D,0.42236763,0.23070857,0.34692374,0.4032297909467804,0.20237922644365636,0.3943909826095633,H
202,train,A,0.3698197,0.23623428,0.39394602,0.24920723231144928,0.2740152677052796,0.476777499983271,A
203,train,A,0.28551847,0.22536272,0.48911878,0.32765504670481,0.27293423663378447,0.3994107166614056,A
204,train,A,0.40274262,0.23386905,0.36338836,0.51456564945394,0.2868082202225984,0.1986261303234616,H
205,train,A,0.28343835,0.26267686,0.45388478,0.2428347148661259,0.33533058559086876,0.4218346995430053,A
206,train,A,0.42246318,0.19531111,0.38222572,0.3678785418100023,0.24422260713803343,0.38789885105196426,H
207,train,A,0.43552035,0.3355533,0.22892633,0.5093431360615829,0.31093938524559805,0.17971747869281898,H
208,train,H,0.63398784,0.20350303,0.16250911,0.5289450473965792,0.26520528405894717,0.2058496685444736,H
209,train,D,0.20737536,0.3264783,0.46614632,0.245612596128506,0.2997798933982252,0.4546075104732687,A
210,train,D,0.60774,0.23759043,0.15466954,0.6195569165316052,0.18708206275137096,0.1933610207170239,H
211,train,H,0.583643,0.21008044,0.20627658,0.5673673049215262,0.23238982883873377,0.20024286623973991,H
212,train,A,0.24393675,0.1961735,0.5598898,0.23210252517148275,0.20384858000493664,0.5640488948235806,A
213,train,D,0.42905188,0.20597304,0.36497506,0.373861461697275,0.263657393035549,0.36248114526717606,H
214,train,D,0.49704018,0.29848605,0.2044738,0.43354233327702113,0.2658750658829394,0.3005826008400394,H
215,train,D,0.28815025,0.28685257,0.42499715,0.25738464175914827,0.334784847844028,0.40783051039682366,A
216,train,H,0.45723763,0.27681234,0.26595005,0.34867255456994983,0.232846028486975,0.4184814169430752,H
217,train,H,0.6126074,0.13776758,0.24962501,0.6697560657577281,0.14965204340697133,0.18059189083530067,H
218,train,D,0.48187417,0.26937655,0.24874936,0.5913752621617491,0.2463416138445728,0.1622831239936782,H
219,train,H,0.7980937,0.09518807,0.106718265,0.7842978940245169,0.16127043812829045,0.054431667847192645,H
220,train,D,0.3416383,0.25766814,0.4006936,0.32453730041902007,0.24151316868097225,0.43394953090000765,A
221,train,A,0.5339777,0.23780365,0.2282187,0.49771169555307093,0.24362239824506912,0.25866590620186,H
222,train,H,0.7051639,0.14142984,0.15340623,0.5714762143840678,0.23643352704845547,0.19209025856747672,H
223,train,A,0.35469222,0.23837695,0.40693077,0.45828993798431716,0.20757255466664637,0.33413750734903663,A
224,train,D,0.4212327,0.27243713,0.3063302,0.2651148516714334,0.2498076489686456,0.485077499359921,H
225,train,H,0.42070302,0.2188437,0.36045322,0.385083559924576,0.2535274353162145,0.3613890047592095,H
226,train,D,0.5144051,0.25999612,0.22559886,0.4908636652053442,0.2430063002309416,0.2661300345637142,H
227,train,A,0.227503,0.1813335,0.5911635,0.18873386378285334,0.2252133035299803,0.5860528326871663,A
228,train,A,0.23915295,0.21807303,0.542774,0.2873435953923803,0.2835874631268165,0.4290689414808032,A
229,train,A,0.23870611,0.1878191,0.57347476,0.14953188423792704,0.1674234185099515,0.6830446972521215,A
230,train,D,0.45023063,0.22745001,0.32231936,0.3070309716367077,0.3015720695915282,0.39139695877176406,H
231,train,H,0.46101862,0.19415121,0.3448302,0.3582027076656432,0.26615511103006656,0.3756421813042902,H
232,train,A,0.3829363,0.22716285,0.38990083,0.4414050082929054,0.29554344996808485,0.26305154173900974,A
233,train,H,0.5897912,0.22020654,0.19000228,0.48705287149376103,0.24915757962457663,0.26378954888166223,H
234,train,H,0.63492274,0.1824894,0.18258785,0.6696727194368891,0.15252725847585555,0.17780002208725537,H
235,train,A,0.4708765,0.2314643,0.29765925,0.536697713415155,0.21593676870912173,0.24736551787572314,H
236,train,A,0.50819737,0.23096073,0.26084188,0.578491886408656,0.20870870027128122,0.21279941332006283,H
237,train,A,0.23806185,0.22840811,0.53353,0.23116938430474787,0.24247380909241895,0.5263568066028331,A
238,train,H,0.7665737,0.105230205,0.12819602,0.767598885286618,0.17298540241545673,0.05941571229792526,H
239,train,A,0.7037114,0.12399585,0.17229274,0.7122438745461501,0.18273067922593256,0.1050254462279173,H
240,train,H,0.54471207,0.22182764,0.23346029,0.5483048228152421,0.19600685168818677,0.25568832549657117,H
241,train,D,0.54594576,0.2092703,0.24478394,0.566839683563514,0.23647245685870977,0.19668785957777624,H
242,train,A,0.29252702,0.16251278,0.5449602,0.27243283867676876,0.23744244088199762,0.49012472044123373,A
243,train,H,0.63519406,0.15113766,0.21366826,0.6660341691878642,0.15735779128735733,0.17660803952477838,H
244,train,H,0.35891765,0.23057003,0.4105123,0.4368123945298977,0.2340350236591608,0.3291525818109415,A
245,train,H,0.8149362,0.07852449,0.10653925,0.7903013174586927,0.1496824018376523,0.06001628070365496,H
246,train,A,0.3737643,0.1826275,0.44360816,0.3462362042484799,0.19447156243423752,0.4592922333172825,A
247,train,H,0.5515821,0.2640207,0.18439725,0.5423955735877478,0.25737978024598335,0.20022464616626884,H
248,train,H,0.5572812,0.1946507,0.24806811,0.6193765681759413,0.21775922672319964,0.16286420510085892,H
249,train,A,0.2829083,0.18507852,0.5320132,0.3340023735055718,0.2462775620511855,0.4197200644432426,A
250,train,A,0.4880346,0.21359952,0.29836595,0.48925166990847,0.23578569014893327,0.2749626399425967,H
251,train,D,0.40940434,0.26333004,0.32726562,0.44723986174650165,0.20490024180225594,0.34785989645124243,H
252,train,A,0.1730754,0.17827515,0.6486494,0.12476935047041132,0.19779999177158905,0.6774306577579997,A
253,train,A,0.31159574,0.24872217,0.43968216,0.2639819132543199,0.31488928774809255,0.42112879899758754,A
254,train,D,0.5306309,0.2596132,0.20975596,0.7054111076457704,0.17139001198406328,0.12319888037016635,H
255,train,H,0.5162313,0.14898014,0.33478856,0.4095922154282966,0.24357507026911546,0.34683271430258794,H
256,train,A,0.56299007,0.22489488,0.21211505,0.4812018234010258,0.2108828501563363,0.3079153264426379,H
257,train,H,0.44099414,0.18104091,0.37796497,0.391770911515786,0.23966990924885384,0.36855917923536013,H
258,train,A,0.27513626,0.24469152,0.48017225,0.29408202735833144,0.2802546112694964,0.4256633613721721,A
259,train,H,0.52317876,0.27968863,0.19713262,0.6527318449424179,0.24150160792478986,0.1057665471327924,H
260,train,H,0.7091147,0.1397342,0.15115117,0.652734229840487,0.1684392672718108,0.17882650288770222,H
261,train,H,0.47418523,0.22614343,0.29967132,0.49675090207106026,0.23022215244733646,0.2730269454816034,H
262,train,A,0.38832197,0.21987067,0.39180735,0.3616226827246096,0.2253234357828457,0.41305388149254474,A
263,train,A,0.571307,0.18458064,0.24411234,0.4842497674795631,0.22249796405971614,0.29325226846072083,H
264,train,H,0.69632107,0.1918559,0.111823015,0.6415276050371846,0.21957914452396962,0.13889325043884576,H
265,train,A,0.18842413,0.16221005,0.6493658,0.24783073071075012,0.2395082750435263,0.5126609942457236,A
266,train,H,0.6334102,0.2026565,0.16393332,0.6022739568827388,0.19618211976200559,0.20154392335525567,H
267,train,A,0.3993762,0.2078827,0.39274105,0.20837968887746888,0.3241645070411027,0.46745580408142845,H
268,train,A,0.16612722,0.14692198,0.68695074,0.09608083371909988,0.19074850117827244,0.7131706651026277,A
269,train,A,0.3604391,0.22400862,0.41555226,0.47007774968583943,0.27572435678310614,0.2541978935310545,A
270,train,H,0.5768262,0.21966298,0.2035108,0.6451092857284915,0.22741466054285556,0.12747605372865303,H
271,train,H,0.43237224,0.20942685,0.35820088,0.4113863182032498,0.24139447220978075,0.3472192095869695,H
272,train,A,0.1557433,0.3199191,0.5243376,0.1962224225306157,0.21569931411118984,0.5880782633581946,A
273,train,H,0.5442298,0.21194799,0.24382219,0.4606357988837881,0.256501723733695,0.28286247738251685,H
274,train,H,0.64840764,0.20215139,0.14944099,0.6466379946630854,0.20334531925798818,0.1500166860789265,H
275,train,H,0.728243,0.16514984,0.10660718,0.7455522509792988,0.18104418579733772,0.07340356322336344,H
276,train,A,0.24297275,0.17853548,0.57849175,0.18097091592164846,0.21913657528551317,0.5998925087928384,A
277,train,H,0.5004981,0.2950788,0.20442307,0.4429556770481666,0.3485387014242476,0.20850562152758578,H
278,train,A,0.55038697,0.24620877,0.20340429,0.6146046881276923,0.25537596254598477,0.13001934932632286,H
279,train,H,0.53666925,0.19694516,0.2663856,0.4083456612511072,0.22948515536538489,0.36216918338350784,H
280,train,D,0.24373019,0.3405188,0.41575104,0.29720565924169334,0.2278754120980755,0.4749189286602311,A
281,train,A,0.35664368,0.26389173,0.3794646,0.43980117561927007,0.23290812286884677,0.3272907015118832,A
282,train,A,0.28438884,0.24093196,0.4746792,0.28290006289226777,0.23672518837237536,0.48037474873535685,A
283,train,H,0.28548437,0.16814992,0.54636574,0.27363868795162855,0.27072262808894426,0.45563868395942714,A
284,train,A,0.4929398,0.26414382,0.24291635,0.7156966835830774,0.1950501910031086,0.08925312541381386,H
285,train,A,0.32868588,0.18226191,0.48905215,0.46938122904727914,0.21817555285321602,0.3124432180995048,A
286,train,H,0.561548,0.2280946,0.21035738,0.505282230895377,0.24337568531997048,0.25134208378465256,H
287,train,H,0.6048835,0.16891775,0.22619879,0.5783721580098993,0.2039188931278432,0.21770894886225753,H
288,train,D,0.52166,0.31454688,0.16379315,0.5319119847239615,0.25961298229377927,0.20847503298225928,H
289,train,A,0.17233768,0.23001966,0.59764266,0.1169746087538759,0.19246377002470882,0.6905616212214153,A
290,train,A,0.7482445,0.11016571,0.14158976,0.7999329705377558,0.13280038473853914,0.06726664472370496,H
291,train,D,0.3956527,0.27168396,0.33266336,0.3578785306674825,0.2848627316238997,0.3572587377086177,H
292,train,H,0.820161,0.09483971,0.084999315,0.8340252793878409,0.1368857140309443,0.02908900658121485,H
293,train,D,0.5785376,0.24346136,0.17800105,0.5299112603197179,0.22846247815595672,0.2416262615243253,H
294,train,H,0.403903,0.25279924,0.34329778,0.4593521159087353,0.2677252249266283,0.2729226591646363,H
295,train,H,0.68129283,0.18990627,0.12880091,0.6536570103483357,0.20483530387494267,0.14150768577672154,H
296,train,H,0.57344973,0.20805888,0.2184914,0.6068161353274235,0.2303626410191208,0.1628212236534558,H
297,train,H,0.28474674,0.28749204,0.42776123,0.46314338161484897,0.2716242461102889,0.265232372274862,A
298,train,H,0.42783093,0.22766481,0.34450427,0.42408879810476774,0.22784781847390762,0.3480633834213247,H
299,train,H,0.40366417,0.19720949,0.3991263,0.2667766247262363,0.292966578193967,0.44025679707979665,H
300,train,A,0.5742343,0.21083389,0.21493185,0.5872164457784027,0.2546138599012765,0.15816969432032085,H
301,train,A,0.22616132,0.19848199,0.57535666,0.28317406947893614,0.1940323789626499,0.522793551558414,A
302,train,H,0.31945854,0.2683855,0.41215602,0.21584953265145926,0.3008945410869949,0.4832559262615459,A
303,train,A,0.21518803,0.20645878,0.5783532,0.271246960114598,0.267991678136512,0.46076136174889015,A
304,train,A,0.30002037,0.15081988,0.54915977,0.4151854996591669,0.24664989324766143,0.3381646070931717,A
305,train,H,0.42158768,0.24024966,0.33816263,0.46293002778760023,0.2152205596016942,0.3218494126107056,H
306,train,H,0.3975856,0.18708943,0.41532496,0.4073455776023994,0.23551936475999258,0.357135057637608,A
307,train,D,0.24660678,0.4855573,0.2678359,0.4795957191641035,0.2527434775373086,0.26766080329858793,D
308,train,H,0.45304286,0.13108441,0.41587272,0.32640983103204385,0.24706799925457776,0.4265221697133783,H
309,train,H,0.6173385,0.19096565,0.19169585,0.6131813776166901,0.2391035155276862,0.14771510685562367,H
310,train,H,0.27362916,0.22273633,0.5036345,0.24986824791294135,0.34418335236918995,0.4059483997178688,A
311,train,A,0.6495531,0.1659632,0.18448374,0.7068004294854675,0.1856875651106499,0.10751200540388264,H
312,train,A,0.23420702,0.1705506,0.5952424,0.27447337408244377,0.2553471608345682,0.47017946508298797,A
313,train,H,0.33911037,0.19845133,0.46243826,0.29489048324974104,0.24738029616243232,0.45772922058782656,A
314,train,D,0.41403756,0.34209207,0.24387039,0.5332485199187861,0.28324794176270235,0.18350353831851163,H
315,train,H,0.7688215,0.10362267,0.1275559,0.7317535284568567,0.16595941717855628,0.10228705436458695,H
316,train,A,0.6595401,0.1149078,0.22555213,0.7111908229475649,0.15949398662226152,0.12931519043017367,H
317,train,D,0.31479958,0.1852279,0.49997246,0.23275883079159582,0.16651753301239666,0.6007236361960074,A
318,train,H,0.7459604,0.12660547,0.1274342,0.7767444621367214,0.15098764500429374,0.07226789285898488,H
319,train,H,0.47338685,0.18237112,0.34424204,0.2532093989739989,0.3480573802614254,0.3987332207645757,H
320,train,H,0.49883583,0.20973903,0.29142517,0.37836879962198205,0.27416952330168265,0.34746167707633535,H
321,train,H,0.63318706,0.18023752,0.1865754,0.5470854853109657,0.23476023903535378,0.21815427565368062,H
322,train,D,0.2601591,0.17932722,0.56051373,0.3207276057681423,0.20882415805004048,0.4704482361818173,A
323,train,D,0.48276734,0.33909225,0.17814039,0.45265003035540835,0.32755196855128854,0.21979800109330325,H
324,train,H,0.7363918,0.15930286,0.10430533,0.8654208128368939,0.11898380254494913,0.015595384618157085,H
325,train,A,0.25430378,0.2084618,0.5372344,0.2962208022489761,0.21843748479063252,0.48534171296039147,A
326,train,D,0.44286183,0.31858236,0.23855585,0.6252169564059247,0.20336736180113793,0.17141568179293748,H
327,train,H,0.45736548,0.24378537,0.2988491,0.33287905612802243,0.32359171313066326,0.34352923074131425,H
328,train,H,0.706714,0.14412622,0.1491598,0.704048530544108,0.17590277368922747,0.12004869576666458,H
329,train,H,0.7746554,0.11347631,0.11186828,0.8325150833736503,0.11634049973256101,0.0511444168937888,H
330,train,D,0.48224315,0.2730196,0.2447372,0.5690689365550425,0.2633528620731753,0.16757820137178217,H
331,train,D,0.28425464,0.30795923,0.4077861,0.2833627482128249,0.3275628383026166,0.3890744134845584,A
332,train,H,0.5246833,0.26762247,0.20769426,0.5201965940017208,0.24404110416101685,0.23576230183726232,H
333,train,A,0.16392086,0.16850919,0.66756994,0.20635692679742532,0.18599726988113274,0.6076458033214419,A
334,train,A,0.21247925,0.21748996,0.5700308,0.15644850181667913,0.22464126108366086,0.61891023709966,A
335,train,A,0.3446625,0.23000515,0.4253324,0.3137292535458142,0.26173228026120005,0.4245384661929858,A
336,train,A,0.25565368,0.20532477,0.53902155,0.30813591988784156,0.26955458113915065,0.4223094989730078,A
337,train,A,0.4571789,0.23356518,0.30925596,0.4928638174577475,0.26754488206767313,0.23959130047457938,H
338,train,H,0.25288218,0.21892439,0.5281935,0.14782830951478665,0.20667472047638583,0.6454969700088276,A
339,train,H,0.6338444,0.20060411,0.1655515,0.6152807015764156,0.1918918963379357,0.19282740208564866,H
340,train,A,0.36538184,0.17651834,0.4580999,0.2928524146940477,0.2815446589043884,0.4256029264015639,A
341,train,H,0.5620372,0.21449967,0.2234631,0.43846328435490334,0.3677351763478214,0.19380153929727525,H
342,train,H,0.50299245,0.21946773,0.27753988,0.5454488040101457,0.2275111816552536,0.22704001433460064,H
343,train,H,0.46208104,0.1724686,0.36545035,0.5725106516114216,0.17648908741896663,0.25100026096961175,H
344,train,A,0.45007917,0.24084248,0.30907837,0.4178324749151215,0.24814689886728333,0.33402062621759515,H
345,train,D,0.60837424,0.24456495,0.14706087,0.6573691815074423,0.1868537805617243,0.1557770379308335,H
346,train,H,0.5863754,0.1993881,0.21423653,0.7066687707084535,0.19387390179877317,0.09945732749277335,H
347,train,D,0.58428144,0.2580048,0.15771371,0.6294507063633183,0.20221023232961405,0.16833906130706752,H
348,train,H,0.7002657,0.16186966,0.13786468,0.6831867893266168,0.22566200809825399,0.09115120257512921,H
349,train,A,0.41596532,0.28606072,0.297974,0.45585751972759925,0.23114487237594583,0.31299760789645503,H
350,train,H,0.7578686,0.14299195,0.09913945,0.8174783578897598,0.1307317804432361,0.05178986166700428,H
351,train,A,0.22026779,0.1781871,0.6015451,0.1965258302150057,0.1593728017299306,0.6441013680550637,A
352,train,A,0.2109674,0.19832385,0.5907088,0.18604608987403776,0.21240888508936748,0.6015450250365948,A
353,train,A,0.26497126,0.19724862,0.5377801,0.26143948555384605,0.23241792560948143,0.5061425888366725,A
354,train,H,0.57971084,0.24819532,0.17209384,0.5761061994144507,0.251479446625336,0.17241435396021335,H
355,train,D,0.23742066,0.28573254,0.47684675,0.30134535056310047,0.26474438095854474,0.4339102684783548,A
356,train,A,0.1547077,0.21570645,0.62958586,0.1314470802460055,0.17892910351787558,0.6896238162361188,A
357,train,H,0.5210983,0.21036142,0.26854026,0.4750614999338967,0.22914458259349485,0.2957939174726085,H
358,train,D,0.46565214,0.26630038,0.26804745,0.4112972564189965,0.3028279646670507,0.2858747789139527,H
359,train,A,0.40440908,0.18174747,0.41384342,0.32180197401789457,0.2963282415430971,0.38186978443900843,A
360,train,D,0.3597875,0.24542882,0.39478368,0.30285750951608964,0.30603399122892605,0.39110849925498437,A
361,train,H,0.70076555,0.19004251,0.10919194,0.6401833976090977,0.22623683543179116,0.1335797669591111,H
362,train,A,0.18431607,0.15789114,0.6577928,0.1818362171838525,0.1683485018077148,0.6498152810084327,A
363,train,D,0.1592933,0.25374958,0.5869571,0.10163811589073876,0.14334804446530683,0.7550138396439544,A
364,train,D,0.4483479,0.31649557,0.23515655,0.6243744364440186,0.2441674708807209,0.13145809267526046,H
365,train,H,0.38007033,0.15871713,0.46121258,0.3420670390130324,0.2372743763342827,0.4206585846526848,A
366,train,A,0.17165923,0.14720944,0.68113136,0.14491700891011675,0.19076877805907227,0.664314213030811,A
367,train,D,0.49525216,0.25527295,0.24947488,0.594689341774386,0.206486481103647,0.1988241771219669,H
368,train,D,0.7161228,0.15931168,0.12456554,0.6510150666160347,0.17259647069965722,0.176388462684308,H
369,train,H,0.3012091,0.18504591,0.513745,0.2385309680215795,0.2288764634065548,0.5325925685718658,A
370,train,H,0.6548812,0.17449759,0.17062122,0.6419984515102927,0.20578968517608484,0.15221186331362252,H
371,train,A,0.42104772,0.25641438,0.32253787,0.520416081498836,0.262637250743099,0.21694666775806512,H
372,train,H,0.47290024,0.2261772,0.30092254,0.4611067914360118,0.18574425521669902,0.3531489533472892,H
373,train,A,0.43131366,0.19944221,0.3692441,0.3418658512801877,0.24254711871365653,0.4155870300061559,H
374,train,H,0.7178066,0.1625364,0.11965698,0.8327644660357545,0.13660618923105713,0.030629344733188426,H
375,train,H,0.47887853,0.23793425,0.28318724,0.4837683018288721,0.26558161922815665,0.2506500789429713,H
376,train,H,0.5675325,0.26609716,0.16637033,0.5267124996170695,0.22141793800904844,0.251869562373882,H
377,train,H,0.7868821,0.12189925,0.091218635,0.8217160688206707,0.1402536623537463,0.0380302688255829,H
378,train,H,0.76973426,0.14121294,0.089052774,0.8280807293891022,0.11834771537390294,0.05357155523699511,H
379,train,A,0.15377206,0.14146477,0.7047632,0.08495892926439028,0.17915219352833187,0.7358888772072778,A
380,train,A,0.34621623,0.2485163,0.40526745,0.3704377615008389,0.26096655189124335,0.3685956866079177,A
381,train,H,0.6248319,0.1516648,0.22350337,0.3424465551170726,0.2749590720881364,0.382594372794791,H
382,train,A,0.23051889,0.2784489,0.49103224,0.15294101141065158,0.2619119545628813,0.5851470340264672,A
383,train,D,0.21170846,0.26863325,0.5196583,0.07143067023676149,0.46185944834221715,0.46670988142102127,A
384,train,H,0.418044,0.2532736,0.3286824,0.41395369342791705,0.2930596001450514,0.29298670642703156,H
385,train,H,0.5931042,0.14313379,0.26376206,0.6511757251636479,0.140133379648879,0.20869089518747316,H
386,train,H,0.76178217,0.14355992,0.0946579,0.7464864146989849,0.1509134616083146,0.1026001236927004,H
387,train,D,0.48518333,0.25962925,0.25518745,0.5229061520298989,0.26349001038636444,0.21360383758373663,H
388,train,A,0.35825765,0.28061202,0.3611303,0.29074237451516083,0.31206810232764404,0.397189523157195,A
389,train,A,0.16460608,0.29159373,0.5438002,0.1446971999485152,0.19209396475357482,0.66320883529791,A
390,train,H,0.66278327,0.18600474,0.151212,0.5742931664437376,0.21893327280769234,0.20677356074856998,H
391,train,H,0.50416404,0.26243696,0.23339903,0.4984527564443385,0.26486749886709754,0.23667974468856395,H
392,train,H,0.3881536,0.22184594,0.39000043,0.3428423725269047,0.20312208814351376,0.45403553932958146,A
393,train,D,0.5070511,0.23845996,0.25448897,0.6190311942122892,0.19626834101808383,0.18470046476962693,H
394,train,H,0.78872085,0.1364455,0.0748336,0.897910814473947,0.06046078750767514,0.041628398018377914,H
395,train,D,0.3727045,0.28900394,0.3382916,0.35353800271912234,0.3640016616263137,0.2824603356545639,H
396,train,D,0.35927603,0.33823022,0.30249372,0.23785944074492668,0.416209852608672,0.34593070664640113,H
397,train,D,0.37086457,0.32555282,0.3035826,0.5262934629513933,0.2427344478107209,0.23097208923788567,H
398,train,H,0.4733088,0.21043916,0.31625202,0.491026244303248,0.15576282907864147,0.35321092661811043,H
399,train,D,0.76162803,0.1438031,0.09456887,0.7772729243797706,0.16742003965687252,0.05530703596335694,H
400,train,A,0.24082313,0.2024148,0.55676204,0.3098289449974814,0.31068609246632584,0.3794849625361926,A
401,train,H,0.48823887,0.2626653,0.24909577,0.42119991699785714,0.25796413136212626,0.32083595164001655,H
402,train,D,0.2544386,0.32420522,0.42135617,0.16864614321064478,0.35744090877628526,0.4739129480130701,A
403,train,H,0.4622203,0.21624611,0.3215336,0.3445143989849804,0.3670031368111906,0.28848246420382906,H
404,train,A,0.5335565,0.22508912,0.24135439,0.6473113414620929,0.2024165591959296,0.15027209934197755,H
405,train,H,0.7522719,0.14388983,0.10383826,0.7611876375881577,0.14251123609474756,0.09630112631709475,H
406,train,H,0.28519142,0.18908918,0.5257194,0.2632376266263731,0.23584397837117022,0.5009183950024567,A
407,train,D,0.19031413,0.3007838,0.5089021,0.18812290053986738,0.2376080726001137,0.574269026860019,A
408,train,A,0.29044363,0.21773584,0.49182057,0.3533917766056057,0.2677303990697283,0.3788778243246659,A
409,train,H,0.2298209,0.21711281,0.55306625,0.16750453954018235,0.23147033486650623,0.6010251255933113,A
410,train,H,0.67562366,0.17858478,0.1457916,0.6473373711901221,0.20008959971248688,0.152573029097391,H
411,train,D,0.4874325,0.28415897,0.22840856,0.5373325092124658,0.2623178846918408,0.2003496060956933,H
412,train,H,0.6050678,0.19301213,0.20192009,0.5933648602767267,0.22663778519905228,0.179997354524221,H
413,train,H,0.67759037,0.18256827,0.13984138,0.6203878475496113,0.23020649224191264,0.14940566020847604,H
414,train,H,0.705026,0.1770397,0.11793428,0.7873452919414556,0.16877912736799536,0.04387558069054895,H
415,train,H,0.75399584,0.12754206,0.11846214,0.752504493044372,0.1732503519070574,0.07424515504857074,H
416,train,A,0.3415868,0.2378139,0.42059934,0.4239209452153988,0.22679093913639836,0.3492881156482029,A
417,train,A,0.41446725,0.21622106,0.36931172,0.3290953519141797,0.22990641773940135,0.4409982303464189,H
418,train,A,0.17850174,0.2570276,0.5644707,0.268018097775848,0.23410530269921406,0.49787659952493785,A
419,train,D,0.32482764,0.26686898,0.4083034,0.30349027681562496,0.23723636883442462,0.45927335434995054,A
420,train,D,0.49282598,0.29884192,0.20833214,0.39007026253151694,0.26220918337060267,0.3477205540978804,H
421,train,H,0.39776942,0.2519876,0.35024294,0.40430362444971957,0.2765324158964772,0.31916395965380334,H
422,train,D,0.5137554,0.29695213,0.18929246,0.540317167527652,0.2162095279994233,0.24347330447292467,H
423,train,H,0.2884724,0.21954165,0.49198592,0.2765083615184558,0.25723772952243495,0.4662539089591092,A
424,train,H,0.79802656,0.09728594,0.10468752,0.7477926841647178,0.16613423579171518,0.08607308004356708,H
425,train,D,0.359165,0.4351943,0.20564072,0.31134152061014037,0.3101546037361711,0.37850387565368865,D
426,train,H,0.753146,0.14316812,0.1036859,0.7580336579354883,0.16318551358365088,0.07878082848086075,H
427,train,H,0.75896674,0.12436611,0.11666715,0.7890825949899258,0.15224156211232404,0.05867584289775029,H
428,train,D,0.19650789,0.32671416,0.47677803,0.2774668415373916,0.22987060640069856,0.4926625520619099,A
429,train,A,0.38243127,0.23947887,0.37808987,0.4194957235311139,0.24768507296553613,0.33281920350335015,H
430,train,D,0.17248833,0.20253286,0.6249788,0.08591901797187641,0.14657797961888408,0.7675030024092395,A
431,train,H,0.4865494,0.22361708,0.28983352,0.4274136155678352,0.2262484614608623,0.3463379229713024,H
432,train,H,0.52877474,0.26930362,0.20192161,0.5829329157879055,0.23234198792048613,0.18472509629160833,H
433,train,D,0.17873536,0.18418656,0.63707805,0.06746324418826657,0.10893728300777811,0.8235994728039553,A
434,train,D,0.59828573,0.23797102,0.16374323,0.5100889198596075,0.2421072380143636,0.24780384212602882,H
435,train,A,0.39103866,0.2845904,0.32437092,0.5342758799634278,0.30807911463405,0.15764500540252213,H
436,train,H,0.7591918,0.1298698,0.11093833,0.6174751434921094,0.2204116103898508,0.16211324611803987,H
437,train,H,0.5629806,0.2372731,0.19974628,0.5616561048835021,0.22431617145484234,0.21402772366165546,H
438,train,H,0.5873768,0.241204,0.1714192,0.5582175538665596,0.20170354245056046,0.2400789036828799,H
439,train,H,0.48076198,0.24276109,0.27647686,0.37310557708530756,0.2903096211345904,0.33658480178010214,H
440,train,H,0.44997758,0.2400553,0.30996713,0.38110852504615417,0.24948139569406166,0.3694100792597842,H
441,train,A,0.34959763,0.23470497,0.41569737,0.3519516203406979,0.2531503155228517,0.3948980641364504,A
442,train,D,0.4973607,0.2638291,0.23881021,0.6517042009868915,0.23400882554189167,0.11428697347121688,H
443,train,H,0.81215215,0.07628124,0.11156661,0.6875073131041864,0.20524721821398115,0.10724546868183242,H
444,train,A,0.1368233,0.24025667,0.6229201,0.11444129637117721,0.13154739525318557,0.7540113083756373,A
445,train,A,0.24390742,0.29454193,0.46155062,0.32605465065873457,0.23908075696237696,0.4348645923788884,A
446,train,H,0.37647566,0.24946968,0.3740547,0.2915947253666791,0.2146446140483557,0.49376066058496526,H
447,train,H,0.5521415,0.21563715,0.23222136,0.44106593683608214,0.2744112875949711,0.28452277556894684,H
448,train,D,0.46308148,0.30646744,0.23045108,0.39366680444124214,0.3178360234588852,0.2884971720998726,H
449,train,A,0.25289792,0.25409436,0.49300772,0.3155525219189809,0.24268041319380945,0.4417670648872096,A
450,train,A,0.4502335,0.2527187,0.29704788,0.3595303380160875,0.2549459724916462,0.38552368949226623,H
451,train,D,0.7046223,0.19774121,0.09763642,0.7044486924975698,0.19427877989268946,0.10127252760974086,H
452,train,A,0.36328998,0.2224593,0.41425076,0.3732617778438925,0.21103773201484113,0.4157004901412663,A
453,train,H,0.439705,0.24104929,0.31924576,0.47486636424001627,0.21538130564278393,0.3097523301171998,H
454,train,D,0.43502048,0.28825858,0.27672097,0.3414745526000839,0.23975895264043054,0.41876649475948546,H
455,train,H,0.7953968,0.11174814,0.09285508,0.7877271053508056,0.1639411427115295,0.04833175193766492,H
456,train,H,0.4572507,0.29661593,0.24613333,0.353802708795684,0.3053653591080729,0.3408319320962431,H
457,train,H,0.4884264,0.28242794,0.22914574,0.5218267866670594,0.24241547436747318,0.23575773896546742,H
458,train,A,0.48087022,0.21521227,0.30391744,0.3669582428577362,0.25491305910855294,0.37812869803371085,H
459,train,H,0.59724724,0.21277,0.18998279,0.6546497351036089,0.20315615659159386,0.14219410830479726,H
460,train,H,0.758804,0.1396599,0.101536095,0.8457890210441649,0.11469180162272831,0.03951917733310677,H
461,train,H,0.6004559,0.19613165,0.2034124,0.5362278434668073,0.2325450025597068,0.2312271539734859,H
462,train,H,0.505277,0.14988966,0.34483334,0.3076109148234983,0.2118035147199223,0.4805855704565795,H
463,train,H,0.48342147,0.26055047,0.256028,0.45175439575288046,0.22797914086828847,0.32026646337883113,H
464,train,A,0.34985486,0.23920925,0.41093594,0.41753782934165445,0.24309992375506706,0.33936224690327854,A
465,train,H,0.45673645,0.22217147,0.3210921,0.5027502779618838,0.21899938765680543,0.27825033438131086,H
466,train,D,0.4043647,0.29503572,0.3005996,0.304090129038525,0.28333096856388595,0.412578902397589,H
467,train,H,0.32712498,0.20832251,0.46455252,0.29267009860819093,0.2662502808276961,0.441079620564113,A
468,train,D,0.4161914,0.25199664,0.33181196,0.38285286798155294,0.2867467662654368,0.3304003657530103,H
469,train,D,0.36430314,0.25489652,0.38080034,0.3180749819509232,0.2596713645162769,0.4222536535327998,A
470,train,H,0.7070385,0.15242352,0.14053799,0.6714535521858478,0.2153640443969111,0.11318240341724106,H
471,train,H,0.48854864,0.24246396,0.2689874,0.497988245269859,0.236370189598958,0.26564156513118303,H
472,train,A,0.20511767,0.18718219,0.6077001,0.24466480944575308,0.23502791272150905,0.5203072778327379,A
473,train,A,0.1907072,0.2034158,0.605877,0.15277298687028074,0.22282109759442167,0.6244059155352976,A
474,train,H,0.49354258,0.2561818,0.25027564,0.4225362855424817,0.20660972860591215,0.37085398585160617,H
475,train,D,0.5146219,0.24943675,0.23594135,0.4381244815364271,0.2716159901259619,0.29025952833761104,H
476,train,D,0.3116922,0.22845644,0.45985132,0.2644333057924715,0.21565800858694764,0.5199086856205809,A
477,train,D,0.46451542,0.35009497,0.18538956,0.5434184678981966,0.21863449054535908,0.2379470415564444,H
478,train,H,0.5181606,0.2623249,0.21951452,0.6138005555774914,0.20070117562787834,0.1854982687946304,H
479,train,A,0.4634457,0.2614459,0.27510834,0.601956658986837,0.19934048545497868,0.19870285555818432,H
480,train,D,0.2567668,0.3200003,0.42323288,0.23909892315546621,0.2532919000135058,0.5076091768310279,A
481,train,H,0.7726477,0.13567561,0.09167668,0.7304763870348036,0.17473327410790654,0.09479033885728996,H
482,train,H,0.5380913,0.21400669,0.24790198,0.41870323930154557,0.2798080824571482,0.30148867824130615,H
483,train,H,0.66880983,0.22403602,0.10715415,0.6700404159108869,0.18892929666635455,0.14103028742275844,H
484,train,H,0.4846934,0.2656853,0.24962136,0.4362430937233916,0.25105329582561986,0.3127036104509886,H
485,train,H,0.45911792,0.288784,0.2520981,0.42984539436061764,0.2626740168780637,0.3074805887613187,H
486,train,D,0.617455,0.23680192,0.14574304,0.6337792861740873,0.21645210768878181,0.14976860613713078,H
487,train,H,0.4112169,0.26313996,0.32564306,0.33521124353280324,0.21553250433598928,0.4492562521312075,H
488,train,H,0.74152595,0.12731773,0.1311563,0.7557044337835354,0.1639969078815557,0.08029865833490897,H
489,train,H,0.26851317,0.21105056,0.5204362,0.15725486754204893,0.16000424644323702,0.682740886014714,A
490,train,H,0.49352476,0.2346754,0.27179983,0.3649150709920008,0.23421518993706508,0.400869739070934,H
491,train,A,0.28941903,0.23621412,0.4743668,0.26610633105617293,0.2535573362292735,0.48033633271455356,A
492,train,D,0.20953605,0.29652417,0.49393985,0.20011178614600839,0.2842662175979639,0.5156219962560277,A
493,train,A,0.5741285,0.17507638,0.25079513,0.5167892461958777,0.25254340081559873,0.23066735298852353,H
494,train,A,0.41796875,0.24653554,0.3354957,0.3334114476669311,0.22770549925293626,0.43888305308013265,H
495,train,H,0.47023338,0.24475689,0.28500977,0.4218947761561412,0.21004902846451212,0.3680561953793468,H
496,train,A,0.26309,0.26123175,0.4756782,0.32623843262047947,0.22532671449534272,0.4484348528841777,A
497,train,D,0.42206734,0.29999942,0.27793324,0.4979278601449489,0.25499837532203684,0.24707376453301427,H
498,train,H,0.27091834,0.22906107,0.50002056,0.2563216868279287,0.23505834790120772,0.5086199652708635,A
499,train,H,0.4798863,0.28585178,0.23426194,0.48940155277821007,0.27293436941256166,0.23766407780922824,H
500,train,D,0.50542897,0.27538082,0.21919018,0.48248398901001305,0.27760688103052245,0.23990912995946456,H
501,train,A,0.1928093,0.1516068,0.6555839,0.17189581309220586,0.13702989997855294,0.6910742869292413,A
502,train,A,0.6866979,0.16141422,0.15188792,0.7497164282686967,0.1677352625607696,0.08254830917053366,H
503,train,H,0.67520094,0.1823134,0.14248566,0.7081188737509768,0.15575591380543086,0.13612521244359221,H
504,train,H,0.7402878,0.11841908,0.14129314,0.7211820641855222,0.17494723343531923,0.10387070237915853,H
505,train,H,0.6071775,0.19649343,0.19632901,0.5397121307072356,0.2341888680441108,0.22609900124865373,H
506,train,A,0.29222688,0.2046967,0.50307643,0.2879130547663163,0.20391412844366663,0.5081728167900171,A
507,train,H,0.4429185,0.22358474,0.33349675,0.33363821768957597,0.24563939923530304,0.42072238307512105,H
508,train,H,0.75521,0.12239542,0.122394636,0.7819833045322018,0.15463533325797524,0.06338136220982298,H
509,train,D,0.4789553,0.25113964,0.26990506,0.4936843754571233,0.23576756589699752,0.2705480586458794,H
510,train,A,0.2818609,0.2627369,0.45540217,0.23243351378050867,0.23023524461751638,0.537331241601975,A
511,train,H,0.24292253,0.23672788,0.52034956,0.2153870585496699,0.26980187214314805,0.514811069307182,A
512,train,A,0.43090782,0.2508421,0.3182501,0.41119610896613146,0.2496350187908392,0.33916887224302944,H
513,train,A,0.15085587,0.2213584,0.62778574,0.18199431919499787,0.20537420252785377,0.6126314782771484,A
514,train,A,0.40431824,0.21233657,0.38334516,0.45740516624994976,0.19877891206539638,0.34381592168465386,H
515,train,A,0.39867505,0.2675053,0.3338197,0.45526670404978736,0.2372716243948334,0.30746167155537923,H
516,train,H,0.4485027,0.29355618,0.25794116,0.3840262419907712,0.26181491209608754,0.3541588459131413,H
517,train,H,0.72571665,0.15566005,0.118623294,0.8015925325476922,0.1468349485900236,0.051572518862284276,H
518,train,A,0.76536846,0.10976891,0.12486262,0.8293438988210508,0.12908762106545618,0.04156848011349316,H
519,train,H,0.5713519,0.19050851,0.23813958,0.5445947613724925,0.19118404828563923,0.26422119034186814,H
520,train,H,0.42245552,0.21103743,0.36650702,0.3822039616187136,0.25021266869943287,0.36758336968185346,H
521,train,H,0.73223037,0.13039571,0.13737397,0.7180687204248632,0.1995619880293954,0.08236929154574135,H
522,train,A,0.31520787,0.24841408,0.43637806,0.297399308584531,0.24381894322652722,0.45878174818894174,A
523,train,A,0.16964276,0.1657649,0.6645923,0.12810230572287398,0.19311965480907675,0.6787780394680493,A
524,train,A,0.58846545,0.20362644,0.20790812,0.5816387377879144,0.21652345694412542,0.20183780526796008,H
525,train,A,0.3997215,0.21884719,0.38143137,0.39799683280306125,0.22481415156524373,0.37718901563169493,H
526,train,H,0.7849554,0.10864727,0.106397375,0.7425583028004296,0.15416193306077156,0.10327976413879884,H
527,train,A,0.22159074,0.24400109,0.53440815,0.1710690512325985,0.1832461211615036,0.6456848276058978,A
528,train,D,0.2660436,0.3079323,0.4260241,0.2853102393956612,0.25182383594788643,0.46286592465645243,A
529,train,A,0.44134638,0.2488778,0.30977583,0.37472706516331455,0.26141947377055336,0.3638534610661321,H
530,train,A,0.4221526,0.28253067,0.29531676,0.3673041889835428,0.22965876159959084,0.4030370494168664,H
531,train,A,0.23498356,0.27171186,0.49330452,0.3857162575223404,0.22698426643929498,0.38729947603836457,A
532,train,A,0.23044236,0.25759843,0.5119592,0.23330820879543246,0.22601002011366397,0.5406817710909035,A
533,train,H,0.6234899,0.23922344,0.1372866,0.48322671890203395,0.2565020176072649,0.2602712634907013,H
534,train,H,0.6210352,0.23435387,0.14461097,0.6184738258885698,0.21652067574020764,0.16500549837122255,H
535,train,A,0.1814141,0.19677325,0.6218127,0.1268909203670733,0.18446185564032747,0.6886472239925993,A
536,train,H,0.7534281,0.13674296,0.10982892,0.7357274796571035,0.1884473349434153,0.07582518539948116,H
537,train,A,0.40674192,0.18144722,0.4118109,0.3395837420023911,0.25411331775481566,0.40630294024279323,A
538,train,A,0.40619525,0.24231069,0.351494,0.4204527307705687,0.2767396187980568,0.3028076504313745,H
539,train,A,0.25968352,0.24962856,0.4906879,0.32164341541216895,0.270962072526303,0.40739451206152794,A
540,train,H,0.5622347,0.24175675,0.1960086,0.6804787227932373,0.1830459824590609,0.13647529474770193,H
541,train,D,0.7202785,0.18800351,0.09171806,0.8474364753016232,0.12519230705370252,0.02737121764467426,H
542,train,D,0.6768195,0.18205537,0.14112511,0.8076861826070751,0.13138528534980456,0.06092853204312032,H
543,train,A,0.26898283,0.22750731,0.5035099,0.2680571859274195,0.24407365717882423,0.4878691568937564,A
544,train,D,0.24746199,0.28264564,0.46989232,0.22832786352989595,0.245688735948649,0.5259834005214551,A
545,train,A,0.5993194,0.18533427,0.21534635,0.707751096570753,0.21582750418178911,0.07642139924745789,H
546,train,H,0.3249976,0.2557605,0.4192419,0.3385629990083894,0.2050253552587387,0.456411645732872,A
547,train,D,0.44280282,0.44670638,0.11049086,0.6152546814299631,0.22621448432487615,0.15853083424516087,D
548,train,A,0.2763708,0.29448318,0.42914602,0.26784089346308754,0.2584494775338822,0.4737096290030303,A
549,train,A,0.42397186,0.22759482,0.3484333,0.3383905209667968,0.24168647677777674,0.41992300225542656,H
550,train,H,0.7144207,0.16278642,0.12279294,0.6617364355437764,0.18632892110189656,0.15193464335432694,H
551,train,D,0.5637234,0.26428035,0.17199622,0.47496027929617796,0.25554151008598314,0.2694982106178388,H
552,train,A,0.33487532,0.2643738,0.40075088,0.3978217030296815,0.24029329622621012,0.36188500074410834,A
553,train,D,0.44923165,0.25261092,0.29815742,0.4640591818091611,0.22736341736718946,0.3085774008236494,H
554,train,A,0.2459229,0.22210214,0.531975,0.3803918239289452,0.24700435627076162,0.3726038198002933,A
555,train,A,0.2596708,0.20822172,0.5321075,0.28912668913224504,0.24476874372188498,0.4661045671458699,A
556,train,H,0.44534984,0.20877917,0.34587094,0.37854855452914954,0.18623369036145399,0.4352177551093965,H
557,train,H,0.4901078,0.2740369,0.23585524,0.5667905374396417,0.2292964236820059,0.20391303887835235,H
558,train,H,0.5831892,0.18658538,0.23022544,0.6043245163825276,0.19308359830496927,0.2025918853125031,H
559,train,H,0.40637502,0.21884064,0.37478435,0.46050263876213277,0.2339902953205813,0.30550706591728605,H
560,train,A,0.481664,0.24791911,0.27041695,0.41666015024242153,0.2789409528119568,0.3043988969456218,H
561,train,H,0.41498423,0.210038,0.37497774,0.3308848688600916,0.2296417278251321,0.4394734033147763,H
562,train,H,0.43500182,0.26248437,0.3025138,0.37184632833974623,0.2869832572188222,0.3411704144414316,H
563,train,H,0.48108104,0.24238065,0.27653837,0.42065609987434127,0.2204546262821812,0.3588892738434774,H
564,train,H,0.69819283,0.17676483,0.12504235,0.6238550157285798,0.2720607912263753,0.10408419304504504,H
565,train,H,0.69825864,0.1514978,0.15024355,0.5998433764684676,0.18753282250819894,0.2126238010233335,H
566,train,A,0.33334994,0.23113573,0.4355144,0.4646409336904783,0.28104300580240643,0.25431606050711514,A
567,train,D,0.21851224,0.31422928,0.46725845,0.23000942543958353,0.2908289150332724,0.47916165952714407,A
568,train,H,0.6715003,0.15695542,0.1715442,0.6916127508177686,0.1950538926343393,0.1133333565478921,H
569,train,D,0.38252163,0.27068952,0.34678888,0.36143172296106363,0.2763762041759215,0.36219207286301486,H
570,train,D,0.2270494,0.39269373,0.38025686,0.22223913191157302,0.27990419085365315,0.4978566772347738,D
571,train,D,0.25654405,0.23368503,0.50977093,0.28299384020570817,0.24979225740287225,0.4672139023914195,A
572,train,D,0.5974871,0.2477518,0.15476112,0.5891437941051813,0.20258825083426973,0.20826795506054901,H
573,train,A,0.28344128,0.22152722,0.4950315,0.32565166728802136,0.278080023200517,0.3962683095114615,A
574,train,H,0.4976563,0.277558,0.22478572,0.432193259679443,0.2658825881142878,0.3019241522062691,H
575,train,H,0.58997655,0.28297448,0.12704895,0.6645979326823076,0.17856895927477107,0.15683310804292128,H
576,train,D,0.24808165,0.28329504,0.46862334,0.27892755987295936,0.2573689860384714,0.4637034540885692,A
577,train,H,0.78122264,0.14078097,0.07799634,0.8320930815468545,0.14168037502215308,0.026226543430992504,H
578,train,A,0.45885372,0.14838472,0.3927615,0.4123422409322338,0.18656812031794173,0.4010896387498245,H
579,train,D,0.5306191,0.26443034,0.20495059,0.526804857886871,0.22974053487419685,0.24345460723893206,H
580,train,A,0.47373062,0.25213382,0.2741356,0.4653544756323206,0.2848620069255038,0.24978351744217572,H
581,train,H,0.6084519,0.20894192,0.1826062,0.6367405315934057,0.21809087214110048,0.14516859626549383,H
582,train,H,0.6780484,0.14730039,0.1746512,0.6960632193633982,0.17034707077525937,0.1335897098613423,H
583,train,H,0.17892596,0.22473684,0.59633726,0.09127927811316087,0.20063641931484252,0.7080843025719965,A
584,train,H,0.7093391,0.14729027,0.1433706,0.5539068009736179,0.254570739113995,0.19152245991238712,H
585,train,D,0.6329405,0.22079138,0.14626811,0.6673844691697881,0.17099702640139725,0.1616185044288146,H
586,train,H,0.24918558,0.22797816,0.52283627,0.23138516668832038,0.1979450007931654,0.5706698325185142,A
587,train,H,0.44871882,0.3203737,0.23090751,0.39480742342065656,0.24786343083149365,0.3573291457478498,H
588,train,H,0.35424381,0.2397801,0.40597606,0.4359987723698799,0.23968144754421983,0.32431978008590023,A
589,train,D,0.6780586,0.17375435,0.14818698,0.6348611553802641,0.21476828392249017,0.1503705606972457,H
590,train,D,0.5665944,0.29872334,0.13468224,0.6607513106990472,0.2169313669308645,0.12231732237008822,H
591,train,D,0.16714627,0.3151924,0.51766133,0.1448609999851622,0.211748664992308,0.6433903350225298,A
592,train,D,0.2725633,0.27445117,0.4529855,0.31469418294648926,0.2768040790454658,0.40850173800804485,A
593,train,H,0.48850763,0.21636441,0.29512796,0.5351289784166673,0.21628094617023222,0.2485900754131005,H
594,train,H,0.27902156,0.20296706,0.5180114,0.278588492899036,0.2340436891894132,0.48736781791155076,A
595,train,A,0.26850677,0.16574115,0.5657521,0.29938502536547595,0.2228890946302098,0.47772588000431415,A
596,train,D,0.20056887,0.24336563,0.5560655,0.2303403022882059,0.16923895321394394,0.6004207444978502,A
597,train,A,0.22519492,0.19413508,0.58066994,0.2188889360199376,0.19919865162182002,0.5819124123582423,A
598,train,H,0.7647515,0.13430163,0.10094693,0.7975818046227887,0.1631965277879973,0.039221667589213895,H
599,train,H,0.6450454,0.19180156,0.16315307,0.7099000748391274,0.21148736165525708,0.07861256350561562,H
600,train,A,0.4312545,0.19597463,0.37277088,0.4765923233586454,0.20353479145714548,0.31987288518420903,H
601,train,A,0.2726628,0.1996473,0.52768993,0.21334109246863778,0.22185838953961382,0.5648005179917484,A
602,train,D,0.5122315,0.25255907,0.2352094,0.49778677044857783,0.20566225468225816,0.29655097486916393,H
603,train,A,0.44081402,0.2270059,0.33218002,0.5152486754133386,0.20500142996862622,0.27974989461803507,H
604,train,A,0.5930988,0.23295332,0.17394789,0.7293333748377596,0.17190082362522469,0.0987658015370158,H
605,train,H,0.45888752,0.2335996,0.30751288,0.3325899194404016,0.23988338837796064,0.4275266921816377,H
606,train,A,0.41562375,0.16253832,0.42183796,0.47463190385449866,0.1922107408033046,0.3331573553421968,A
607,train,D,0.2312382,0.22045349,0.5483083,0.1322927371511002,0.1374613314558103,0.7302459313930895,A
608,train,A,0.431535,0.21277292,0.35569206,0.5177437557828952,0.19027448438458205,0.2919817598325226,H
609,train,H,0.6845526,0.1600748,0.15537259,0.5782359300540381,0.2684899539733385,0.15327411597262333,H
610,train,H,0.6319985,0.20139101,0.16661052,0.64863846246436,0.20671696378968327,0.1446445737459568,H
611,train,D,0.59269494,0.21873069,0.18857442,0.5963225237843288,0.23056354673586266,0.17311392947980853,H
612,train,A,0.15021947,0.13960962,0.7101709,0.1180970782819554,0.1312985665190225,0.7506043551990221,A
613,train,D,0.23875177,0.24737182,0.5138764,0.307619519169095,0.18631462678463429,0.5060658540462706,A
614,train,A,0.42490843,0.1499827,0.42510888,0.36064061512357615,0.2853363013272427,0.35402308354918116,A
615,train,H,0.42346197,0.2401473,0.33639076,0.39526786123583546,0.2625658306043365,0.34216630815982796,H
616,train,A,0.26851833,0.2113269,0.5201548,0.27690595151089153,0.25807509539988777,0.46501895308922075,A
617,train,H,0.3952436,0.18931192,0.41544446,0.37595449446792206,0.20985330831434243,0.41419219721773554,A
618,train,H,0.5547859,0.18744935,0.25776473,0.5307743796940924,0.2142749701415396,0.2549506501643681,H
619,train,H,0.68018955,0.16430071,0.15550974,0.8378321687888695,0.12424418009176466,0.037923651119365964,H
620,train,H,0.7624821,0.13568142,0.101836465,0.7313044747270848,0.19204172649517562,0.07665379877773967,H
621,train,H,0.77336526,0.13818832,0.08844638,0.8356096859747308,0.1309045711699008,0.033485742855368386,H
622,train,H,0.415949,0.2780368,0.30601415,0.40168632881616334,0.23470336624692337,0.3636103049369133,H
623,train,H,0.72487855,0.1351858,0.13993561,0.5883751535404385,0.15693455633107958,0.254690290128482,H
624,train,H,0.6577394,0.20673601,0.13552459,0.5971130996788823,0.20689992938598703,0.1959869709351307,H
625,train,H,0.69016194,0.1976975,0.11214056,0.7311530739138994,0.2020055090970915,0.0668414169890091,H
626,train,H,0.25244027,0.20138568,0.546174,0.32649065198202776,0.23725908891412809,0.43625025910384413,A
627,train,H,0.33135572,0.25199276,0.41665155,0.30019774811148264,0.23876552262157835,0.46103672926693906,A
628,train,H,0.60227346,0.22209485,0.17563173,0.5495232983557168,0.30697376617763134,0.14350293546665194,H
629,train,D,0.44967484,0.27475092,0.27557424,0.49008627323489085,0.23929141438791668,0.2706223123771925,H
630,train,H,0.41228968,0.19911836,0.38859197,0.3601556984440977,0.20882857356452714,0.43101572799137505,H
631,train,H,0.17869893,0.23558529,0.5857158,0.10013234211473544,0.11855206924589752,0.7813155886393669,A
632,train,A,0.14073421,0.17786005,0.6814057,0.16945961459340314,0.15777194060258104,0.6727684448040159,A
633,train,H,0.24732572,0.18911666,0.5635576,0.15653981430132322,0.2227891462570474,0.6206710394416294,A
634,train,D,0.21789286,0.25955716,0.52255,0.1806222460148676,0.21855574857855592,0.6008220054065765,A
635,train,A,0.27296913,0.2340283,0.49300262,0.3196220149769275,0.18854981873636997,0.49182816628670256,A
636,train,H,0.68730223,0.15441525,0.15828253,0.7149333359294842,0.18688537815832643,0.09818128591218941,H
637,train,A,0.19987991,0.23615776,0.56396234,0.29479065984594793,0.2598876692065118,0.44532167094754027,A
638,train,D,0.5417101,0.29100785,0.1672821,0.6680146794796546,0.251240109971711,0.08074521054863444,H
639,train,H,0.6433067,0.21917477,0.13751858,0.6020769190153362,0.22765952419845337,0.17026355678621047,H
640,train,D,0.45429006,0.288833,0.25687686,0.3891624951917948,0.3385391613637426,0.2722983434444625,H
641,train,H,0.5308442,0.2627651,0.20639068,0.5303698750690616,0.19303212113950438,0.276598003791434,H
642,train,A,0.32324973,0.24933387,0.42741632,0.26725099077498504,0.20749663527181264,0.5252523739532023,A
643,train,A,0.22584201,0.2109889,0.5631691,0.1865109726896445,0.2233386462390075,0.590150381071348,A
644,train,H,0.52044266,0.22805983,0.25149757,0.5255583663438275,0.23656475056686493,0.23787688308930757,H
645,train,D,0.5821058,0.2796681,0.13822609,0.52838031195505,0.24441650174063853,0.22720318630431166,H
646,train,D,0.5946915,0.23173645,0.17357205,0.7240647029332086,0.17763529710427098,0.09829999996252056,H
647,train,D,0.29015005,0.24696451,0.46288544,0.21793567757453336,0.20215051698198191,0.5799138054434847,A
648,train,A,0.43760133,0.25956705,0.30283162,0.3821421549926672,0.2243738019583604,0.3934840430489725,H
649,train,H,0.77464503,0.13449378,0.090861134,0.8311169988327435,0.09914126053060986,0.06974174063664658,H
650,train,H,0.80565786,0.11047845,0.08386367,0.8611521319100587,0.10979212682658764,0.02905574126335363,H
651,train,H,0.34461853,0.2769982,0.37838325,0.3123291407482656,0.2802124018728592,0.40745845737887526,A
652,train,D,0.50403136,0.2566412,0.23932742,0.4406024912242451,0.2586511379407625,0.30074637083499245,H
653,train,A,0.55057985,0.22846352,0.22095667,0.520680619548087,0.2876481918758221,0.19167118857609108,H
654,train,H,0.44309616,0.26527578,0.29162803,0.38760266719492764,0.24255255380367383,0.36984477900139845,H
655,train,H,0.49938503,0.33789787,0.16271715,0.6278513254907303,0.16479327772748487,0.20735539678178486,H
656,train,D,0.39232782,0.33288673,0.27478543,0.3282319484926629,0.2837638125213082,0.3880042389860289,H
657,train,H,0.52901256,0.22474822,0.24623919,0.5516184806254375,0.24784135263279836,0.20054016674176417,H
658,train,H,0.48142162,0.27719274,0.24138562,0.38717343692075645,0.28903398210958375,0.3237925809696598,H
659,train,D,0.17845345,0.2624444,0.5591022,0.12292766916550682,0.1810463976948705,0.6960259331396228,A
660,train,A,0.30923936,0.22233728,0.46842337,0.23179948722997568,0.26066877760141827,0.5075317351686061,A
661,train,D,0.3476882,0.28399906,0.36831278,0.33692187102580373,0.1809327858759615,0.48214534309823476,A
662,train,H,0.48035443,0.2351518,0.28449374,0.408366973940185,0.23961761637069934,0.3520154096891156,H
663,train,A,0.29402298,0.27755815,0.42841884,0.2833471238484378,0.2651286422355142,0.45152423391604807,A
664,train,H,0.68846285,0.18999484,0.12154232,0.5133340327563866,0.27593929061770406,0.21072667662590938,H
665,train,A,0.30765104,0.27208698,0.420262,0.23134751927263808,0.2300583004110016,0.5385941803163603,A
666,train,H,0.668266,0.1737519,0.15798211,0.6403424041431215,0.1646460083366428,0.19501158752023576,H
667,train,A,0.351966,0.26350376,0.38453022,0.3080544982138285,0.23594599042537492,0.45599951136079664,A
668,train,A,0.5262282,0.17720622,0.29656556,0.5646026046654612,0.20817309492639158,0.22722430040814715,H
669,train,A,0.41879973,0.19694805,0.38425222,0.41338807142440215,0.23654799447966843,0.3500639340959294,H
670,train,H,0.7244126,0.16204867,0.11353877,0.6731862640366708,0.22820122540815604,0.09861251055517309,H
671,train,A,0.10042429,0.13177013,0.76780564,0.06954331271586195,0.12467534751120435,0.8057813397729336,A
672,train,H,0.59000504,0.2161842,0.19381072,0.5062230618613854,0.2521348080980178,0.2416421300405968,H
673,train,H,0.3120719,0.20683435,0.48109373,0.22070150391405752,0.2060833735929294,0.573215122493013,A
674,train,A,0.39150098,0.24343908,0.36505994,0.35725668199679567,0.25058146075109355,0.3921618572521107,H
675,train,D,0.34758,0.36584416,0.28657588,0.3945754671692461,0.27907081734847217,0.3263537154822818,D
676,train,H,0.40904588,0.2492645,0.3416896,0.4448631573965416,0.2315910744331482,0.32354576817031017,H
677,train,A,0.38313532,0.21798065,0.39888403,0.46000730163831205,0.22132266531836767,0.31867003304332037,A
678,train,A,0.2714912,0.26160768,0.46690112,0.23084284423109536,0.212984516276294,0.5561726394926106,A
679,train,H,0.8099756,0.09752123,0.092503175,0.8725378235308807,0.10201489208857023,0.025447284380549096,H
680,train,A,0.2211199,0.1787076,0.60017246,0.21972630702271148,0.2092375552782122,0.5710361376990764,A
681,train,A,0.70573705,0.13048546,0.16377749,0.6422350199814344,0.25157070951619415,0.10619427050237149,H
682,train,H,0.37305555,0.24736752,0.37957695,0.2812870432503108,0.22793281144204475,0.49078014530764447,A
683,train,A,0.22109357,0.18583325,0.59307325,0.24269393312802845,0.224375209218451,0.5329308576535206,A
684,train,D,0.19469075,0.25282285,0.5524864,0.12522926956530833,0.19958956189414734,0.6751811685405443,A
685,train,A,0.23588173,0.21584503,0.54827327,0.11484720151918025,0.1717835714944416,0.7133692269863782,A
686,train,D,0.68416077,0.21647504,0.09936419,0.8682982594452089,0.10882045211573725,0.022881288439053928,H
687,train,D,0.25696096,0.34617612,0.39686295,0.31138928375656943,0.29041805581655866,0.3981926604268719,A
688,train,D,0.50094914,0.28836548,0.21068539,0.6233068568559661,0.19985860630545194,0.17683453683858205,H
689,train,H,0.5695597,0.21977502,0.21066526,0.726710502292601,0.2053579582216771,0.06793153948572195,H
690,train,H,0.4028008,0.18658483,0.41061437,0.3384234624272149,0.251983099645435,0.40959343792735003,A
691,train,H,0.64783716,0.18681914,0.1653437,0.7279963209215438,0.1633959974034038,0.10860768167505243,H
692,train,A,0.48810196,0.207933,0.30396506,0.49646029222473315,0.24487596372208065,0.2586637440531861,H
693,train,H,0.57253337,0.22244738,0.20501922,0.62211660105224,0.20075688887247578,0.17712651007528413,H
694,train,H,0.6162049,0.21678376,0.16701137,0.5612123889613384,0.20926457632451237,0.2295230347141491,H
695,train,D,0.4112116,0.31096667,0.2778217,0.26778484892406673,0.28423461962812335,0.44798053144780986,H
696,train,H,0.4972916,0.19325778,0.30945066,0.3523965975045566,0.2464425680962626,0.4011608343991807,H
697,train,A,0.55461806,0.14806418,0.2973177,0.41169004759312694,0.17811586932513704,0.4101940830817361,H
698,train,H,0.67348,0.15592314,0.17059693,0.6981288093308246,0.17147135154863413,0.13039983912054132,H
699,train,H,0.2663815,0.23760489,0.49601355,0.25587939673938515,0.3076854613937561,0.4364351418668587,A
700,train,A,0.31684697,0.24073666,0.4424164,0.2801716734196472,0.20582778322604742,0.5140005433543055,A
701,train,A,0.20673694,0.21206687,0.5811962,0.1219887652273936,0.18060282945641193,0.6974084053161945,A
702,train,A,0.28028852,0.24257477,0.47713664,0.3403711972334945,0.3357819810803563,0.3238468216861491,A
703,train,D,0.32731652,0.29523036,0.37745315,0.3391478585766903,0.3381563798778195,0.3226957615454903,A
704,train,H,0.58607036,0.22325487,0.19067472,0.595429984369139,0.1858761804339778,0.21869383519688318,H
705,train,H,0.67014056,0.18637371,0.14348567,0.5622610363574126,0.23378730551346988,0.20395165812911745,H
706,train,H,0.49447656,0.25673383,0.24878956,0.5483807082741444,0.21678141846559965,0.23483787326025593,H
707,train,H,0.6037561,0.22142762,0.17481622,0.6404004561330374,0.23573440879097962,0.12386513507598294,H
708,train,A,0.14094111,0.16183415,0.69722474,0.16346092886878388,0.187862604366042,0.6486764667651741,A
709,train,H,0.6564908,0.19830985,0.14519933,0.7331913638211556,0.15896438051523207,0.10784425566361239,H
710,train,H,0.67497414,0.19468154,0.13034439,0.5649832347456256,0.2575581185020702,0.17745864675230424,H
711,train,H,0.7716213,0.14101183,0.087366916,0.8387367804269383,0.12715444990175173,0.03410876967130998,H
712,train,D,0.44216487,0.29603603,0.2617991,0.48831633184690776,0.22014221333275605,0.2915414548203362,H
713,train,H,0.547683,0.25534353,0.19697346,0.6630475326210652,0.22232579034043715,0.11462667703849755,H
714,train,H,0.7574573,0.13487537,0.107667334,0.7258742144314461,0.18374978203367484,0.09037600353487905,H
715,train,H,0.8188375,0.09118149,0.08998095,0.8615196280360616,0.1134656108863695,0.025014761077568885,H
716,train,H,0.4976469,0.21037951,0.29197353,0.45722929893449177,0.22363997122680704,0.3191307298387012,H
717,train,A,0.4634587,0.17170936,0.36483195,0.4035880272466271,0.2072281695305401,0.3891838032228328,H
718,train,H,0.76517004,0.13530107,0.09952888,0.73023893093548,0.1967395070717437,0.07302156199277628,H
719,train,H,0.839522,0.08891702,0.07156095,0.9232246324686316,0.07098561814807286,0.005789749383295478,H
720,train,H,0.5358939,0.28329432,0.18081181,0.48847187664149905,0.3247012508719739,0.1868268724865271,H
721,train,H,0.3575977,0.24882162,0.39358065,0.2195742430891662,0.259980575576366,0.5204451813344678,A
722,train,A,0.4891328,0.20051487,0.31035239,0.5619429555988289,0.20975732538688735,0.22829971901428386,H
723,train,H,0.27329528,0.17478207,0.5519227,0.23620385297453017,0.18124906579254235,0.5825470812329274,A
724,train,A,0.5747965,0.26385438,0.16134909,0.6799362917651866,0.21922687755884337,0.10083683067596996,H
725,train,H,0.6203989,0.19493838,0.18466271,0.6203053184425789,0.21067556197784978,0.16901911957957133,H
726,train,H,0.55551195,0.23951331,0.20497471,0.5165612170157751,0.2564879043943805,0.22695087858984447,H
727,train,H,0.4456178,0.18403265,0.37034953,0.41478758418617295,0.2185739771226959,0.3666384386911311,H
728,train,D,0.5137948,0.243693,0.24251218,0.6289520678659101,0.18213912220541614,0.18890880992867376,H
729,train,H,0.47025895,0.26637366,0.26336738,0.515563534462834,0.2954238577091377,0.18901260782802823,H
730,train,D,0.18502875,0.24836762,0.5666036,0.10358461640795776,0.23031910866547659,0.6660962749265656,A
731,train,H,0.71108425,0.15794526,0.13097046,0.6746531637517178,0.201350230150028,0.12399660609825429,H
732,train,A,0.17658867,0.16721106,0.6562003,0.19965592942374902,0.19572948641867488,0.6046145841575761,A
733,train,A,0.58764356,0.22390841,0.18844801,0.6939497009988055,0.21427881241292213,0.09177148658827235,H
734,train,H,0.5072257,0.23273225,0.26004204,0.5376155057913234,0.2414356160585178,0.22094887815015876,H
735,train,A,0.12314586,0.15079547,0.72605866,0.10380338549582016,0.1886982768306768,0.707498337673503,A
736,train,A,0.17070411,0.17521557,0.65408033,0.2115598288410207,0.25460070668969037,0.5338394644692889,A
737,train,H,0.64519066,0.17491528,0.179894,0.6069770225443883,0.22352779155718228,0.1694951858984293,H
738,train,A,0.2291696,0.21300045,0.55783,0.21374941130482603,0.1922173589356755,0.5940332297594985,A
739,train,D,0.4956371,0.22390507,0.28045785,0.5312237106924086,0.24237807564818795,0.22639821365940352,H
740,train,D,0.68502945,0.2038163,0.11115426,0.7269988945606569,0.1908320222892819,0.08216908315006127,H
741,train,H,0.33235434,0.1770087,0.49063697,0.19989012097084022,0.20919446031485905,0.5909154187143008,A
742,train,A,0.40593234,0.3003767,0.29369095,0.43379216328194387,0.27903112119713536,0.2871767155209207,H
743,train,D,0.41990215,0.32370624,0.25639158,0.3807825914156688,0.3296879974630223,0.2895294111213089,H
744,train,H,0.6896119,0.18151209,0.12887605,0.7290814598296735,0.20318742174747562,0.06773111842285083,H
745,train,H,0.835979,0.07700564,0.0870154,0.8609852510000902,0.11355758483172992,0.025457164168179957,H
746,train,H,0.5483294,0.25647107,0.1951995,0.4517978656547477,0.27851930273703834,0.2696828316082139,H
747,train,D,0.6848493,0.19165571,0.12349498,0.7934321427889561,0.15961250474752328,0.046955352463520644,H
748,train,D,0.20890416,0.32579994,0.4652959,0.22706647516708445,0.27321535189840035,0.49971817293451515,A
749,train,H,0.6531011,0.19052693,0.15637197,0.6137387512372293,0.20564206123905598,0.18061918752371464,H
750,train,H,0.76164395,0.11778883,0.120567195,0.780758268927005,0.16791998535611935,0.0513217457168758,H
751,train,H,0.59447753,0.14024489,0.26527756,0.4224776774527672,0.24583448311555564,0.3316878394316771,H
752,train,H,0.32842806,0.20492391,0.46664798,0.23818483943461186,0.1774379053254683,0.5843772552399198,A
753,train,D,0.32188913,0.3066498,0.37146106,0.3379363554725455,0.28507586902487764,0.3769877755025769,A
754,train,D,0.40560576,0.26636946,0.32802477,0.4710358060717902,0.23249543179804846,0.2964687621301614,H
755,train,H,0.378368,0.1887092,0.43292284,0.35500821852640196,0.2848823592455699,0.36010942222802805,A
756,train,A,0.21073398,0.17029017,0.6189758,0.18161368047841422,0.19509985871159174,0.6232864608099941,A
757,train,H,0.419893,0.20755856,0.3725484,0.36785852604473823,0.28961073554694655,0.3425307384083152,H
758,train,H,0.782912,0.10145788,0.11563006,0.5988306547014008,0.25572046982140884,0.14544887547719043,H
759,train,D,0.15127912,0.16996273,0.67875814,0.07625119264840331,0.16844517320105368,0.755303634150543,A
760,train,A,0.12657604,0.1664528,0.70697117,0.05928227416529761,0.12806131627189327,0.8126564095628092,A
761,train,H,0.7704622,0.12892355,0.100614175,0.7903388584760244,0.14500628623287312,0.06465485529110247,H
762,train,D,0.36896557,0.29756945,0.33346492,0.4118401609877362,0.22933569800101739,0.3588241410112464,H
763,train,H,0.7461151,0.111920215,0.14196469,0.6940642130734218,0.15381057154200145,0.15212521538457666,H
764,train,A,0.36499846,0.2591307,0.37587088,0.34743783359615665,0.2295674171974401,0.4229947492064032,A
765,train,H,0.6375636,0.18689659,0.17553982,0.5607867369127251,0.2248670777036253,0.21434618538364966,H
766,train,A,0.5696425,0.14430912,0.28604835,0.2587716678213795,0.388271490902119,0.35295684127650145,H
767,train,D,0.50317603,0.24636078,0.2504632,0.5294417922105152,0.21049157593426723,0.2600666318552174,H
768,train,D,0.20103471,0.30586523,0.49310005,0.27006289336275846,0.2513449558802179,0.4785921507570236,A
769,train,H,0.7195716,0.12691598,0.1535124,0.7790098582229195,0.16210983761291015,0.05888030416417035,H
770,train,H,0.40274933,0.29888216,0.29836848,0.3695617739462955,0.23743280518466606,0.39300542086903834,H
771,train,A,0.4448369,0.19112353,0.36403957,0.45557218367741803,0.22277430617792218,0.3216535101446598,H
772,train,H,0.6922334,0.15955915,0.14820744,0.7214196093923453,0.20403812281440584,0.07454226779324902,H
773,train,H,0.7014571,0.17282417,0.12571877,0.6956935922083679,0.17793488887425074,0.12637151891738135,H
774,train,H,0.45134413,0.19830634,0.35034955,0.4503312815786879,0.22723711590340331,0.32243160251790887,H
775,train,A,0.2049902,0.19321787,0.6017919,0.16368463688071339,0.24473659316164748,0.5915787699576391,A
776,train,H,0.68434423,0.14707561,0.16858014,0.48872192233358736,0.31572104987531235,0.19555702779110037,H
777,train,H,0.4266262,0.2312381,0.34213573,0.37140168353051495,0.20254766914266048,0.42605064732682457,H
778,train,A,0.22867312,0.24268325,0.5286436,0.19840530829716221,0.17136851169203976,0.630226180010798,A
779,train,H,0.49542063,0.29780173,0.20677757,0.2953325018808264,0.4752220207848523,0.22944547733432136,H
780,train,D,0.73132557,0.14479043,0.12388402,0.7731671038439513,0.1705815362328203,0.05625135992322858,H
781,train,A,0.20644298,0.23500821,0.5585488,0.22164120779553123,0.1966818760362939,0.5816769161681749,A
782,train,D,0.5840234,0.27647865,0.13949792,0.6023975504494894,0.19834991369818855,0.19925253585232214,H
783,train,A,0.6549753,0.17838886,0.16663583,0.6834307763350265,0.17294604907183797,0.14362317459313564,H
784,train,A,0.37721992,0.18425407,0.438526,0.44306172390747234,0.23356943703438146,0.3233688390581461,A
785,train,H,0.7529256,0.11187448,0.13519996,0.6753110856573241,0.20588157409682217,0.11880734024585364,H
786,train,A,0.23094156,0.16466182,0.60439664,0.20677064155955105,0.16694112223007493,0.6262882362103741,A
787,train,A,0.4103465,0.17297909,0.4166744,0.45858629370358084,0.22185118967401818,0.31956251662240087,A
788,train,A,0.14165828,0.1517262,0.7066155,0.08750443960957022,0.19349792675944255,0.7189976336309873,A
789,train,A,0.41823134,0.21986377,0.36190486,0.3422383266050895,0.3049459601281151,0.3528157132667955,H
790,train,D,0.5752534,0.25113913,0.17360745,0.651199404811451,0.20633086815809287,0.14246972703045616,H
791,train,H,0.55205137,0.1746183,0.27333033,0.3889042988432101,0.18558447410603784,0.4255112270507522,H
792,train,A,0.20432319,0.22951263,0.5661642,0.20676962773082513,0.23290083338749223,0.5603295388816827,A
793,train,A,0.47752026,0.2399111,0.28256866,0.5023129090673979,0.2220850945379874,0.2756019963946148,H
794,train,H,0.7604347,0.1195093,0.120056,0.8245375974559733,0.14239982157198502,0.033062580972041636,H
795,train,D,0.42873845,0.30231905,0.26894253,0.4358894125060379,0.2851170656133025,0.2789935218806596,H
796,train,H,0.632914,0.22052626,0.14655975,0.7141263853976725,0.1662500982313992,0.11962351637092823,H
797,train,H,0.4761626,0.2777459,0.24609153,0.5783441513435212,0.22653255958197238,0.1951232890745064,H
798,train,H,0.6950894,0.1584754,0.14643522,0.6997546883688255,0.19722629425666374,0.10301901737451079,H
799,train,H,0.61256754,0.18256156,0.20487085,0.43060741614452563,0.2933451790644568,0.27604740479101764,H
800,train,H,0.47758844,0.2874422,0.23496939,0.4815050828717599,0.3050509718487469,0.21344394527949312,H
801,train,A,0.58788496,0.14987367,0.2622414,0.43345127771220876,0.2786757283752804,0.2878729939125108,H
802,train,H,0.60384685,0.20908685,0.18706633,0.5346551754800376,0.26247008728715754,0.20287473723280483,H
803,train,H,0.8017397,0.10719751,0.09106283,0.7083980081289988,0.1695680368658444,0.12203395500515683,H
804,train,A,0.15335338,0.16694026,0.67970634,0.12327183566891657,0.15988415115284316,0.7168440131782402,A
805,train,A,0.15022938,0.2129454,0.63682526,0.09208789526062343,0.2304127151531298,0.6774993895862469,A
806,train,D,0.34012726,0.25400656,0.40586615,0.2612399482121953,0.20786981818627015,0.5308902336015344,A
807,train,A,0.14326115,0.1913659,0.66537297,0.10802631758220849,0.15761944478582132,0.7343542376319702,A
808,train,D,0.45979297,0.31483224,0.22537485,0.45750420451092144,0.2856387488080929,0.25685704668098563,H
809,train,A,0.4859891,0.26419055,0.24982038,0.6421705305242065,0.21176398085637965,0.1460654886194138,H
810,train,A,0.19659682,0.20395237,0.5994508,0.2684501838126747,0.23710185229686515,0.4944479638904601,A
811,train,D,0.4193714,0.27633634,0.3042923,0.45949374346867794,0.2781759603810867,0.26233029615023545,H
812,train,D,0.38586494,0.33798832,0.27614668,0.3701124880090731,0.2912844376139711,0.3386030743769558,H
813,train,H,0.7856403,0.10015547,0.114204235,0.8841786549608219,0.09315897478096744,0.022662370258210558,H
814,train,D,0.61449623,0.26681483,0.11868893,0.709461886983728,0.20103788686287596,0.08950022615339612,H
815,train,H,0.69606984,0.14542733,0.1585028,0.7287175183495579,0.17636069165532525,0.09492178999511677,H
816,train,A,0.24614136,0.25405088,0.49980772,0.4180170004413514,0.22838419903441984,0.35359880052422865,A
817,train,H,0.7501593,0.14362584,0.106214836,0.794499783547961,0.158357811188341,0.0471424052636981,H
818,train,A,0.24298926,0.23797843,0.5190323,0.2590712180029581,0.19107960921126724,0.5498491727857746,A
819,train,H,0.58957577,0.18926075,0.22116353,0.4764700542069176,0.27673706688903404,0.24679287890404825,H
820,train,A,0.1770577,0.16014077,0.6628015,0.14939111125918844,0.18780086259928483,0.6628080261415267,A
821,train,A,0.36624593,0.20473276,0.42902127,0.3905781032040268,0.20897701981413494,0.40044487698183817,A
822,train,A,0.56073487,0.22677837,0.21248682,0.5527414695766689,0.2618728235875444,0.1853857068357868,H
823,train,H,0.70646054,0.16889684,0.12464262,0.7742044227388523,0.1724126397659294,0.05338293749521832,H
824,train,H,0.47541606,0.20698999,0.31759393,0.4664919577872897,0.23320087827971533,0.300307163932995,H
825,train,H,0.531304,0.2247319,0.24396412,0.5706971394537805,0.26115958819921364,0.16814327234700588,H
826,train,H,0.133717,0.15937713,0.70690584,0.07179519325563721,0.14687131721019464,0.7813334895341681,A
827,train,D,0.3299854,0.2775171,0.3924975,0.21331113649218997,0.25139699532552756,0.5352918681822825,A
828,train,A,0.46380085,0.2444557,0.29174343,0.4201206769277314,0.2536449865744336,0.32623433649783506,H
829,train,A,0.4659444,0.32421044,0.2098452,0.49765037233106096,0.2623667283704064,0.23998289929853267,H
830,train,A,0.23694906,0.19868882,0.56436217,0.3098331993217036,0.2122702799220886,0.4778965207562079,A
831,train,D,0.44483322,0.28288373,0.27228308,0.5038225809472362,0.21853247101744322,0.2776449480353205,H
832,train,H,0.4506511,0.24006417,0.3092847,0.4632703336592172,0.21381107458126644,0.3229185917595163,H
833,train,H,0.5496327,0.2509227,0.19944455,0.604295577690633,0.23294784836595153,0.1627565739434155,H
834,train,A,0.21225765,0.26457024,0.52317214,0.32505363680531485,0.27352233388694974,0.4014240293077354,A
835,train,H,0.60034126,0.21833843,0.1813203,0.5245381853051593,0.2511940312306141,0.2242677834642266,H
836,train,H,0.49187994,0.21045989,0.29766014,0.4999289621803919,0.20068953743129386,0.2993815003883142,H
837,train,D,0.369832,0.2826372,0.3475308,0.3539186602081521,0.2743596867222154,0.3717216530696325,H
838,train,D,0.2903489,0.25848895,0.45116216,0.19156242538146973,0.189929600691248,0.6185079739272823,A
839,train,D,0.24453844,0.3121378,0.44332373,0.28246116920966746,0.25204381099753886,0.46549501979279373,A
840,train,A,0.35474464,0.20635726,0.4388981,0.31562658187046533,0.2691806361668006,0.41519278196273407,A
841,train,H,0.62387764,0.2221415,0.15398085,0.5824616790058647,0.25376329712512435,0.16377502386901102,H
842,train,D,0.17120245,0.27893573,0.5498618,0.2215006444068124,0.1907446251634344,0.5877547304297532,A
843,train,H,0.73181045,0.17958875,0.08860076,0.7598650269475522,0.18779008389651408,0.05234488915593378,H
844,train,H,0.7391516,0.13357385,0.12727456,0.7871798722860024,0.16207273711514242,0.05074739059885511,H
845,train,H,0.7318186,0.15686584,0.111315526,0.6855918548755255,0.2037203158283665,0.110687829296108,H
846,train,D,0.38927495,0.34498492,0.26574013,0.32501984131583994,0.23293905171615092,0.44204110696800925,H
847,train,A,0.21076456,0.24369405,0.5455414,0.2199116745195534,0.2791554640561494,0.5009328614242972,A
848,train,H,0.6780965,0.17326912,0.1486344,0.5490056798213714,0.25855044476167066,0.19244387541695798,H
849,train,H,0.72047246,0.14437151,0.13515602,0.7079081863417741,0.20322221506650107,0.08886959859172477,H
850,train,A,0.25758427,0.19424568,0.54817003,0.2953241110263334,0.2511371808413819,0.45353870813228464,A
851,train,H,0.78279924,0.12689377,0.09030702,0.8899441773325586,0.08851458261700679,0.021541240050434618,H
852,train,H,0.43943018,0.22121787,0.33935198,0.40350663102426415,0.29768672786019046,0.29880664111554534,H
853,train,A,0.4226155,0.20554799,0.37183657,0.43958866482425724,0.2008376674749294,0.3595736677008134,H
854,train,D,0.19857761,0.25781444,0.54360795,0.1933407360692797,0.16024115671720007,0.6464181072135202,A
855,train,H,0.7773281,0.098072104,0.124599814,0.6622959103867662,0.19362709922513663,0.14407699038809713,H
856,train,D,0.54491895,0.28082314,0.17425792,0.534850561800641,0.24525678952949745,0.21989264866986158,H
857,train,H,0.75035733,0.1466089,0.1030337,0.7578930874186505,0.1631608515401984,0.0789460610411511,H
858,train,A,0.31188947,0.21733588,0.47077468,0.3319802505623253,0.22091301117281734,0.44710673826485736,A
859,train,A,0.5024864,0.25827214,0.23924147,0.4189984027929588,0.31187618496515906,0.2691254122418821,H
860,train,H,0.62716377,0.1943996,0.17843662,0.638553463537603,0.21586535620487718,0.14558118025751984,H
861,train,A,0.22310375,0.23376596,0.54313034,0.29710810781201374,0.2756360045811782,0.42725588760680805,A
862,train,D,0.27511027,0.23499759,0.48989207,0.37953354537647976,0.21023069128705207,0.4102357633364681,A
863,train,A,0.2678118,0.19368342,0.5385048,0.3575732312928923,0.2500835773263468,0.39234319138076096,A
864,train,H,0.7500102,0.1282077,0.121782124,0.8954921419754563,0.09122898820334022,0.013278869821203522,H
865,train,H,0.51080364,0.2039031,0.28529328,0.43151041811743013,0.19812966737861717,0.3703599145039528,H
866,train,H,0.36759752,0.23289753,0.39950493,0.2813977278410132,0.3611827293347473,0.3574195428242395,A
867,train,D,0.18137905,0.18698382,0.6316371,0.17219627140234123,0.17502634192661728,0.6527773866710415,A
868,train,H,0.19681685,0.2754385,0.52774465,0.16079201309662192,0.20225194258295523,0.6369560443204229,A
869,train,A,0.68640345,0.16691418,0.14668235,0.6871896839823759,0.19628917964207057,0.1165211363755535,H
870,train,H,0.7212326,0.17200519,0.1067622,0.8821165737232104,0.09747567994772047,0.02040774632906921,H
871,train,H,0.21332557,0.20556754,0.5811069,0.1090898263826312,0.19560970912021333,0.6953004644971555,A
872,train,A,0.5321998,0.20961905,0.25818118,0.536091988032227,0.24096762993547352,0.2229403820322995,H
873,train,H,0.71495974,0.13883062,0.14620964,0.7237609865553309,0.16896982187372003,0.107269191570949,H
874,train,H,0.31117186,0.2621432,0.42668495,0.348180223209923,0.28022464646693135,0.3715951303231456,A
875,train,H,0.69227666,0.15732357,0.15039973,0.5804393601265309,0.21438219169549733,0.20517844817797184,H
876,train,D,0.52405435,0.30958834,0.16635728,0.6749078410467337,0.2132628132021113,0.11182934575115495,H
877,train,D,0.24547344,0.15686278,0.59766376,0.1953832330379156,0.15644385202586641,0.648172914936218,A
878,train,H,0.73407316,0.14407648,0.12185036,0.65205110458592,0.2207121416029409,0.12723675381113922,H
879,train,H,0.4361511,0.24587938,0.31796956,0.381980740918578,0.247641614594627,0.3703776444867951,H
880,train,A,0.30005106,0.22690873,0.4730402,0.2615002563000539,0.22748706186988152,0.5110126818300645,A
881,train,A,0.25162202,0.22614396,0.5222341,0.2619682775529591,0.2780032143488921,0.4600285080981487,A
882,train,H,0.41767025,0.24840544,0.33392426,0.3800765965286415,0.25511013427927215,0.3648132691920863,H
883,train,D,0.501505,0.30848068,0.19001435,0.6320684216023252,0.20427043707856243,0.16366114131911236,H
884,train,H,0.66338414,0.18229897,0.15431687,0.5864753876629298,0.25579437907369035,0.1577302332633798,H
885,train,A,0.24665803,0.2685178,0.4848242,0.220946272879727,0.2341367192532096,0.5449170078670633,A
886,train,A,0.47930706,0.26320547,0.25748742,0.508261322928954,0.2774190248965935,0.2143196521744525,H
887,train,A,0.27325454,0.24527964,0.4814658,0.34099369677041647,0.24643649708563095,0.4125698061439526,A
888,train,A,0.49871194,0.2248262,0.2764618,0.4621554394470079,0.26270037971898125,0.27514418083401093,H
889,train,H,0.44312856,0.26722187,0.28964964,0.42212626190255775,0.2757532019289737,0.30212053616846857,H
890,train,H,0.76429826,0.12865473,0.107047066,0.8210529825264342,0.13086102292153054,0.048085994552035174,H
891,train,H,0.62593305,0.2050408,0.16902614,0.6172595699320012,0.20512874317088456,0.17761168689711435,H
892,train,H,0.345087,0.18790849,0.46700448,0.3762702963656056,0.249403318477369,0.3743263851570253,A
893,train,H,0.5870392,0.21333474,0.19962609,0.511772892970922,0.2729788697747645,0.21524823725431352,H
894,train,A,0.43117934,0.2771972,0.2916235,0.45047551341752085,0.31345715435121346,0.2360673322312657,H
895,train,D,0.27288884,0.24351431,0.48359683,0.22898063606243235,0.23758755378706892,0.5334318101504988,A
896,train,H,0.38511285,0.21222307,0.40266407,0.407431416000794,0.24403828938561292,0.3485302946135931,A
897,train,H,0.76988566,0.111770876,0.11834344,0.7925790070784764,0.13088307436303487,0.07653791855848883,H
898,train,D,0.6346119,0.21752232,0.14786576,0.7928982915178145,0.15410513681919727,0.052996571662988136,H
899,train,D,0.45804057,0.27871644,0.263243,0.45708357512141484,0.27747977625493286,0.26543664862365224,H
900,train,A,0.15010265,0.16032653,0.6895708,0.1307662885305559,0.1798295105768106,0.6894042008926337,A
901,train,H,0.5677715,0.2526684,0.17956008,0.4518828092019933,0.24365339671370514,0.3044637940843016,H
902,train,H,0.47934464,0.16809985,0.35255548,0.24348872377788,0.1945085593033493,0.5620027169187708,H
903,train,H,0.6293562,0.22073604,0.14990774,0.5514147146354559,0.23147964587137662,0.21710563949316755,H
904,train,A,0.5078896,0.2599343,0.23217602,0.6137657496411273,0.23639975308231098,0.14983449727656173,H
905,train,H,0.5727571,0.25071082,0.17653206,0.47281174421717537,0.2827873372395824,0.2444009185432423,H
906,train,H,0.6717761,0.1875332,0.14069065,0.7364511445069472,0.18633495454037008,0.0772139009526827,H
907,train,A,0.17753422,0.19102001,0.63144577,0.09414251340875958,0.16593892417597406,0.7399185624152663,A
908,train,H,0.31521297,0.2094795,0.4753075,0.2797702846032758,0.193740911956567,0.5264888034401572,A
909,train,A,0.579202,0.2098368,0.2109612,0.611159528142481,0.25663285542664355,0.13220761643087553,H
910,train,H,0.51189387,0.16717383,0.3209323,0.3846077231266072,0.2682884188100156,0.3471038580633773,H
911,train,D,0.65038514,0.23687452,0.112740375,0.692897205536614,0.19672362103088803,0.11037917343249806,H
912,train,A,0.20420638,0.20378464,0.592009,0.20012738466299568,0.16257956165196077,0.6372930536850436,A
913,train,A,0.72248006,0.13949475,0.13802525,0.8032154207728676,0.14967477968906898,0.047109799538063296,H
914,train,H,0.29860282,0.24371657,0.4576806,0.2778085052247007,0.24308439323454684,0.47910710154075253,A
915,train,D,0.43612736,0.3389849,0.22488774,0.4737204077737498,0.2391892332437711,0.28709035898247914,H
916,train,H,0.5489114,0.2241297,0.22695887,0.4671872329701154,0.2757539424217008,0.25705882460818386,H
917,train,H,0.43437102,0.23370823,0.33192068,0.46445830473218797,0.24985149275597676,0.28569020251183525,H
918,train,A,0.16878144,0.15328756,0.67793095,0.10274670134588557,0.11493453143787735,0.782318767216237,A
919,train,H,0.48146394,0.27535433,0.2431817,0.478356579248653,0.2487262689638928,0.27291715178745424,H
920,train,A,0.2143469,0.18107586,0.60457724,0.16115528412216765,0.20862780525828703,0.6302169106195453,A
921,train,A,0.24565852,0.26110822,0.4932333,0.3205962388872205,0.28341320765410466,0.39599055345867484,A
922,train,H,0.5191985,0.28728625,0.19351526,0.6062248457818311,0.24495611405922102,0.1488190401589479,H
923,train,D,0.6071143,0.26086724,0.13201848,0.8054218737117664,0.1591865097171067,0.03539161657112686,H
924,train,H,0.62580305,0.13574162,0.2384553,0.4929770991167383,0.26851834823886883,0.23850455264439285,H
925,train,H,0.6793011,0.18826772,0.13243124,0.7306850397776247,0.1738156110037343,0.095499349218641,H
926,train,A,0.244834,0.27641067,0.47875533,0.2960713486436213,0.26386880437564236,0.44005984698073636,A
927,train,D,0.6150213,0.2583968,0.1265819,0.686920057985743,0.2231929307022844,0.08988701131197266,H
928,train,H,0.48867506,0.24472676,0.26659817,0.488637117001569,0.27532070806016096,0.23604217493827023,H
929,train,D,0.28461024,0.25064173,0.46474802,0.4000416573349557,0.2068683396045052,0.39309000306053915,A
930,train,D,0.70580727,0.17383136,0.12036136,0.8004393500653229,0.15001718830926256,0.04954346162541449,H
931,train,A,0.5161329,0.2507973,0.23306976,0.5324996145002096,0.21557380657243302,0.2519265789273574,H
932,train,D,0.52793497,0.2648306,0.20723446,0.6323612224929778,0.2035571189310563,0.164081658575966,H
933,train,H,0.2926922,0.1627716,0.5445362,0.21411893305208898,0.15865062966676427,0.6272304372811468,A
934,train,A,0.24896751,0.21781938,0.5332131,0.2736220196390498,0.3613769534942281,0.36500102686672203,A
935,train,H,0.6694717,0.1821972,0.14833115,0.6819950503576869,0.22819396360318597,0.0898109860391271,H
936,train,H,0.35111076,0.25107574,0.3978135,0.32298574432309896,0.26266404590306147,0.41435020977383946,A
937,train,H,0.42425427,0.2388246,0.3369211,0.34434468510157107,0.29020816278164496,0.3654471521167839,H
938,train,H,0.5485646,0.23148768,0.21994768,0.5182978409642985,0.17976291255000226,0.30193924648569936,H
939,train,A,0.20249672,0.17951576,0.6179875,0.12443142774174766,0.13111957078621742,0.7444490014720349,A
940,train,H,0.5512816,0.18102701,0.26769137,0.439714667811569,0.2655162052471461,0.2947691269412848,H
941,train,A,0.67080855,0.1528266,0.17636481,0.6587980725091134,0.23140043351560763,0.10980149397527898,H
942,train,A,0.37192822,0.21891963,0.40915212,0.3519930990416581,0.26738119953430495,0.38062570142403696,A
943,train,A,0.4837057,0.17830387,0.33799046,0.4559889351276999,0.19140055517914592,0.3526105096931543,H
944,train,H,0.5718367,0.24302906,0.1851342,0.4675709090839116,0.27425168562616764,0.2581774052899206,H
945,train,A,0.17936246,0.16859332,0.65204424,0.18430903192617626,0.1847545137083539,0.6309364543654699,A
946,train,A,0.7607181,0.10718361,0.13209826,0.7582588998203024,0.18313903256416444,0.058602067615533285,H
947,train,H,0.48402297,0.19916216,0.3168149,0.4154761079848822,0.25182913658190553,0.3326947554332122,H
948,train,H,0.6602891,0.19910638,0.1406045,0.7400511797019547,0.1837866363455873,0.07616218395245804,H
949,train,H,0.5133003,0.2348735,0.25182617,0.4438779803266889,0.2087298096130492,0.34739221006026194,H
950,train,A,0.39506608,0.20970629,0.39522764,0.3581387770151881,0.22428261921764717,0.4175786037671648,A
951,train,H,0.75225973,0.15525694,0.09248325,0.8852270897183765,0.09728201863954192,0.01749089164208179,H
952,train,H,0.24586046,0.20078385,0.5533557,0.2602099515110323,0.2417776109115381,0.4980124375774296,A
953,train,H,0.47812143,0.3218026,0.20007601,0.40667263554381594,0.3146373870434128,0.27868997741277113,H
954,train,H,0.31695002,0.21452129,0.4685287,0.1758251788680591,0.16372414142312708,0.6604506797088139,A
955,train,H,0.73701507,0.17381716,0.08916779,0.6683016599387118,0.24237185176258633,0.08932648829870189,H
956,train,H,0.7189602,0.14552258,0.13551718,0.807419325728196,0.12253142459613531,0.07004924967566867,H
957,train,D,0.42954582,0.23651852,0.33393565,0.4652233674198258,0.22821658428151292,0.3065600482986613,H
958,train,D,0.3184266,0.25511712,0.42645627,0.33363346491266727,0.2601232637880748,0.406243271299258,A
959,train,H,0.4510226,0.2542114,0.29476598,0.49160478708647415,0.22334764630373063,0.28504756660979524,H
960,train,A,0.21544918,0.26155174,0.52299905,0.1840821122388043,0.2635378682640435,0.5523800194971522,A
961,train,D,0.21000125,0.26964927,0.5203495,0.22856304135762848,0.22648027891392888,0.5449566797284426,A
962,train,D,0.46357468,0.26758263,0.26884267,0.43997531741362833,0.2811440671973455,0.27888061538902614,H
963,train,H,0.77122647,0.123546876,0.10522669,0.6818222811671645,0.21504824605561262,0.1031294727772228,H
964,train,H,0.45324287,0.31379512,0.23296197,0.4142032983770194,0.2924582680994669,0.2933384335235137,H
965,train,A,0.22312108,0.23008342,0.5467955,0.1811477551758905,0.20094404859372067,0.6179081962303888,A
966,train,D,0.22287226,0.2638416,0.5132862,0.20755814447797824,0.25327405650882484,0.5391677990131969,A
967,train,D,0.6040198,0.23085381,0.16512635,0.5838659147324733,0.22928600143235164,0.18684808383517496,H
968,train,A,0.56693476,0.20747519,0.2255901,0.5433372195803556,0.2022936395365556,0.2543691408830887,H
969,train,H,0.54103446,0.24296735,0.21599816,0.5218858200642869,0.24534616184441482,0.2327680180912983,H
970,train,D,0.38455904,0.36300677,0.25243413,0.292620908586239,0.354115473663392,0.35326361775036885,H
971,train,H,0.3274949,0.14772499,0.5247801,0.22282111081066752,0.15763360962511994,0.6195452795642126,A
972,train,A,0.19300371,0.17830034,0.6286959,0.14682882049306362,0.16192725613212727,0.6912439233748091,A
973,train,H,0.7757543,0.14480625,0.0794395,0.8312118669299111,0.127768167339137,0.04101996573095193,H
974,train,H,0.7864002,0.11325353,0.100346304,0.9015943790280565,0.08667442385172038,0.011731197120223132,H
975,train,H,0.7363511,0.11824435,0.14540456,0.6992671799142871,0.17573237150886153,0.12500044857685141,H
976,train,D,0.48880458,0.32259306,0.18860242,0.572628912408631,0.2713734715478342,0.1559976160435348,H
977,train,A,0.2640399,0.2150819,0.5208782,0.28362539818626786,0.22918740636611565,0.4871871954476165,A
978,train,H,0.64019394,0.18738912,0.17241691,0.6431615585108279,0.21252221206841115,0.14431622942076092,H
979,train,D,0.27626714,0.29264018,0.43109265,0.29335066765654993,0.21366224161002795,0.49298709073342223,A
980,train,D,0.245044,0.24811816,0.50683784,0.25862624314330696,0.21650748179549617,0.524866275061197,A
981,train,D,0.51105565,0.27649096,0.21245338,0.5732956208474694,0.24373760094573088,0.18296677820679969,H
982,train,A,0.23131275,0.20884512,0.5598421,0.16731883447453114,0.2044466057122616,0.6282345598132072,A
983,train,H,0.424689,0.3035313,0.27177972,0.4529610187029352,0.24969225393315653,0.2973467273639083,H
984,train,D,0.50452125,0.30391747,0.19156131,0.4679940679142266,0.2936756678702292,0.23833026421554426,H
985,train,A,0.43329877,0.2479105,0.31879073,0.4052520466395272,0.25910849730093954,0.3356394560595333,H
986,train,H,0.57428885,0.26996323,0.15574789,0.5236919697670384,0.28032065176177634,0.1959873784711853,H
987,train,A,0.15304732,0.19850186,0.6484508,0.16231611436331644,0.23954889205765062,0.598134993579033,A
988,train,H,0.45184952,0.23125279,0.31689775,0.3596461388398609,0.29202704916559485,0.3483268119945443,H
989,train,H,0.7730181,0.12787251,0.099109314,0.8876617639878241,0.09638950386203274,0.01594873215014312,H
990,train,A,0.55996275,0.21019356,0.22984368,0.6585299221913099,0.2080157868582831,0.13345429095040706,H
991,train,H,0.7845491,0.12272925,0.09272163,0.8920927134909209,0.0929664784958117,0.014940808013267552,H
992,train,A,0.24481128,0.23151939,0.5236693,0.37086829701233365,0.20803997368851207,0.4210917292991543,A
993,train,H,0.5707903,0.21814589,0.21106382,0.5703107208361496,0.22997858782727978,0.1997106913365706,H
994,train,A,0.5073175,0.1919127,0.30076978,0.6132925850761172,0.19159675123679878,0.19511066368708402,H
995,train,A,0.49892822,0.20554626,0.29552546,0.5751243150250397,0.20452602666556435,0.22034965830939596,H
996,train,A,0.20898168,0.24083461,0.5501837,0.21103773590292682,0.19133223767064658,0.5976300264264266,A
997,train,A,0.35277873,0.22341093,0.4238104,0.4181009990657104,0.2840174389618097,0.29788156197247995,A
998,train,A,0.15414982,0.22445637,0.62139386,0.19156859222579511,0.23897168484884052,0.5694597229253644,A
999,train,A,0.14567092,0.14953165,0.70479745,0.04080464063920744,0.09215665787714311,0.8670387014836495,A
1000,train,A,0.2850964,0.26529628,0.44960728,0.24654364710479307,0.20574417320201865,0.5477121796931883,A
1001,train,D,0.71769303,0.16962211,0.11268486,0.8967192431306408,0.0873934947169055,0.015887262152453827,H
1002,train,D,0.4919453,0.34944418,0.15861045,0.6764496458487523,0.23005874573188187,0.09349160841936585,H
1003,train,H,0.33678705,0.25746372,0.40574923,0.40748227246449265,0.2578858239058,0.3346319036297074,A
1004,train,A,0.6604011,0.15131652,0.18828236,0.6014145608676896,0.24846461681718915,0.15012082231512125,H
1005,train,A,0.2667247,0.19960286,0.53367245,0.23944510040862133,0.21217165872487906,0.5483832408664996,A
1006,train,A,0.21019001,0.23450239,0.55530757,0.21219890403620054,0.20561739550760946,0.58218370045619,A
1007,train,D,0.47047195,0.2641151,0.26541293,0.5267718794510012,0.2507601025512579,0.222468017997741,H
1008,train,H,0.765608,0.13184704,0.102544874,0.8943030147166156,0.08651161605030111,0.019185369233083453,H
1009,train,H,0.7421643,0.14455001,0.113285705,0.8669315378582477,0.10223769650815756,0.030830765633594607,H
1010,train,H,0.7212871,0.15126656,0.12744641,0.8384664591236471,0.10896741227279273,0.052566128603560205,H
1011,train,H,0.6827015,0.1687962,0.14850232,0.7382617087952069,0.16845252464614477,0.09328576655864823,H
1012,train,A,0.1586282,0.15341665,0.68795514,0.08902654957165895,0.16178426099981666,0.7491891894285244,A
1013,train,D,0.5298025,0.30635813,0.16383941,0.5504274334170445,0.21328859200895656,0.2362839745739989,H
1014,train,H,0.51873577,0.2985887,0.18267554,0.5093308272864793,0.3339020640802569,0.15676710863326382,H
1015,train,A,0.72456735,0.122953095,0.15247956,0.7442094993493007,0.16223057528297838,0.09355992536772091,H
1016,train,H,0.5782035,0.2031558,0.21864071,0.6810241760711836,0.21315330949010386,0.10582251443871253,H
1017,train,H,0.47733462,0.22057028,0.30209503,0.363303551258799,0.2628162861467962,0.3738801625944048,H
1018,train,D,0.44548836,0.2742417,0.28026998,0.44269980582180024,0.3605634441518856,0.1967367500263142,H
1019,train,A,0.4340878,0.21466456,0.35124764,0.5046490163639417,0.2295382214882616,0.26581276214779676,H
1020,train,H,0.37592304,0.2561819,0.3678951,0.3921529238732902,0.22202092150175934,0.3858261546249505,H
1021,train,A,0.2515088,0.1814624,0.5670288,0.17185489926777528,0.21146388425136448,0.6166812164808602,A
1022,train,H,0.58110976,0.23478764,0.18410264,0.6453195723491632,0.2508166036691113,0.10386382398172542,H
1023,train,A,0.13491973,0.18518874,0.6798915,0.10668834082457242,0.20388425798888532,0.6894274011865423,A
1024,train,H,0.7602343,0.10023757,0.13952814,0.6768471720764154,0.18804055758998922,0.1351122703335954,H
1025,train,A,0.18929702,0.16962625,0.6410767,0.17746640196802474,0.24461794099709386,0.5779156570348815,A
1026,train,H,0.6852819,0.191049,0.123669155,0.8006522951939383,0.15047769403892372,0.04887001076713781,H
1027,train,A,0.10543738,0.15333304,0.7412296,0.04838392344600568,0.14085886790503904,0.8107572086489553,A
1028,train,H,0.8319237,0.091531835,0.076544404,0.9046553375822222,0.07437138752254661,0.020973274895231243,H
1029,train,D,0.5198427,0.27814192,0.2020154,0.7316390131830194,0.2001792909378236,0.06818169587915708,H
1030,train,D,0.429946,0.27677354,0.29328042,0.3902364819270351,0.2894041934050656,0.3203593246678993,H
1031,train,H,0.73208696,0.124518275,0.14339483,0.7489785751822838,0.16662586361885973,0.08439556119885644,H
1032,train,H,0.42868873,0.22655238,0.34475884,0.4228810574604332,0.24640373616769176,0.33071520637187507,H
1033,train,A,0.5714013,0.18026407,0.24833457,0.709299432421503,0.18016339599164147,0.11053717158685564,H
1034,train,H,0.6311494,0.2050906,0.16376,0.6205983017751802,0.2157077745659199,0.1636939236588999,H
1035,train,D,0.35850438,0.3901236,0.25137204,0.5723153803413401,0.24527428023794773,0.18241033942071222,D
1036,train,D,0.41051492,0.352004,0.23748113,0.6670019933266782,0.25108985073331574,0.08190815594000603,H
1037,train,H,0.4120135,0.22355632,0.36443016,0.3331828522593032,0.2876984022320828,0.37911874550861396,H
1038,train,H,0.5103264,0.27801266,0.21166095,0.5300010761865767,0.24150055736834572,0.22849836644507768,H
1039,train,H,0.27772933,0.2288561,0.49341455,0.22194672615420544,0.26158399628333634,0.5164692775624581,A
1040,train,H,0.3690199,0.19023864,0.44074148,0.2587985111892275,0.20302364855193997,0.5381778402588325,A
1041,train,D,0.53802866,0.2790997,0.18287162,0.39204366885332614,0.286350788037468,0.32160554310920586,H
1042,train,D,0.29492003,0.28002113,0.42505887,0.4183583167440098,0.3197721505097827,0.26186953274620745,A
1043,train,H,0.6690453,0.18138666,0.14956804,0.6863597374987876,0.2374356145604276,0.07620464794078473,H
1044,train,H,0.49106678,0.2722415,0.23669173,0.5240733368573013,0.21360151580884962,0.262325147333849,H
1045,train,D,0.24965881,0.28503168,0.46530944,0.2398353955384124,0.26036908140687315,0.4997955230547144,A
1046,train,D,0.44529548,0.3605454,0.19415908,0.6827986049371759,0.22962782779206412,0.08757356727075984,H
1047,train,H,0.59591913,0.23234327,0.1717376,0.602656475656578,0.2397481257111242,0.15759539863229777,H
1048,train,D,0.38290802,0.26021218,0.3568798,0.32728480491412065,0.21764740669413266,0.4550677883917467,H
1049,train,D,0.16963996,0.27350548,0.5568546,0.20389235456176447,0.23839145486829613,0.5577161905699394,A
1050,train,H,0.73845524,0.12600715,0.13553762,0.7098727596532101,0.20113962507456384,0.08898761527222608,H
1051,train,H,0.7309807,0.16263926,0.10638004,0.7823006649504614,0.14011020015250805,0.07758913489703062,H
1052,train,D,0.34161046,0.4807438,0.17764574,0.5445398634743757,0.2278449026840387,0.22761523384158566,D
1053,train,H,0.55195487,0.27112836,0.17691678,0.5019683688664245,0.207764654389579,0.2902669767439965,H
1054,train,D,0.26771447,0.3108649,0.4214206,0.2757589815675085,0.27557459955074953,0.448666418881742,A
1055,train,D,0.4581848,0.40071002,0.14110515,0.6766593245071807,0.20101113532533804,0.1223295401674813,H
1056,train,H,0.31805778,0.21774192,0.4642003,0.26788891124804487,0.20912253263276623,0.5229885561191889,A
1057,train,D,0.37798566,0.29374656,0.32826778,0.40490543473223267,0.21938813833567136,0.37570642693209605,H
1058,train,H,0.84348905,0.092331216,0.064179756,0.8999712090288696,0.07817424688663563,0.021854544084494817,H
1059,train,D,0.26801667,0.2798411,0.4521422,0.2873377279062278,0.20537665426555693,0.5072856178282154,A
1060,train,H,0.7084064,0.18188956,0.109704055,0.815825181594773,0.1452099982807825,0.03896482012444452,H
1061,train,H,0.48172057,0.19051802,0.3277614,0.3634494345516593,0.25753994944120756,0.37901061600713315,H
1062,train,H,0.7911035,0.12974648,0.079150036,0.9135914261347418,0.07889650811823246,0.007512065747025718,H
1063,train,D,0.56018955,0.29266387,0.14714654,0.6929448922746765,0.19621006330647478,0.11084504441884874,H
1064,train,A,0.15904768,0.28973556,0.5512168,0.15662270970758638,0.20944529608518253,0.6339319942072311,A
1065,train,A,0.14509729,0.14279112,0.71211165,0.06369178955894997,0.12501356723732296,0.8112946432037271,A
1066,train,H,0.56738925,0.23254389,0.2000669,0.5399638965047572,0.2347276219038022,0.2253084815914407,H
1067,train,A,0.351754,0.19425409,0.4539919,0.36519084746398944,0.23266238488782795,0.4021467676481826,A
1068,train,H,0.34816882,0.21439484,0.43743637,0.3371306389886545,0.2561575334604972,0.4067118275508483,A
1069,train,A,0.43752763,0.22777307,0.3346993,0.40771294548946035,0.2392470358584868,0.35304001865205287,H
1070,train,D,0.24265942,0.38478312,0.37255746,0.30285703933607333,0.2722781160584728,0.4248648446054539,D
1071,train,D,0.23820539,0.25560227,0.5061923,0.2352842018820202,0.27842743036811024,0.4862883677498696,A
1072,train,H,0.7043755,0.1692341,0.12639037,0.6988215813410743,0.18414002832423396,0.11703839033469171,H
1073,train,D,0.35303065,0.26718187,0.3797875,0.29332336450648455,0.23043018653244424,0.47624644896107116,A
1074,train,H,0.5828601,0.21544757,0.20169228,0.6379007407290185,0.21045810023361006,0.1516411590373716,H
1075,train,D,0.20293137,0.25688368,0.5401849,0.21803570666281652,0.19382175111923722,0.5881425422179462,A
1076,train,H,0.766584,0.114070095,0.11934594,0.9122224746536858,0.07410975434529646,0.013667771001017872,H
1077,train,H,0.5447835,0.18633841,0.2688781,0.524400320957808,0.21863724329396345,0.25696243574822847,H
1078,train,D,0.3729335,0.26956016,0.35750636,0.3297806964506192,0.2587102148301418,0.411509088719239,H
1079,train,A,0.6803392,0.16807257,0.15158819,0.7924367943350294,0.15154580067961823,0.05601740498535227,H
1080,train,A,0.7294009,0.14962684,0.12097228,0.8519634916858926,0.11577958448625417,0.03225692382785319,H
1081,train,A,0.50129306,0.24421626,0.25449064,0.5214962223550501,0.23692366755793778,0.24158011008701205,H
1082,train,H,0.53402954,0.28955358,0.17641684,0.5775665137104156,0.2370940840699693,0.18533940221961523,H
1083,train,A,0.356904,0.17845525,0.4646408,0.29314544469536036,0.21001832702104736,0.49683622828359214,A
1084,train,A,0.37875658,0.18886292,0.4323805,0.38409493811517154,0.23865796489419663,0.3772470969906318,A
1085,train,A,0.18684067,0.15371704,0.6594423,0.16116389385489846,0.19823592166725754,0.6406001844778441,A
1086,train,H,0.7168781,0.13538328,0.1477386,0.7427421254653943,0.18371831150075163,0.07353956303385412,H
1087,train,H,0.45489275,0.25444934,0.29065788,0.36684233844312314,0.25659562604469277,0.37656203551218415,H
1088,train,H,0.48735207,0.24363314,0.26901478,0.39622816155861296,0.283629093994082,0.32014274444730495,H
1089,train,A,0.22108349,0.19046544,0.5884511,0.17558104615507603,0.18822302158424736,0.6361959322606767,A
1090,train,H,0.7784876,0.13538003,0.08613239,0.7870432512950158,0.16117793024539362,0.05177881845959052,H
1091,train,H,0.32860947,0.2885054,0.3828851,0.3065669821488436,0.30941373787412413,0.38401927997703234,A
1092,train,H,0.2262933,0.17728372,0.596423,0.1236626320675584,0.18563253541298566,0.6907048325194559,A
1093,train,H,0.78007454,0.09924108,0.12068443,0.7914446356283951,0.148268804795983,0.06028655957562201,H
1094,train,A,0.44882733,0.25940928,0.29176337,0.44400171071703254,0.24343988294270352,0.31255840634026405,H
1095,train,A,0.15956128,0.1498118,0.6906269,0.128448367022456,0.18172616689615093,0.6898254660813931,A
1096,train,D,0.6421108,0.20196699,0.15592217,0.69487033350248,0.19536772735138813,0.10976193914613191,H
1097,train,H,0.5274134,0.25091866,0.22166792,0.3686579703157895,0.2810899003065895,0.35025212937762085,H
1098,train,D,0.428988,0.26949507,0.3015169,0.4558586036088883,0.23982982222951238,0.3043115741615995,H
1099,train,D,0.628733,0.24660252,0.124664545,0.6866756922829115,0.23308289926126582,0.08024140845582262,H
1100,train,H,0.7223012,0.1511884,0.1265104,0.7956403276676666,0.15179754079216698,0.05256213154016643,H
1101,train,D,0.22778694,0.23102556,0.5411875,0.16969894010939834,0.19599405219560076,0.6343070076950008,A
1102,train,H,0.6040781,0.25145647,0.14446545,0.5967649517733025,0.24503978961404893,0.15819525861264855,H
1103,train,H,0.36491343,0.25324592,0.3818407,0.36796065704675723,0.2318973047436253,0.40014203820961747,A
1104,train,A,0.1523308,0.15237322,0.69529593,0.038209165255534486,0.09127857223238087,0.8705122625120847,A
1105,train,A,0.2500901,0.21551038,0.5343995,0.19179765993205378,0.19435965512769804,0.6138426849402482,A
1106,train,H,0.4627408,0.24191895,0.29534027,0.46902346581185955,0.24875316500558184,0.28222336918255847,H
1107,train,D,0.28963044,0.29190746,0.41846213,0.36656949615001333,0.31406657820127376,0.31936392564871285,A
1108,train,H,0.7457153,0.14832877,0.105955906,0.8418295547405064,0.12406516146745393,0.0341052837920397,H
1109,train,D,0.4643168,0.27733546,0.25834775,0.48518462948210755,0.22754018522599226,0.2872751852919,H
1110,train,A,0.17272985,0.16510469,0.6621655,0.14603935999969664,0.1453261981598561,0.7086344418404472,A
1111,train,H,0.8167186,0.1052848,0.07799657,0.9064348810247994,0.07808959178974358,0.015475527185457047,H
1112,train,A,0.27993423,0.16974188,0.5503239,0.27872258123616145,0.2558785790878303,0.46539883967600815,A
1113,train,H,0.24936895,0.2162461,0.53438497,0.278380238451678,0.3013693756840104,0.4202503858643117,A
1114,train,H,0.65040576,0.2243188,0.12527539,0.5471681507981497,0.2898042826553343,0.16302756654651593,H
1115,train,H,0.75919884,0.106314115,0.13448706,0.7415458222083469,0.15457018521073249,0.1038839925809207,H
1116,train,H,0.32751724,0.2641651,0.40831766,0.316521254007389,0.22121273425724938,0.46226601173536164,A
1117,train,A,0.4125822,0.24939895,0.33801886,0.3269589830311104,0.24843930163925515,0.42460171532963453,H
1118,train,H,0.5509285,0.24718855,0.20188299,0.6386020030191726,0.23168261846437785,0.12971537851644957,H
1119,train,A,0.117836185,0.15348397,0.72867984,0.08520382300417828,0.13485229402361482,0.7799438829722068,A
1120,train,D,0.58352214,0.22209758,0.1943803,0.7060639787945742,0.163869010469831,0.13006701073559487,H
1121,train,A,0.2013585,0.23467572,0.5639658,0.2108359723776309,0.19838392311250733,0.5907801045098617,A
1122,train,H,0.5536088,0.27785996,0.16853127,0.6106985012264058,0.28411267860869677,0.10518882016489747,H
1123,train,H,0.5854845,0.23337984,0.18113562,0.6342000930339868,0.26113177918511615,0.10466812778089706,H
1124,train,A,0.27918687,0.21815282,0.50266033,0.3314209751388409,0.2487993609349031,0.41977966392625604,A
1125,train,A,0.21597867,0.25279528,0.53122604,0.2661293224396273,0.28234726332041404,0.4515234142399586,A
1126,train,D,0.40361345,0.19538893,0.40099767,0.43457916905068306,0.21154132110374807,0.3538795098455689,H
1127,train,A,0.157119,0.31700408,0.52587694,0.10490600163299482,0.21398446500473584,0.6811095333622693,A
1128,train,A,0.42409715,0.21116838,0.3647345,0.45306618696567996,0.270864699247749,0.27606911378657106,H
1129,train,H,0.58077455,0.211513,0.20771247,0.3946758485482856,0.23938066438569833,0.3659434870660161,H
1130,train,H,0.6876532,0.21557643,0.09677044,0.8857646197546245,0.08849417451080355,0.025741205734571764,H
1131,train,A,0.32764,0.1587047,0.5136553,0.3299282576607224,0.15854885301237293,0.5115228893269047,A
1132,train,A,0.3413292,0.22204079,0.43663004,0.45593538942207007,0.24646166519492338,0.29760294538300663,A
1133,train,A,0.36625877,0.21224985,0.42149132,0.33465403307170927,0.24573529602369065,0.4196106709046001,A
1134,train,H,0.72248626,0.14146698,0.13604677,0.6642591336812079,0.22548339457544903,0.1102574717433431,H
1135,train,H,0.3890601,0.22502138,0.38591853,0.37885442718045775,0.18907782069882043,0.43206775212072185,H
1136,train,H,0.6395554,0.22689137,0.13355324,0.8455872787525531,0.12759933445849875,0.026813386788948162,H
1137,train,A,0.22777471,0.19128586,0.5809395,0.2233793261407517,0.2806390565618375,0.49598161729741086,A
1138,train,H,0.8298182,0.09194642,0.07823536,0.930696744972306,0.06284174913285617,0.006461505894837811,H
1139,train,A,0.18350652,0.12495148,0.69154197,0.11575371241872284,0.1573146320058256,0.7269316555754516,A
1140,val,H,0.69025373,0.18252693,0.1272193,0.6294957125017554,0.2513801819989819,0.11912410549926275,H
1141,val,H,0.8236697,0.10428195,0.072048314,0.9072610018486927,0.07858157890463152,0.014157419246675698,H
1142,val,A,0.39481956,0.19997185,0.40520862,0.3288858101361683,0.2338820333052317,0.43723215655860004,A
1143,val,A,0.24589811,0.16403,0.59007186,0.10607071896640555,0.24314323504099175,0.6507860459926027,A
1144,val,H,0.77353364,0.1108982,0.115568146,0.8017510202282984,0.15154892329698053,0.04670005647472103,H
1145,val,D,0.4009443,0.2540351,0.34502062,0.33419923917519556,0.2335541343357789,0.4322466264890255,H
1146,val,A,0.2667504,0.27690667,0.45634294,0.3170321780390922,0.2838818962035618,0.399085925757346,A
1147,val,H,0.26214373,0.26377273,0.47408357,0.3066155933460199,0.23467981201130564,0.4587045946426745,A
1148,val,A,0.23601794,0.26872656,0.49525544,0.18510102531247402,0.21458943810340883,0.6003095365841171,A
1149,val,D,0.23970649,0.25028965,0.51000386,0.2024590530108425,0.2235423380136016,0.5739986089755559,A
1150,val,A,0.15833528,0.31366524,0.5279995,0.320686267084598,0.31795322851801516,0.3613605043973868,A
1151,val,H,0.40046296,0.23357569,0.36596134,0.5386491338980842,0.21071886282432883,0.25063200327758695,H
1152,val,A,0.5161363,0.22350204,0.26036164,0.6004774677696977,0.2085704048764126,0.19095212735388972,H
1153,val,H,0.5889159,0.19603263,0.21505149,0.6099224388722179,0.20671074919321542,0.1833668119345666,H
1154,val,H,0.7989458,0.13302271,0.068031505,0.9706509818686335,0.021161444242451852,0.008187573888914562,H
1155,val,A,0.21843229,0.17611021,0.6054575,0.2577547687634876,0.2731080686272675,0.46913716260924504,A
1156,val,H,0.6772773,0.1882669,0.13445577,0.6573992620335336,0.21059063705581318,0.1320101009106532,H
1157,val,D,0.20747371,0.28660205,0.5059242,0.2356569910249736,0.2584715965713808,0.5058714124036456,A
1158,val,H,0.7297394,0.15347871,0.11678182,0.8203539391369867,0.1437665475625947,0.0358795133004186,H
1159,val,A,0.25286824,0.29589832,0.45123348,0.28873306408579114,0.2963393297299155,0.4149276061842933,A
1160,val,D,0.74595386,0.14015108,0.11389499,0.8605871436372317,0.10555498228903597,0.03385787407373235,H
1161,val,H,0.5626366,0.23565608,0.20170732,0.6193649990699011,0.2339844704566439,0.14665053047345505,H
1162,val,A,0.39728805,0.2997221,0.30298984,0.2710871412217756,0.26648424347931876,0.46242861529890555,H
1163,val,D,0.45546305,0.23560691,0.30893004,0.462156893744503,0.262644974141381,0.275198132114116,H
1164,val,A,0.24688119,0.2442899,0.50882894,0.22212683796027427,0.2257960067772867,0.5520771552624391,A
1165,val,D,0.5245641,0.21059592,0.26483998,0.6196538459407831,0.19935649748993725,0.18098965656927976,H
1166,val,A,0.112853944,0.17845187,0.70869416,0.10083493736842337,0.18331529555465956,0.715849767076917,A
1167,val,D,0.6694921,0.18643975,0.14406809,0.5730058341886911,0.25438194453612184,0.17261222127518708,H
1168,val,A,0.33134916,0.26103407,0.40761673,0.3404487945479836,0.20978945829612122,0.4497617471558953,A
1169,val,H,0.54101044,0.21687365,0.24211587,0.4823762379723581,0.22889838078807778,0.28872538123956415,H
1170,val,H,0.590334,0.25475165,0.15491441,0.7362758857194956,0.1968371978423205,0.06688691643818374,H
1171,val,A,0.24737883,0.26357502,0.48904613,0.2843036340144497,0.26046531260889894,0.4552310533766514,A
1172,val,D,0.6189948,0.2070068,0.17399842,0.6054545209740865,0.2216319532859356,0.17291352573997792,H
1173,val,D,0.48257884,0.31256327,0.2048579,0.47787673212794035,0.236750727034504,0.28537254083755553,H
1174,val,D,0.5039684,0.2437936,0.25223795,0.5054256113453024,0.26072690002849214,0.23384748862620533,H
1175,val,A,0.76830953,0.14857796,0.083112456,0.8499092570329849,0.12847804441617514,0.021612698550839943,H
1176,val,H,0.7736884,0.11966072,0.10665092,0.900735560618977,0.0879840477960339,0.011280391584989191,H
1177,val,A,0.18422814,0.18323292,0.632539,0.12103452226122205,0.16800791845169769,0.7109575592870802,A
1178,val,A,0.20393892,0.29143608,0.504625,0.26523022977135846,0.24496507733466438,0.48980469289397727,A
1179,val,A,0.21665902,0.27702942,0.50631154,0.2121435676975557,0.2611476868665764,0.5267087454358679,A
1180,val,H,0.5653931,0.22281356,0.21179336,0.7481479073575884,0.18067450381137148,0.07117758883104006,H
1181,val,D,0.27252436,0.24153784,0.4859378,0.31338026351376397,0.24062635629054646,0.4459933801956896,A
1182,val,H,0.3046408,0.21083042,0.48452878,0.39284485022884585,0.23743381678936773,0.36972133298178633,A
1183,val,D,0.40463382,0.2380296,0.35733655,0.4455565387337194,0.22222544585134438,0.33221801541493623,H
1184,val,H,0.74780893,0.12497904,0.127212,0.8488980426483089,0.11268815818527422,0.03841379916641671,H
1185,val,D,0.19090115,0.2198432,0.5892557,0.16788739372264724,0.21530465116505898,0.6168079551122938,A
1186,val,H,0.6620743,0.20327568,0.13465002,0.6988299917127099,0.1819025406291576,0.11926746765813252,H
1187,val,A,0.24816477,0.28336093,0.46847427,0.339393797194022,0.29240078934763747,0.36820541345834046,A
1188,val,D,0.5982822,0.23181632,0.1699015,0.5943018206477007,0.2629493651563942,0.1427488141959051,H
1189,val,D,0.46930236,0.37393007,0.15676758,0.7323874939450662,0.1857198537650244,0.08189265228990933,H
1190,val,H,0.7629525,0.1200172,0.11703023,0.8817494174065906,0.09747302963750908,0.020777552955900412,H
1191,val,D,0.42002288,0.2899907,0.28998643,0.3929866748909149,0.26537297926480924,0.3416403458442759,H
1192,val,H,0.6920323,0.16691165,0.14105612,0.6327217305057113,0.19551456725082558,0.17176370224346307,H
1193,val,H,0.36832365,0.26545858,0.3662178,0.21515233476222445,0.29803158037580213,0.48681608486197336,H
1194,val,D,0.2999951,0.25081143,0.44919348,0.19760988740387225,0.23044727400008044,0.5719428385960473,A
1195,val,A,0.46155027,0.21636258,0.32208708,0.44885626279962165,0.23067974554445775,0.32046399165592054,H
1196,val,A,0.12892222,0.16726822,0.7038096,0.07811110130643377,0.14356325298890968,0.7783256457046566,A
1197,val,D,0.20273875,0.27487713,0.5223841,0.2813516725130893,0.2755256679497,0.4431226595372106,A
1198,val,A,0.55683136,0.21344043,0.2297282,0.4883432190045734,0.19290255497306372,0.31875422602236286,H
1199,val,H,0.50019693,0.2480295,0.2517735,0.6322170587457869,0.20633008599447827,0.16145285525973477,H
1200,val,H,0.6733673,0.20370188,0.122930765,0.9264028430441996,0.06343576596151522,0.010161390994285122,H
1201,val,H,0.48071602,0.27407047,0.24521354,0.5072532226114908,0.23573668676255888,0.2570100906259504,H
1202,val,A,0.12631863,0.17314804,0.70053333,0.12368830547613995,0.1793566387693811,0.6969550557544789,A
1203,val,D,0.2514193,0.25891033,0.48967034,0.2136395551080171,0.259184632999444,0.5271758118925389,A
1204,val,H,0.29850024,0.17659336,0.5249064,0.2925080044000424,0.22332232646335057,0.484169669136607,A
1205,val,H,0.7562461,0.14604366,0.097710304,0.8702173081051314,0.11199464213918316,0.01778804975568543,H
1206,val,H,0.47962058,0.25112328,0.26925617,0.46548297950587475,0.2144494237590385,0.32006759673508656,H
1207,val,D,0.5947272,0.17523648,0.23003635,0.6220927850537312,0.20893167222554454,0.16897554272072415,H
1208,val,H,0.36169538,0.23949936,0.39880526,0.35297167869744134,0.21451327228304135,0.4325150490195172,A
1209,val,D,0.62812257,0.24394672,0.12793076,0.7245384054346603,0.20448467621261524,0.07097691835272456,H
1210,val,H,0.14049459,0.19467273,0.6648327,0.1077448937900487,0.18337000266393352,0.7088851035460179,A
1211,val,A,0.27380046,0.25641212,0.46978748,0.3492586353629818,0.22387133382019836,0.4268700308168198,A
1212,val,A,0.4739346,0.2757802,0.25028524,0.47324602778193214,0.21995617941243872,0.30679779280562924,H
1213,val,H,0.6675039,0.19211157,0.14038453,0.6353424736019938,0.21573112408714484,0.1489264023108614,H
1214,val,A,0.5975968,0.21441366,0.18798956,0.5605757347251551,0.23059893471860174,0.20882533055624317,H
1215,val,A,0.21025208,0.2605536,0.52919436,0.19656464295831583,0.24258652090615151,0.5608488361355326,A
1216,val,H,0.641938,0.2116137,0.14644834,0.5937123895563869,0.2288725669119868,0.17741504353162627,H
1217,val,H,0.65452355,0.24282618,0.10265024,0.7018389401889294,0.21337465491272242,0.08478640489834822,H
1218,val,A,0.13184693,0.1858318,0.68232125,0.06366376139488,0.1578468233189904,0.7784894152861297,A
1219,val,H,0.42578584,0.26077202,0.3134422,0.39719674293813045,0.20605718911911636,0.39674606794275324,H
1220,val,A,0.41572452,0.2451423,0.3391332,0.33492944826274745,0.29450172841268246,0.37056882332457014,H
1221,val,D,0.6885956,0.16997467,0.14142974,0.7476449526909783,0.1632671927851998,0.08908785452382201,H
1222,val,H,0.40744627,0.29669282,0.2958609,0.38528897282089986,0.2526096635518848,0.36210136362721546,H
1223,val,D,0.62922573,0.18582396,0.1849503,0.6883210368264809,0.1871624751561608,0.12451648801735817,H
1224,val,D,0.43031865,0.20326884,0.36641246,0.42299259490558794,0.23533903194033426,0.34166837315407783,H
1225,val,H,0.72448325,0.16112748,0.114389285,0.9403707738094186,0.055682407435434025,0.003946818755147363,H
1226,val,D,0.4216151,0.33081102,0.24757388,0.6227112648611319,0.23627223336118502,0.14101650177768305,H
1227,val,H,0.56525594,0.22554736,0.20919672,0.595587019309309,0.21120081428627893,0.19321216640441208,H
1228,val,H,0.19931704,0.20802845,0.5926545,0.24115371708514266,0.206775715931027,0.5520705669838303,A
1229,val,H,0.27457958,0.25910982,0.46631056,0.31806516422605574,0.2648319120019618,0.41710292377198244,A
1230,val,H,0.17020929,0.1612603,0.6685304,0.12972090777695217,0.1730060781367177,0.6972730140863301,A
1231,val,D,0.4821466,0.2944795,0.22337389,0.5201442648625033,0.282315567735653,0.19754016740184385,H
1232,val,H,0.6774537,0.20545015,0.11709617,0.8238324701325987,0.13980475145945354,0.03636277840794775,H
1233,val,H,0.24631205,0.22441895,0.52926904,0.2573185931700225,0.22131381970625272,0.5213675871237248,A
1234,val,H,0.4678804,0.22091913,0.3112005,0.5236177089513758,0.20868445791445686,0.2676978331341673,H
1235,val,H,0.17646337,0.18540332,0.6381333,0.14010236989945007,0.19190155137711143,0.6679960787234385,A
1236,val,D,0.25948653,0.2595431,0.4809704,0.30927804468806064,0.22223751313942772,0.4684844421725115,A
1237,val,D,0.41723403,0.26649067,0.31627533,0.3923987463285661,0.2903691506646496,0.3172321030067843,H
1238,val,H,0.49904576,0.22133702,0.27961722,0.45649171305744274,0.24171266650022966,0.30179562044232766,H
1239,val,H,0.47027254,0.22071734,0.30901012,0.5346802721491395,0.2266392426309488,0.23868048521991164,H
1240,val,H,0.39071503,0.27586672,0.33341828,0.3176034959111149,0.29569102871888353,0.38670547537000155,H
1241,val,H,0.21922436,0.1651687,0.6156069,0.18080276672621567,0.20486877995113867,0.6143284533226457,A
1242,val,A,0.39945212,0.21183744,0.3887104,0.4354002463089542,0.2150052345599546,0.34959451913109124,H
1243,val,H,0.66187954,0.17716119,0.16095933,0.7607982561140748,0.17157444034858932,0.06762730353733572,H
1244,val,D,0.40323937,0.26730826,0.3294524,0.47634403682301074,0.25224746230410316,0.27140850087288604,H
1245,val,H,0.5274072,0.25792304,0.21466973,0.6011624476596987,0.2320987183516098,0.1667388339886916,H
1246,val,D,0.34685588,0.19299246,0.4601517,0.4038202631374909,0.20746284233766488,0.38871689452484415,A
1247,val,H,0.67127717,0.18307328,0.14564957,0.693125718690605,0.21783577395345557,0.08903850735593938,H
1248,val,A,0.2926006,0.24904768,0.45835176,0.3076413263369792,0.17904271801586027,0.5133159556471605,A
1249,val,A,0.7286727,0.14417493,0.12715238,0.6916653001009239,0.18237030887738334,0.1259643910216927,H
1250,val,H,0.71591794,0.16984807,0.11423396,0.7630329828607776,0.19419576373994005,0.04277125339928229,H
1251,val,D,0.70705396,0.15774196,0.13520409,0.6311065344560817,0.21044237176773217,0.15845109377618624,H
1252,val,A,0.3681338,0.24074443,0.39112175,0.36607505469240914,0.2626670436296811,0.3712579016779098,A
1253,val,D,0.36278966,0.28567782,0.35153258,0.5139760074996065,0.20015670487210063,0.28586728762829294,H
1254,val,A,0.5427537,0.26962936,0.18761699,0.559082703125903,0.23832406143275187,0.20259323544134514,H
1255,val,A,0.24157968,0.22174358,0.53667676,0.15781805728173165,0.2130073965835974,0.6291745461346709,A
1256,val,A,0.6858123,0.17233643,0.14185123,0.7852426047131712,0.14864717892925527,0.06611021635757354,H
1257,val,D,0.25084698,0.26285866,0.48629442,0.2773501549938203,0.23234139154076727,0.49030845346541246,A
1258,val,A,0.124199644,0.18106292,0.69473743,0.03240862389047321,0.11265512380742168,0.854936252302105,A
1259,val,A,0.7257648,0.1561048,0.11813042,0.6643257002411792,0.21286145552515565,0.1228128442336651,H
1260,val,D,0.6371004,0.19301996,0.16987966,0.7912415061665652,0.1469514937270027,0.061807000106432114,H
1261,val,H,0.45262936,0.31951115,0.22785948,0.4765779796426405,0.28515866478326374,0.23826335557409584,H
1262,val,D,0.273953,0.25641325,0.46963373,0.30652269272380855,0.20996493222698312,0.48351237504920835,A
1263,val,H,0.49469766,0.23609076,0.26921165,0.4687421768183915,0.23324975450815982,0.29800806867344865,H
1264,val,A,0.18412651,0.17437679,0.6414967,0.16341254350252965,0.1661453503313319,0.6704421061661385,A
1265,val,A,0.45605937,0.21597007,0.32797056,0.435194832231688,0.2091713855838316,0.3556337821844804,H
1266,val,H,0.51770574,0.21722752,0.2650667,0.5962299836674396,0.21386684549140567,0.18990317084115468,H
1267,val,H,0.49381086,0.24548528,0.2607039,0.6847465073297864,0.1806750310371189,0.13457846163309473,H
1268,val,H,0.652575,0.191128,0.15629692,0.6410161862253175,0.20293820518768407,0.15604560858699842,H
1269,val,D,0.6588154,0.1951246,0.14606003,0.683190317101889,0.2005535128855036,0.1162561700126074,H
1270,val,A,0.536788,0.23037528,0.23283678,0.46387535514750067,0.21416063360656626,0.32196401124593316,H
1271,val,H,0.33227757,0.28439268,0.38332972,0.30954653240276825,0.2916774048888344,0.3987760627083972,A
1272,val,H,0.7231613,0.163626,0.11321273,0.7682418744399343,0.1486656525002863,0.08309247305977946,H
1273,val,H,0.6275432,0.22193162,0.15052514,0.5746035365144847,0.24759042716673277,0.17780603631878256,H
1274,val,H,0.5649792,0.22218484,0.21283592,0.4199068053676147,0.25277630713856886,0.3273168874938164,H
1275,val,H,0.6997978,0.1764399,0.12376228,0.8016669483108548,0.17024563647786803,0.02808741521127718,H
1276,val,D,0.2787468,0.21832678,0.5029264,0.32875528233443896,0.2323684832637215,0.4388762344018396,A
1277,val,A,0.20948829,0.18766992,0.60284185,0.07241330604096823,0.13698422686614173,0.7906024670928901,A
1278,val,H,0.35812035,0.21914965,0.42273006,0.2727912113917121,0.20561195136733249,0.5215968372409555,A
1279,val,H,0.44478482,0.2173446,0.33787054,0.4619424399248797,0.26426372521033187,0.2737938348647884,H
1280,val,H,0.604542,0.22902662,0.16643137,0.7783264629872227,0.18054689202926205,0.04112664498351527,H
1281,val,H,0.306347,0.24650364,0.44714937,0.25988469087379223,0.21956381137545677,0.5205514977507509,A
1282,val,D,0.18677714,0.20316774,0.6100551,0.1722147426623914,0.12977258201546388,0.6980126753221448,A
1283,val,A,0.61154556,0.27028993,0.11816457,0.6905501840170485,0.1887456684901278,0.12070414749282372,H
1284,val,D,0.35349756,0.20517789,0.4413245,0.19238577531554238,0.1622155652035031,0.6453986594809545,A
1285,val,A,0.30945954,0.23284319,0.45769727,0.4255035285480509,0.19669550077839962,0.3778009706735496,A
1286,val,D,0.26141304,0.23238884,0.5061981,0.21515556397929866,0.2245477110085525,0.5602967250121488,A
1287,val,A,0.4798904,0.23303822,0.2870714,0.38428434512118675,0.2320653961645657,0.38365025871424746,H
1288,val,H,0.48817602,0.25467998,0.25714406,0.5246866491124494,0.2749050948531776,0.200408256034373,H
1289,val,D,0.7570931,0.14790764,0.09499933,0.8439666844548218,0.12716383718944269,0.02886947835573539,H
1290,val,D,0.7562864,0.12683538,0.11687824,0.8121961456049946,0.14530386823019084,0.042499986164814506,H
1291,val,H,0.55925983,0.2502962,0.19044396,0.7374830043539614,0.1885407883219759,0.07397620732406278,H
1292,val,H,0.26469323,0.26117483,0.4741319,0.2991469871478209,0.2549826456891805,0.44587036716299855,A
1293,val,A,0.37232107,0.24585417,0.38182476,0.36343539415746495,0.24848646567475197,0.3880781401677831,A
1294,val,A,0.60837406,0.2138329,0.17779301,0.5535435113127366,0.25025599767255885,0.19620049101470452,H
1295,val,H,0.69803864,0.15611297,0.14584842,0.777684264187677,0.14154601419937288,0.08076972161295021,H
1296,val,A,0.6394788,0.19520502,0.16531618,0.7525693853233982,0.1672932616618237,0.08013735301477795,H
1297,val,A,0.18528184,0.17250648,0.6422117,0.06126521946861011,0.13118630942221948,0.8075484711091704,A
1298,val,D,0.49848387,0.26325265,0.23826353,0.5043436788235268,0.24419401414361602,0.25146230703285716,H
1299,val,H,0.3271919,0.22016779,0.45264035,0.3301169792298086,0.18836310263637623,0.4815199181338152,A
1300,val,A,0.49880683,0.19451968,0.30667347,0.42269640190768487,0.3204087546418715,0.25689484345044367,H
1301,val,A,0.1933119,0.15670793,0.6499801,0.2035331078750296,0.1445860575919864,0.651880834532984,A
1302,val,A,0.23560056,0.2265687,0.53783077,0.3105771498152856,0.1921926428116885,0.49723020737302587,A
1303,val,D,0.40834564,0.2611744,0.33047995,0.38083356114146416,0.29222394740962365,0.326942491448912,H
1304,val,D,0.19499923,0.29848117,0.5065196,0.21197047879126157,0.2197392341769224,0.5682902870318159,A
1305,val,D,0.6645568,0.17994374,0.15549944,0.7904783082490797,0.16343085707288102,0.04609083467803917,H
1306,val,A,0.4494955,0.2519343,0.2985702,0.38535771477721315,0.31048534854531945,0.30415693667746746,H
1307,val,A,0.57337034,0.23039882,0.19623083,0.5693665979075675,0.23549966541112521,0.19513373668130732,H
1308,val,A,0.30912971,0.24793038,0.44293994,0.34756204362279675,0.21908146361730352,0.4333564927598998,A
1309,val,D,0.5803073,0.25267744,0.16701525,0.6239896278341094,0.23145154496151804,0.14455882720437246,H
1310,val,A,0.70461357,0.16908742,0.12629902,0.7273792854225233,0.16891780858636862,0.10370290599110796,H
1311,val,H,0.6905745,0.1627249,0.14670059,0.9029491592591422,0.08898582860658556,0.008065012134272001,H
1312,val,D,0.7505727,0.13570547,0.11372185,0.8066808942812912,0.14431470970323618,0.04900439601547259,H
1313,val,H,0.59588486,0.18101324,0.22310188,0.6415771258870328,0.18190293633170349,0.1765199377812638,H
1314,val,H,0.39294186,0.17426683,0.43279126,0.37660092860980987,0.22681945521331787,0.39657961617687226,A
1315,val,A,0.24892794,0.2123819,0.5386902,0.15971798229599443,0.2319158538137045,0.6083661638903011,A
1316,val,H,0.22150762,0.16506004,0.6134323,0.23051968100007827,0.21657069648017796,0.5529096225197437,A
1317,val,H,0.7295703,0.15956268,0.11086695,0.8865709638852249,0.09294596926544611,0.02048306684932888,H
1318,val,D,0.5311969,0.23285496,0.23594819,0.5217357624187996,0.23042598884756485,0.24783824873363552,H
1319,val,H,0.55798566,0.21357152,0.2284428,0.7749936904819248,0.17075210805860683,0.05425420145946842,H
1320,val,A,0.4867419,0.2736141,0.23964399,0.46455264615549213,0.27281667579565394,0.262630678048854,H
1321,val,D,0.52183557,0.21419092,0.26397347,0.5137324693311428,0.24399972480623794,0.24226780586261926,H
1322,val,A,0.19307469,0.1742367,0.6326886,0.06364901714082254,0.09290246412356551,0.8434485187356119,A
1323,val,D,0.59886193,0.23439722,0.1667408,0.6474852600201103,0.22199926770999048,0.13051547226989937,H
1324,val,A,0.202064,0.19292858,0.60500747,0.1763694226183889,0.19047616396020114,0.63315441342141,A
1325,val,D,0.60098714,0.22338434,0.17562854,0.5705040815049829,0.22360612666547838,0.2058897918295387,H
1326,val,H,0.22672996,0.24019249,0.5330776,0.21824836417153712,0.24415400936136095,0.537597626467102,A
1327,val,A,0.42183152,0.2018048,0.3763637,0.3324064394140296,0.2558565680387949,0.4117369925471754,H
1328,val,A,0.13843901,0.14931029,0.7122507,0.07742166788673281,0.13557423363944154,0.7870040984738257,A
1329,val,H,0.6471147,0.21898742,0.13389787,0.7429217279222959,0.18874562682144863,0.0683326452562553,H
1330,val,H,0.57488966,0.2160478,0.20906253,0.5513393963207291,0.19276397475532203,0.25589662892394877,H
1331,val,D,0.25740033,0.16225842,0.5803413,0.1801757666681494,0.17397074412387387,0.6458534892079768,A
1332,val,D,0.35180184,0.21094348,0.4372547,0.384452011712899,0.25165886410458993,0.3638891241825111,A
1333,val,H,0.7459528,0.1298502,0.12419702,0.8466687775782823,0.12820335523737164,0.02512786718434607,H
1334,val,A,0.2080693,0.14919662,0.64273405,0.10751919618679708,0.13204095451043263,0.7604398493027702,A
1335,val,A,0.41514418,0.23892824,0.34592763,0.41228251639088764,0.24397181642622964,0.34374566718288263,H
1336,val,D,0.60251606,0.21810576,0.1793782,0.6555693738234821,0.20311439887531824,0.1413162273011997,H
1337,val,D,0.725874,0.15159048,0.12253547,0.8665192567289922,0.10511742419956555,0.028363319071442274,H
1338,val,A,0.22919735,0.25802556,0.51277703,0.3219193510933411,0.259393002234111,0.4186876466725479,A
1339,val,D,0.16111879,0.15350787,0.6853733,0.11088402928085864,0.11925359790009549,0.7698623728190458,A
1340,val,D,0.6036639,0.2128488,0.18348727,0.5258579748978972,0.270527798388607,0.2036142267134958,H
1341,val,D,0.3021641,0.25330418,0.44453168,0.24060722209688115,0.19345495321540448,0.5659378246877144,A
1342,val,H,0.40621454,0.20545869,0.38832676,0.3415505309139235,0.28226140214570683,0.3761880669403696,H
1343,val,H,0.7452957,0.14499784,0.10970648,0.8350856369418062,0.12216196123463807,0.04275240182355561,H
1344,val,A,0.21566136,0.21909752,0.56524116,0.27989736047793456,0.16841023010617404,0.5516924094158915,A
1345,val,A,0.22608225,0.23133531,0.54258245,0.19628562498427446,0.30847923445762215,0.49523514055810336,A
1346,val,H,0.7494019,0.13072366,0.1198744,0.8129042546799583,0.1304189994408605,0.056676745879181235,H
1347,val,A,0.33315003,0.28059223,0.38625777,0.3273945347585509,0.23651696732436348,0.4360884979170856,A
1348,val,H,0.55757,0.24157116,0.2008589,0.7615617185829906,0.1935166756429112,0.04492160577409825,H
1349,val,D,0.6967863,0.1919627,0.11125103,0.8430368145393098,0.11163542262468928,0.04532776283600095,H
1350,val,A,0.13865201,0.15138866,0.7099593,0.12975345282910827,0.15452139991196273,0.715725147258929,A
1351,val,A,0.2687414,0.20076892,0.5304897,0.1545316794724873,0.23270496785818548,0.6127633526693271,A
1352,val,A,0.68484384,0.21794781,0.09720835,0.7014520662650872,0.17832984971315394,0.12021808402175906,H
1353,val,A,0.40838352,0.30433106,0.28728548,0.42563037816989,0.3283649927521638,0.24600462907794624,H
1354,val,H,0.3860687,0.19245638,0.42147493,0.32519290203796786,0.21264961950657585,0.4621574784554562,A
1355,val,A,0.22382356,0.16168039,0.614496,0.12372796672261055,0.14020846960817004,0.7360635636692194,A
1356,val,A,0.5455923,0.24297012,0.21143755,0.43214149594927287,0.2424536518216182,0.32540485222910887,H
1357,val,H,0.6681818,0.19588588,0.13593236,0.8389128419062505,0.11904170260858651,0.042045455485163,H
1358,val,H,0.695065,0.1545331,0.15040185,0.7288913531434867,0.1817092252858338,0.08939942157067951,H
1359,val,H,0.45183077,0.28178486,0.26638436,0.5312797944052502,0.25541891153762886,0.21330129405712095,H
1360,val,A,0.6398258,0.21755596,0.14261816,0.6921688830549452,0.1662822041084183,0.1415489128366365,H
1361,val,H,0.7401486,0.14984323,0.11000818,0.9054246529090086,0.08316081883566764,0.011414528255323724,H
1362,val,H,0.71433276,0.16335876,0.122308515,0.8220448026917533,0.1155045866320505,0.062450610676196186,H
1363,val,A,0.1587341,0.16743825,0.67382765,0.05978635404573473,0.16272631920181765,0.7774873267524476,A
1364,val,A,0.15864901,0.14887844,0.6924725,0.07829564167131006,0.17191097541273903,0.749793382915951,A
1365,val,D,0.6648782,0.19045392,0.14466786,0.6739823396830449,0.24707694376920714,0.07894071654774788,H
1366,val,A,0.5835499,0.21171927,0.20473084,0.5879708067214416,0.18601887990873206,0.22601031336982624,H
1367,val,A,0.54655236,0.23343769,0.22000997,0.5445156424914909,0.21599425189322183,0.23949010561528725,H
1368,val,A,0.49797708,0.26304102,0.23898186,0.6919335570857362,0.1844770004643791,0.12358944244988475,H
1369,val,A,0.32944557,0.20868145,0.46187297,0.22298016098827114,0.17531411544201084,0.601705723569718,A
1370,val,H,0.45848095,0.30716228,0.23435673,0.5612769059827558,0.22120598769231267,0.21751710632493151,H
1371,val,A,0.4319464,0.34394553,0.22410811,0.6463541423489239,0.2482712562718192,0.10537460137925705,H
1372,val,A,0.66557306,0.16236547,0.17206146,0.6531820579817161,0.20781944665965368,0.13899849535863032,H
1373,val,H,0.51722,0.20790824,0.27487177,0.38429525281402027,0.278966924044606,0.33673782314137374,H
1374,val,H,0.24159001,0.18586193,0.57254803,0.16379488887761617,0.18498878288393109,0.6512163282384528,A
1375,val,H,0.49070626,0.3187864,0.19050735,0.6298024616734582,0.18913331888435372,0.18106421944218803,H
1376,val,A,0.5382007,0.18705222,0.2747471,0.511112176558073,0.1931538866246973,0.29573393681722976,H
1377,val,A,0.5428799,0.18474887,0.27237123,0.5526867527485164,0.2659463365879506,0.18136691066353294,H
1378,val,H,0.7082003,0.15203191,0.13976778,0.7013072622748963,0.2124721655652361,0.08622057215986763,H
1379,val,D,0.15672979,0.17251743,0.67075276,0.1370003144277074,0.16785975270294523,0.6951399328693475,A
1380,val,H,0.42894828,0.20333505,0.3677167,0.4344868175155292,0.21673579329068363,0.34877738919378715,H
1381,val,D,0.64369625,0.20631205,0.14999165,0.7205331951828581,0.20192886091489104,0.07753794390225083,H
1382,val,A,0.62077904,0.1609642,0.21825674,0.579940909436951,0.1417927379793278,0.27826635258372123,H
1383,val,H,0.4737734,0.26141432,0.26481226,0.5014125419654202,0.27561254850466155,0.2229749095299181,H
1384,val,A,0.1630153,0.173582,0.66340274,0.05161357052679878,0.12040894761361952,0.8279774818595818,A
1385,val,H,0.6692214,0.21000592,0.120772645,0.7502188752336153,0.19690646615447938,0.05287465861190534,H
1386,val,A,0.13320552,0.22512046,0.641674,0.07353503490603815,0.19713619600818524,0.7293287690857766,A
1387,val,A,0.4646227,0.2501693,0.285208,0.36647178590092433,0.30120024519849137,0.33232796890058425,H
1388,val,H,0.759652,0.13704723,0.10330074,0.8923593330995535,0.0990314002738575,0.008609266626588856,H
1389,val,H,0.4251724,0.26429018,0.31053743,0.525751311273897,0.24591616641201525,0.22833252231408777,H
1390,val,D,0.2605347,0.24942982,0.4900355,0.24833643492505117,0.20618752511673324,0.5454760399582156,A
1391,val,A,0.21590936,0.22866485,0.5554258,0.26441334974171893,0.28793176845873614,0.4476548817995449,A
1392,val,A,0.74748576,0.13995624,0.112558044,0.8852799900350354,0.09314568759293354,0.021574322372031086,H
1393,val,H,0.55397445,0.21370265,0.2323229,0.5640390673021061,0.22840188556457952,0.2075590471333145,H
1394,val,A,0.60222137,0.2235973,0.17418131,0.7468716203360173,0.1600228166285781,0.09310556303540465,H
1395,val,D,0.48724824,0.17463923,0.33811256,0.5304011784054767,0.20705791233501683,0.26254090925950646,H
1396,val,A,0.56772697,0.23310053,0.19917253,0.538365681064236,0.2693191490889128,0.19231516984685113,H
1397,val,A,0.30400667,0.27472115,0.4212722,0.25675447175354565,0.2883561222702089,0.4548894059762455,A
1398,val,A,0.1736029,0.16875039,0.6576468,0.14050185345355956,0.22919648936017245,0.630301657186268,A
1399,val,A,0.5645775,0.18259016,0.25283235,0.6326254708260143,0.16905642927204326,0.19831809990194244,H
1400,val,H,0.50564194,0.2613656,0.2329925,0.5278782111331044,0.2873798620647968,0.18474192680209878,H
1401,val,H,0.6300973,0.22968856,0.14021409,0.5155622880439037,0.2589018231331338,0.2255358888229624,H
1402,val,H,0.568419,0.26957542,0.16200557,0.8018744795182872,0.1673954122732193,0.030730108208493624,H
1403,val,H,0.48464343,0.2580415,0.25731507,0.532983972334408,0.17515232935570896,0.291863698309883,H
1404,val,A,0.3239161,0.28366917,0.39241472,0.3250768923225479,0.26816371797946437,0.4067593896979877,A
1405,val,D,0.49383366,0.18386821,0.32229808,0.5957243165525828,0.19819491547267643,0.20608076797474076,H
1406,val,H,0.6258442,0.26149696,0.11265887,0.8473217457265623,0.13062893012530155,0.02204932414813615,H
1407,val,H,0.57662797,0.25172105,0.17165093,0.7331478059396955,0.19054501991499675,0.07630717414530772,H
1408,val,D,0.2753174,0.24212326,0.4825594,0.1494653043245694,0.23388857520579415,0.6166461204696365,A
1409,val,A,0.35604495,0.22597168,0.41798338,0.32934997829215423,0.17381067435907452,0.49683934734877133,A
1410,val,H,0.5475514,0.19724017,0.25520843,0.7127881283383357,0.19155964144027154,0.09565223022139256,H
1411,val,A,0.36185437,0.19949096,0.4386546,0.5514970587021311,0.18275969649619922,0.2657432448016698,A
1412,val,H,0.53943145,0.22882497,0.23174356,0.5210247728323542,0.29371929004035846,0.18525593712728733,H
1413,val,H,0.7103957,0.13023709,0.15936717,0.7432883645356627,0.16381485875325233,0.092896776711085,H
1414,val,H,0.7218332,0.17208475,0.10608202,0.9380205103102038,0.059107908751048814,0.0028715809387473506,H
1415,val,H,0.2566819,0.2156877,0.52763045,0.22130518843150054,0.24068931923360593,0.5380054923348935,A
1416,val,D,0.305886,0.25366405,0.4404499,0.2866994072190585,0.2364384257078624,0.4768621670730792,A
1417,val,H,0.69505656,0.14911984,0.15582359,0.7880928708163479,0.17086730871952643,0.04103982046412554,H
1418,val,D,0.20458598,0.18591642,0.6094976,0.18123939765689764,0.18677515954531987,0.6319854427977826,A
1419,val,D,0.4964463,0.22843592,0.27511778,0.487930188658925,0.22069556234317458,0.2913742489979004,H
1420,val,A,0.32994944,0.2604063,0.40964425,0.4377009579452624,0.2564881189221472,0.30581092313259034,A
1421,val,A,0.5614082,0.19085136,0.2477404,0.45447273386308457,0.29772221215795386,0.24780505397896163,H
1422,val,D,0.46253023,0.24298282,0.294487,0.43606449627929766,0.23316653500377169,0.3307689687169307,H
1423,val,A,0.1920222,0.17663957,0.63133824,0.14001066368430742,0.1698622375084216,0.6901270988072709,A
1424,val,D,0.66420287,0.17941955,0.15637755,0.7484663210096121,0.20090967394108955,0.050624005049298426,H
1425,val,A,0.18216945,0.17021865,0.6476119,0.13800821284869091,0.21446633706684773,0.6475254500844613,A
1426,val,H,0.6978593,0.17012152,0.13201916,0.808506938286094,0.11583158988031217,0.07566147183359388,H
1427,val,H,0.560876,0.19487895,0.24424504,0.540426636563443,0.221564729336095,0.23800863410046197,H
1428,val,A,0.17670311,0.17705214,0.64624476,0.14862468175878632,0.2015723224593604,0.6498029957818533,A
1429,val,H,0.72469383,0.16885632,0.10644983,0.7955175875378528,0.15197928917346334,0.05250312328868385,H
1430,val,H,0.52045745,0.2630141,0.21652842,0.45114287721378193,0.2781638620102354,0.2706932607759826,H
1431,val,H,0.35844603,0.22331224,0.41824177,0.3190632448826148,0.21006713087009568,0.4708696242472897,A
1432,val,A,0.63283026,0.20178503,0.16538468,0.6658774469133395,0.2097542807961042,0.12436827229055629,H
1433,val,A,0.48980653,0.27984688,0.23034659,0.587740124811395,0.2134316877816893,0.1988281874069157,H
1434,val,H,0.7413519,0.15836231,0.10028582,0.8454116751270139,0.12522991348067805,0.02935841139230806,H
1435,val,H,0.73859364,0.12771484,0.13369152,0.8822016840838048,0.1023224435974117,0.015475872318783513,H
1436,val,H,0.5261748,0.26784995,0.20597522,0.49097198176250684,0.35648219635692546,0.1525458218805677,H
1437,val,D,0.1108314,0.17004098,0.71912766,0.054712769567385036,0.20064192924328503,0.7446453011893299,A
1438,val,H,0.6698373,0.17843232,0.15173039,0.5205792818386631,0.2652164323202919,0.21420428584104495,H
1439,val,H,0.6909987,0.16552025,0.14348109,0.6139528929134641,0.21736537906143139,0.16868172802510462,H
1440,val,H,0.5811785,0.20839034,0.21043114,0.5578134456056446,0.22932643406257072,0.2128601203317846,H
1441,val,D,0.16460744,0.15953065,0.67586195,0.13143993661742887,0.15662387115345466,0.7119361922291164,A
1442,val,A,0.4323848,0.24669637,0.3209189,0.4364461332019538,0.2955161619165695,0.2680377048814766,H
1443,val,D,0.40369672,0.26623127,0.33007196,0.3904015891017735,0.2076210919869504,0.4019773189112761,H
1444,val,D,0.31131563,0.2515947,0.4370897,0.42732352000289026,0.1492461144647722,0.4234303655323375,A
1445,val,H,0.20295377,0.14166632,0.6553799,0.1947917381051435,0.18732017323858388,0.6178880886562725,A
1446,val,D,0.34997356,0.23601612,0.41401026,0.29129051940114276,0.17945091546011127,0.5292585651387459,A
1447,val,H,0.58828783,0.2527335,0.15897864,0.7911607276414223,0.1631061027928069,0.045733169565770865,H
1448,val,A,0.17332982,0.14854333,0.6781268,0.15114738177720757,0.23744245875024192,0.6114101594725506,A
1449,val,D,0.68494034,0.20986038,0.10519933,0.8026444696491802,0.15588283393794605,0.041472696412873586,H
1450,val,D,0.57208025,0.22611071,0.20180902,0.7298833772616098,0.1909671562715539,0.07914946646683624,H
1451,val,H,0.59648234,0.28759953,0.11591814,0.7287072403578987,0.20349437690012917,0.06779838274197225,H
1452,val,A,0.5252732,0.2787369,0.19598986,0.47253291319293883,0.24425859636148192,0.28320849044557933,H
1453,val,A,0.16652562,0.16046682,0.67300755,0.0635432555302227,0.15282296952637575,0.7836337749434016,A
1454,val,D,0.72085226,0.118654,0.16049372,0.6991042536430688,0.1866636864459665,0.11423205991096472,H
1455,val,H,0.77458495,0.12100441,0.10441058,0.8331123091103024,0.12969193749526742,0.03719575339443006,H
1456,val,H,0.6637341,0.19469506,0.14157082,0.6519872445810517,0.21025067404952888,0.13776208136941934,H
1457,val,H,0.45665938,0.22439788,0.31894276,0.38384142738632654,0.22685063635970354,0.38930793625397003,H
1458,val,H,0.3777485,0.23789985,0.38435164,0.4488294358826927,0.2595426010801793,0.29162796303712807,A
1459,val,H,0.6971498,0.1875223,0.115327865,0.7171655471576355,0.19575522469026455,0.08707922815209988,H
1460,val,H,0.4125008,0.22619015,0.36130908,0.5157950980883109,0.19333937689181496,0.2908655250198742,H
1461,val,H,0.42199227,0.2234683,0.35453945,0.5270397206776388,0.21119690802025526,0.2617633713021059,H
1462,val,D,0.550372,0.24709901,0.20252895,0.42311179062583215,0.31005189596280053,0.2668363134113675,H
1463,val,A,0.22866704,0.20242797,0.568905,0.19903903921761032,0.1571983463896955,0.6437626143926942,A
1464,val,D,0.5932575,0.25183845,0.15490405,0.71102652701534,0.20328180606322843,0.08569166692143156,H
1465,val,A,0.35300598,0.228502,0.41849196,0.3956439598440174,0.19661647735038518,0.4077395628055974,A
1466,val,A,0.1558068,0.13845326,0.70574,0.1101553473171823,0.14689219438725304,0.7429524582955647,A
1467,val,A,0.16085169,0.14518476,0.6939636,0.04268377601768022,0.09463506857011725,0.8626811554122026,A
1468,val,A,0.5381937,0.23576078,0.22604553,0.6037730004245021,0.25033309665598713,0.1458939029195107,H
1469,val,A,0.3993689,0.21217038,0.38846076,0.3737281824060979,0.24701003812917102,0.37926177946473105,H
1470,val,H,0.5610808,0.3034997,0.13541947,0.7418865637921196,0.1631819457080058,0.09493149049987458,H
1471,val,D,0.7472422,0.1568032,0.09595457,0.8720374639162939,0.1071267575989874,0.02083577848471888,H
1472,val,H,0.49820042,0.28811944,0.2136802,0.40732748733804125,0.27000667743858753,0.32266583522337117,H
1473,val,H,0.59378076,0.25397518,0.15224405,0.5553431154975654,0.2477521890156836,0.1969046954867509,H
1474,val,H,0.73799133,0.1300201,0.13198854,0.8191548715497935,0.14337615943372975,0.03746896901647667,H
1475,val,A,0.1853495,0.15127069,0.66337985,0.07718899119190238,0.1326676421043277,0.7901433667037698,A
1476,val,H,0.5587137,0.24450089,0.1967854,0.694979388672391,0.18276328241873788,0.12225732890887123,H
1477,val,D,0.5061086,0.23722902,0.2566624,0.5382968286761998,0.19599011045110273,0.2657130608726976,H
1478,val,H,0.74907446,0.10943268,0.14149286,0.8451994778433609,0.12478010977084128,0.03002041238579786,H
1479,val,A,0.54474103,0.25687823,0.19838075,0.5121214527099693,0.28322134773095203,0.20465719955907874,H
1480,val,H,0.60555464,0.27585196,0.1185934,0.8443628807947985,0.12658724053402876,0.02904987867117267,H
1481,val,A,0.7571344,0.1456945,0.097171135,0.8342790803190597,0.11313287081279226,0.05258804886814811,H
1482,val,H,0.68301696,0.16723163,0.14975144,0.6937328225768106,0.1698414468303049,0.13642573059288446,H
1483,val,D,0.621511,0.19015944,0.18832956,0.6889847757840255,0.2048555875296528,0.10615963668632164,H
1484,val,H,0.4813584,0.25192383,0.26671776,0.4329768546227703,0.28694251865339754,0.2800806267238321,H
1485,val,H,0.57936347,0.21389057,0.20674595,0.5687664487336461,0.20598961160453566,0.2252439396618182,H
1486,val,D,0.30751553,0.29176465,0.4007198,0.2695818269749426,0.26526927873134515,0.46514889429371226,A
1487,val,H,0.35102436,0.21092622,0.43804944,0.29586973001369643,0.19261194008072688,0.5115183299055767,A
1488,val,D,0.4695553,0.2454867,0.28495798,0.4499390437134993,0.23052836655618378,0.3195325897303169,H
1489,val,D,0.49830702,0.18468386,0.31700906,0.35653520914318537,0.23492919560508327,0.40853559525173133,H
1490,val,A,0.42353258,0.21182205,0.3646454,0.45691815198961344,0.2150327458979198,0.3280491021124667,H
1491,val,A,0.5328156,0.23762575,0.22955865,0.4797741258194923,0.24117182474915647,0.27905404943135126,H
1492,val,A,0.20033914,0.18294662,0.61671424,0.24129763886570696,0.2639581321473204,0.4947442289869726,A
1493,val,D,0.11966344,0.12607786,0.7542587,0.020471741767920375,0.06967917051921545,0.9098490877128643,A
1494,val,A,0.45427552,0.19136047,0.354364,0.41807998112473843,0.1957188916379015,0.38620112723736005,H
1495,val,D,0.5888287,0.21556704,0.1956043,0.581886887138014,0.223716782961484,0.19439632990050196,H
1496,val,A,0.48856908,0.2624385,0.24899244,0.4729522615761906,0.2388078747811961,0.2882398636426133,H
1497,val,H,0.571451,0.17584392,0.2527051,0.5222663720608337,0.2069881187141375,0.2707455092250289,H
1498,val,D,0.67124325,0.19350334,0.13525341,0.7295327691167748,0.18954084228554735,0.08092638859767783,H
1499,val,A,0.4410568,0.24031389,0.3186293,0.4133402916333904,0.2809973319574549,0.30566237640915467,H
1500,val,H,0.7482975,0.13843459,0.11326796,0.7892118186641074,0.1333449248405187,0.07744325649537379,H
1501,val,H,0.6600992,0.16544546,0.17445536,0.6667792023002647,0.20148077175722823,0.13174002594250714,H
1502,val,H,0.58854353,0.22124223,0.19021423,0.7005436688023992,0.17141082376260602,0.1280455074349947,H
1503,val,A,0.5833458,0.21784411,0.19881012,0.6128582570662079,0.18734569539780385,0.1997960475359882,H
1504,val,H,0.5215492,0.2344653,0.2439855,0.7728549274599458,0.15447389191773264,0.07267118062232154,H
1505,val,H,0.41685084,0.22070143,0.36244774,0.3762131208410672,0.265591482778155,0.35819539638077785,H
1506,val,A,0.32575625,0.27455267,0.39969105,0.35138552064782747,0.2305835955465284,0.41803088380564407,A
1507,val,H,0.358703,0.19351412,0.4477829,0.25921404599325054,0.19272200762932917,0.5480639463774203,A
1508,val,H,0.57488644,0.28155044,0.14356308,0.4705126417566516,0.34103067429521416,0.18845668394813422,H
1509,val,H,0.65815955,0.2245567,0.11728374,0.7854832813354985,0.15020935072617905,0.06430736793832259,H
1510,val,H,0.6051836,0.20157072,0.19324568,0.7112358890939389,0.18852245678863538,0.10024165411742567,H
1511,val,A,0.2748776,0.17332974,0.5517927,0.24619305868859476,0.19294377659163822,0.5608631647197669,A
1512,val,A,0.21675546,0.15059072,0.63265383,0.24490129536793678,0.22303405371564033,0.5320646509164229,A
1513,val,D,0.7316608,0.14726931,0.12106986,0.7571806674510522,0.16740492458753065,0.07541440796141724,H
1514,val,H,0.19922408,0.309924,0.4908519,0.23354520551163058,0.2699375470385289,0.4965172474498406,A
1515,val,A,0.6809979,0.13326263,0.18573946,0.5529108778521807,0.24722418442767694,0.19986493772014244,H
1516,val,A,0.42554843,0.22173513,0.3527164,0.48770748312474865,0.23167181198691933,0.2806207048883321,H
1517,val,A,0.13355745,0.14618754,0.720255,0.018628743374133748,0.05461153633799021,0.9267597202878761,A
1518,val,A,0.2606303,0.22295383,0.5164159,0.30775953603794376,0.2598450070736679,0.4323954568883882,A
1519,val,D,0.28459823,0.2946721,0.42072967,0.3287726780467489,0.31277985069286385,0.3584474712603871,A
1520,test,H,0.6776536,0.1905354,0.13181098,0.7680955546802978,0.17725420042241036,0.054650244897291915,H
1521,test,D,0.4571279,0.22662918,0.3162429,0.3925345304784327,0.23839842030000138,0.3690670492215659,H
1522,test,D,0.6524677,0.17448074,0.17305157,0.6757897243945942,0.19648447922408643,0.1277257963813194,H
1523,test,H,0.59124416,0.1470881,0.2616678,0.2772457629238248,0.34418578665974847,0.3785684504164267,H
1524,test,H,0.5313962,0.29416424,0.17443956,0.4602845533465643,0.3312123461092637,0.20850310054417195,H
1525,test,A,0.12363833,0.19795507,0.6784066,0.09501606855174163,0.15411357898768138,0.7508703524605769,A
1526,test,D,0.6507961,0.1966663,0.15253761,0.5888071067779816,0.2169864676040502,0.19420642561796822,H
1527,test,A,0.18833803,0.22593933,0.5857227,0.19097727934836728,0.19327373950645332,0.6157489811451794,A
1528,test,H,0.50480705,0.22613567,0.26905724,0.5321179416122697,0.248569412839433,0.21931264554829738,H
1529,test,H,0.18348333,0.26607937,0.5504373,0.16097122083010296,0.26089696609124036,0.5781318130786567,A
1530,test,A,0.25680915,0.20392872,0.5392621,0.29081338740130935,0.1917751122457222,0.5174115003529685,A
1531,test,H,0.75805837,0.12187801,0.12006363,0.9148799752141972,0.07232946391997332,0.012790560865829565,H
1532,test,H,0.5252877,0.2608431,0.21386924,0.5741987332569647,0.2671806472592483,0.1586206194837869,H
1533,test,H,0.32275942,0.21543719,0.4618034,0.3523489978987779,0.26237147021946644,0.38527953188175573,A
1534,test,H,0.19617543,0.29228422,0.51154035,0.09126129979209993,0.3527603762721481,0.5559783239357519,A
1535,test,A,0.74952203,0.116106614,0.13437131,0.8688739469208657,0.09738062832927258,0.03374542474986148,H
1536,test,D,0.5186167,0.25640514,0.22497816,0.495949450102396,0.2466101673909874,0.2574403825066166,H
1537,test,H,0.48722696,0.20508172,0.3076913,0.47299594085563174,0.2272317692697092,0.29977228987465915,H
1538,test,D,0.5070022,0.2427939,0.25020394,0.488150315563979,0.20445072583388813,0.30739895860213284,H
1539,test,A,0.30526957,0.19899477,0.49573568,0.30847796284525675,0.19136026710337556,0.5001617700513676,A
1540,test,H,0.6742198,0.20049646,0.12528376,0.7070008537310007,0.18011262159187003,0.11288652467712919,H
1541,test,D,0.21057852,0.21553639,0.5738851,0.09582832086030221,0.15219671906027976,0.751974960079418,A
1542,test,H,0.6127754,0.212901,0.17432362,0.6694022040838717,0.2053237917997522,0.125274004116376,H
1543,test,H,0.3560652,0.19864024,0.44529453,0.39123620654596464,0.25917669809120025,0.34958709536283517,A
1544,test,A,0.44810596,0.22594257,0.3259515,0.40814003544462296,0.24093440771084065,0.3509255568445363,H
1545,test,A,0.28489968,0.24615481,0.4689455,0.2315356161600683,0.28752954422709665,0.4809348396128352,A
1546,test,A,0.58611417,0.19575326,0.21813254,0.4788602553450075,0.21650422189346327,0.3046355227615291,H
1547,test,H,0.3061632,0.24103905,0.4527977,0.30041899558424834,0.22963360108680428,0.46994740332894736,A
1548,test,H,0.3006981,0.38316783,0.31613412,0.6191893972000513,0.2374754261427358,0.14333517665721301,D
1549,test,A,0.7072213,0.16081935,0.13195929,0.7393030394603791,0.18987886746880636,0.07081809307081469,H
1550,test,H,0.71947813,0.16571619,0.114805676,0.8425376981723759,0.12118479114270618,0.03627751068491788,H
1551,test,H,0.4603225,0.21997678,0.31970075,0.42754240833265295,0.25070438788545085,0.3217532037818962,H
1552,test,D,0.22656898,0.3181195,0.4553115,0.22080390710362868,0.25428341783147723,0.5249126750648941,A
1553,test,D,0.71789503,0.16793254,0.11417241,0.627061993002773,0.2119807715417818,0.1609572354554454,H
1554,test,D,0.4599823,0.19455464,0.34546307,0.4358959606202859,0.19437964614949205,0.369724393230222,H
1555,test,H,0.64305717,0.18949528,0.16744754,0.7272683398985026,0.18756270389136537,0.085168956210132,H
1556,test,H,0.732689,0.14911988,0.11819104,0.6708794336959997,0.22276781513035643,0.10635275117364389,H
1557,test,A,0.47890303,0.25988024,0.2612167,0.46645829596712124,0.254679140352844,0.2788625636800348,H
1558,test,A,0.13909464,0.18605058,0.67485476,0.04567000068042677,0.09824477954149642,0.8560852197780767,A
1559,test,H,0.745844,0.15619487,0.09796118,0.77567546572319,0.14550635751598326,0.07881817676082675,H
1560,test,D,0.6140866,0.2165915,0.1693219,0.5481045965274162,0.25487207169711545,0.19702333177546844,H
1561,test,D,0.22781123,0.25250506,0.5196837,0.18330595594571006,0.22590165671378623,0.5907923873405038,A
1562,test,H,0.50000215,0.23603737,0.26396048,0.5118885321238174,0.23712269927982124,0.2509887685963615,H
1563,test,H,0.6731422,0.20609692,0.12076089,0.8304469804495521,0.13639754601518972,0.03315547353525815,H
1564,test,H,0.21581738,0.19907777,0.5851049,0.2530101382910732,0.22773567858120095,0.5192541831277259,A
1565,test,A,0.23237638,0.26760358,0.5000201,0.25831785465690954,0.24293607418521848,0.4987460711578721,A
1566,test,A,0.42227986,0.23066956,0.34705055,0.5118839755299401,0.23348794911857304,0.25462807535148685,H
1567,test,D,0.5630082,0.260183,0.17680879,0.676939358205792,0.1640217401178554,0.15903890167635262,H
1568,test,D,0.4495071,0.21648939,0.3340035,0.417847825905383,0.1968004821672614,0.3853516919273556,H
1569,test,D,0.2648806,0.21448675,0.5206327,0.33777066815164386,0.18242160453057826,0.47980772731777777,A
1570,test,H,0.4186364,0.25608492,0.32527873,0.45295561507143905,0.2521252424966873,0.29491914243187384,H
1571,test,A,0.60735035,0.20349348,0.18915619,0.6047198329419469,0.21136221298331015,0.183917954074743,H
1572,test,H,0.29528117,0.24762914,0.4570897,0.4279207484302487,0.20622616068942085,0.3658530908803304,A
1573,test,D,0.2651263,0.21980226,0.51507145,0.23709661297910964,0.23366714208284464,0.5292362449380458,A
1574,test,H,0.7203924,0.16889192,0.1107157,0.85988543146116,0.11712191648165668,0.02299265205718324,H
1575,test,A,0.5518865,0.19220728,0.25590622,0.5083305396168819,0.23327442367853088,0.25839503670458724,H
1576,test,D,0.58689636,0.20150682,0.2115968,0.6902849337183651,0.15489418965221416,0.1548208766294207,H
1577,test,H,0.659151,0.17839748,0.16245149,0.5395414101816524,0.25971701573397116,0.2007415740843765,H
1578,test,A,0.2567758,0.21835983,0.5248644,0.280175701626463,0.19318879563910146,0.5266355027344356,A
1579,test,D,0.5585402,0.27057973,0.17088005,0.6318752661928867,0.23832214252699785,0.12980259128011545,H
1580,test,H,0.51787525,0.25948334,0.22264138,0.570194960328287,0.1995834420978569,0.23022159757385618,H
1581,test,H,0.7407806,0.15478702,0.104432456,0.8794776468969525,0.10223534945721019,0.01828700364583719,H
1582,test,H,0.35440132,0.21916986,0.42642877,0.4123378604721396,0.21370156421270714,0.3739605753151532,A
1583,test,A,0.28941977,0.1818758,0.5287044,0.21436869103578918,0.23668611539408865,0.5489451935701222,A
1584,test,H,0.3855352,0.26346084,0.35100397,0.3828840788202967,0.27897372290183836,0.33814219827786496,H
1585,test,H,0.72310114,0.15004613,0.12685278,0.7645559577598705,0.17106500552478152,0.06437903671534793,H
1586,test,A,0.2768453,0.21438022,0.50877446,0.17720608377315655,0.17986663755141175,0.6429272786754318,A
1587,test,H,0.37624478,0.27200577,0.35174948,0.38740260470654825,0.2826928283235491,0.3299045669699028,H
1588,test,H,0.63526314,0.1741781,0.19055879,0.6673940209698419,0.2034569622725544,0.1291490167576037,H
1589,test,D,0.22743624,0.24296087,0.5296029,0.25416342863542307,0.2313054290970952,0.5145311422674818,A
1590,test,H,0.41192842,0.23243915,0.35563242,0.4406812442916884,0.21423798432577498,0.3450807713825366,H
1591,test,H,0.321322,0.21437669,0.46430132,0.2226040865149781,0.24521314551337794,0.532182767971644,A
1592,test,D,0.6166047,0.19879009,0.18460529,0.5753699193116697,0.2240731451141267,0.20055693557420362,H
1593,test,A,0.18245463,0.20281836,0.614727,0.16394820092017787,0.20490303757511866,0.6311487615047034,A
1594,test,H,0.7294712,0.17082004,0.099708736,0.7765314885811103,0.16564184429649584,0.05782666712239391,H
1595,test,A,0.255847,0.24624588,0.49790713,0.2797498714960092,0.25111769963977937,0.4691324288642115,A
1596,test,H,0.51804537,0.2792878,0.20266683,0.46836868337521564,0.21402876086868286,0.3176025557561015,H
1597,test,A,0.75689894,0.13705495,0.1060461,0.8475637832342422,0.11814912531971354,0.03428709144604418,H
1598,test,A,0.30975598,0.27353248,0.4167115,0.40635826728351515,0.20664159420610767,0.38700013851037723,A
1599,test,A,0.3471482,0.28269097,0.37016082,0.3726965951821881,0.21642858394159356,0.41087482087621824,A
1600,test,H,0.38315,0.20356745,0.41328257,0.31276508470766035,0.24147433832171275,0.4457605769706269,A
1601,test,H,0.3058195,0.17557833,0.5186022,0.2662430979910364,0.18127836561714908,0.5524785363918144,A
1602,test,A,0.649851,0.20058556,0.14956337,0.656380068433375,0.2031090241017953,0.14051090746482964,H
1603,test,H,0.49031866,0.20353505,0.30614626,0.34229668646174427,0.270617004536964,0.38708630900129165,H
1604,test,H,0.65285313,0.18116267,0.16598421,0.6891257444676518,0.1727272463607255,0.13814700917162276,H
1605,test,H,0.6614435,0.20617375,0.13238278,0.8013825718716366,0.14488325883692324,0.05373416929144002,H
1606,test,H,0.2497326,0.30602896,0.4442384,0.38755344706135786,0.22410090292480705,0.38834565001383514,A
1607,test,H,0.5480413,0.2084407,0.24351805,0.558064826489414,0.2399296859931292,0.20200548751745667,H
1608,test,A,0.54406464,0.22941396,0.22652145,0.43388260479382884,0.2852532162592576,0.2808641789469135,H
1609,test,A,0.5215088,0.23641594,0.24207523,0.5144500141673173,0.2172558920809353,0.2682940937517474,H
1610,test,H,0.7048056,0.16837423,0.12682013,0.6884638037842725,0.21549671747402394,0.09603947874170349,H
1611,test,A,0.12833558,0.1309572,0.74070716,0.06145961875325328,0.14503525224820263,0.7935051289985441,A
1612,test,H,0.57637036,0.21689984,0.20672978,0.570380817273713,0.22581311783721122,0.2038060648890757,H
1613,test,H,0.5140375,0.27739367,0.20856884,0.5426886799954976,0.22129567112881002,0.23601564887569235,H
1614,test,H,0.55963653,0.26761922,0.17274429,0.6694984788808661,0.20309694883009954,0.12740457228903435,H
1615,test,D,0.407384,0.25148213,0.3411339,0.46050104592145885,0.26576813679727773,0.27373081728126347,H
1616,test,A,0.30840465,0.21211466,0.4794807,0.37094582404377663,0.2234992875330587,0.4055548884231647,A
1617,test,H,0.7215208,0.15820856,0.12027059,0.7638442356504351,0.1501196485563327,0.08603611579323221,H
1618,test,H,0.24645995,0.23810367,0.5154364,0.215429003275692,0.16353373981582298,0.621037256908485,A
1619,test,D,0.4925147,0.24202889,0.2654564,0.4658183634542581,0.23854530378901312,0.29563633275672885,H
1620,test,H,0.7155349,0.14784949,0.13661563,0.8267592713350324,0.12520120355463224,0.048039525110335476,H
1621,test,H,0.49986473,0.23858058,0.26155472,0.46264971616413036,0.22931760156935088,0.30803268226651864,H
1622,test,D,0.19911979,0.3262346,0.47464558,0.21814184360690675,0.237941640948105,0.5439165154449883,A
1623,test,D,0.4502676,0.23448047,0.31525186,0.5139328297205394,0.21655947996959277,0.2695076903098678,H
1624,test,H,0.5748261,0.21763377,0.20754008,0.5999563280118337,0.2366990591671447,0.16334461282102147,H
1625,test,H,0.59957516,0.20786281,0.19256204,0.6677711201939944,0.19320663071307176,0.13902224909293387,H
1626,test,H,0.43689138,0.22108473,0.3420239,0.4293963743282654,0.20258595933127307,0.3680176663404615,H
1627,test,D,0.52019256,0.20928687,0.27052054,0.5575249357630319,0.21799571345609148,0.22447935078087677,H
1628,test,H,0.5858047,0.17743228,0.236763,0.6366051990253614,0.16318714195157147,0.20020765902306703,H
1629,test,H,0.542781,0.25095725,0.20626174,0.5790905288743545,0.24749727576538388,0.17341219536026167,H
1630,test,D,0.5391206,0.29095274,0.16992669,0.5286482531654283,0.28880178321808186,0.1825499636164899,H
1631,test,H,0.55161774,0.23852265,0.20985955,0.5282762484607405,0.21653452578715096,0.2551892257521084,H
1632,test,A,0.11988422,0.17571287,0.704403,0.08293368217009968,0.1656529181087773,0.751413399721123,A
1633,test,H,0.35329714,0.25363398,0.3930689,0.3108924071932725,0.26940930546858116,0.4196982873381463,A
1634,test,A,0.6525503,0.20654038,0.14090936,0.7393122321264661,0.18466391105975719,0.07602385681377673,H
1635,test,H,0.22489548,0.23626177,0.53884274,0.24307811270315677,0.20924892805428175,0.5476729592425614,A
1636,test,A,0.20330551,0.21462445,0.58207,0.13146771222703404,0.17955698595363673,0.6889753018193292,A
1637,test,H,0.7280115,0.17159717,0.10039133,0.8041223662205607,0.1635700933740489,0.03230754040539049,H
1638,test,A,0.15604936,0.19302061,0.65093,0.0813188582108036,0.16060596029617583,0.7580751814930206,A
1639,test,A,0.48722538,0.26967815,0.24309646,0.5097305539357181,0.2455403703034684,0.24472907576081362,H
1640,test,H,0.59786904,0.21513627,0.18699467,0.7016764303839685,0.20325366965483593,0.09506989996119539,H
1641,test,A,0.48775616,0.20702377,0.30522,0.5054686462646687,0.22192851714268072,0.2726028365926506,H
1642,test,H,0.7408202,0.1325088,0.12667102,0.8671992697557739,0.11073680081506554,0.022063929429160606,H
1643,test,H,0.46097943,0.22658248,0.31243807,0.5041145801024268,0.22385986335247623,0.2720255565450969,H
1644,test,A,0.40446573,0.2124306,0.38310373,0.4535007407199953,0.18641943495523797,0.36007982432476665,H
1645,test,H,0.744698,0.15621029,0.09909176,0.8343444010346366,0.1273315980722802,0.038324000893083285,H
1646,test,D,0.4099665,0.23257546,0.35745808,0.48131944111999975,0.18763401699202645,0.3310465418879739,H
1647,test,A,0.65771693,0.17450303,0.16778001,0.6446703629884272,0.18843820123140195,0.16689143578017077,H
1648,test,A,0.35393074,0.23438269,0.41168657,0.46163650839453996,0.22109359367663836,0.3172698979288218,A
1649,test,A,0.19682185,0.19094543,0.61223274,0.20018914616628203,0.16253211339844262,0.6372787404352753,A
1650,test,A,0.46796548,0.31387526,0.21815924,0.45957500980927535,0.3134603775249354,0.2269646126657892,H
1651,test,A,0.2888223,0.23064223,0.48053542,0.18978502408674128,0.15119155741705434,0.6590234184962044,A
1652,test,D,0.706234,0.16566266,0.12810339,0.6189331100675523,0.26644154863096375,0.11462534130148405,H
1653,test,H,0.7582553,0.15115836,0.09058631,0.8468312845093203,0.11568097750264689,0.03748773798803271,H
1654,test,A,0.47867417,0.23083131,0.2904945,0.4677493169833725,0.2368856415494177,0.29536504146720965,H
1655,test,A,0.18714154,0.18751767,0.6253408,0.09650981769465408,0.16597462228869558,0.7375155600166503,A
1656,test,H,0.18210152,0.17629337,0.6416051,0.08341917163529246,0.16470107907031753,0.7518797492943899,A
1657,test,D,0.74966365,0.13951981,0.11081654,0.7346273360426233,0.1923481618190814,0.0730245021382954,H
1658,test,A,0.2741875,0.27191275,0.45389977,0.22754659661430582,0.21944866618969486,0.5530047371959993,A
1659,test,D,0.6013429,0.22074358,0.1779135,0.576471871252014,0.24374924693920746,0.17977888180877838,H
1660,test,H,0.5013788,0.24821927,0.25040197,0.3739907642606314,0.2421175758285507,0.38389165991081803,H
1661,test,D,0.29239097,0.23810315,0.46950594,0.2579343729539056,0.26267474479626146,0.479390882249833,A
1662,test,H,0.5983063,0.21773154,0.18396215,0.587754757626711,0.22058848606514264,0.1916567563081464,H
1663,test,D,0.21665752,0.24430424,0.53903824,0.09109848986160318,0.13685498578754085,0.772046524350856,A
1664,test,H,0.725056,0.1370327,0.13791125,0.7548199021170443,0.1734399356433188,0.07174016223963688,H
1665,test,H,0.57827973,0.25106397,0.17065628,0.7610734119808399,0.17779355399723282,0.061133034021927206,H
1666,test,H,0.30963778,0.33240825,0.357954,0.4336156041994042,0.22519265497379334,0.3411917408268025,A
1667,test,D,0.69345605,0.1709782,0.13556576,0.7314777640661285,0.1657368547516118,0.10278538118225973,H
1668,test,A,0.4047731,0.20162624,0.3936007,0.3547655751606711,0.2470975839749391,0.3981368408643898,H
1669,test,A,0.22159186,0.22119966,0.5572085,0.18006892516106582,0.2211138351845699,0.5988172396543644,A
1670,test,H,0.69701874,0.15912078,0.14386047,0.9002067006036625,0.08412795859724932,0.0156653407990881,H
1671,test,A,0.23168574,0.21195777,0.55635655,0.18392198559671646,0.2081371721752798,0.6079408422280038,A
1672,test,H,0.6567781,0.18842001,0.15480193,0.7023467566253601,0.1861312886790963,0.11152195469554356,H
1673,test,H,0.6312363,0.20082523,0.16793841,0.6763831246022354,0.2119177712696949,0.1116991041280697,H
1674,test,D,0.54583573,0.26099208,0.19317222,0.5732278376179278,0.2476566609916543,0.17911550139041796,H
1675,test,A,0.34418795,0.19008872,0.4657233,0.4310736868694243,0.20045139627333772,0.36847491685723793,A
1676,test,H,0.49752736,0.2494539,0.2530188,0.5796113457687398,0.2354399970986178,0.18494865713264227,H
1677,test,H,0.3458457,0.23467948,0.41947487,0.39050963327970556,0.24249172309823008,0.3669986436220644,A
1678,test,A,0.18792525,0.2563896,0.55568516,0.22638395675158063,0.24477144079364171,0.5288446024547777,A
1679,test,D,0.5098189,0.24692535,0.24325575,0.5225785925067894,0.20879307780046605,0.26862832969274447,H
1680,test,D,0.57154435,0.25764352,0.17081213,0.6659464988008421,0.23063244106281236,0.10342106013634543,H
1681,test,D,0.5614694,0.23448786,0.20404278,0.5553311387348557,0.22049748939120029,0.224171371873944,H
1682,test,A,0.30549023,0.21316767,0.48134205,0.22906851415724588,0.19123571690598398,0.5796957689367701,A
1683,test,H,0.24715126,0.18359268,0.5692561,0.18814671825917212,0.22820447956777362,0.5836488021730543,A
1684,test,H,0.7758349,0.090152875,0.13401218,0.84250603228356,0.1257172647054624,0.03177670301097764,H
1685,test,D,0.4833204,0.2095393,0.30714035,0.39967505009218324,0.2598582902930499,0.34046665961476685,H
1686,test,A,0.23258738,0.2166664,0.55074626,0.21453439011978984,0.1867520407833602,0.59871356909685,A
1687,test,A,0.18699807,0.19407444,0.61892754,0.17009065115151664,0.1671315054908413,0.6627778433576421,A
1688,test,H,0.68854755,0.14085804,0.17059444,0.6612071320621856,0.23226178388749072,0.10653108405032365,H
1689,test,H,0.46597734,0.21752997,0.31649268,0.515129147050896,0.24751462180239855,0.2373562311467054,H
1690,test,H,0.4881515,0.19885083,0.31299773,0.4505358044943246,0.2121227224040828,0.33734147310159257,H
1691,test,H,0.7142184,0.1458436,0.13993803,0.760547047900974,0.1588675579600752,0.08058539413895072,H
1692,test,H,0.516617,0.22942172,0.2539613,0.4603293607833038,0.2178539955961804,0.3218166436205158,H
1693,test,D,0.19948396,0.23411675,0.5663993,0.1474539366231885,0.19715390414010328,0.6553921592367082,A
1694,test,A,0.38805366,0.30965418,0.3022922,0.5449997005177938,0.2648782822575645,0.19012201722464167,H
1695,test,H,0.78580844,0.09946017,0.11473136,0.907671977126426,0.07612239772045441,0.016205625153119612,H
1696,test,A,0.13274929,0.17409942,0.6931513,0.2020607690239802,0.21194919590744435,0.5859900350685754,A
1697,test,A,0.32433715,0.24373001,0.43193287,0.3310041134049531,0.26064157206551775,0.4083543145295292,A
1698,test,A,0.62055004,0.21916579,0.16028416,0.6340538565701365,0.24047826531164293,0.12546787811822077,H
1699,test,D,0.60112315,0.22793135,0.17094548,0.6030372672640629,0.21489175785085374,0.18207097488508345,H
1700,test,H,0.5863438,0.2882756,0.12538055,0.7400626175944297,0.19606251845189646,0.06387486395367377,H
1701,test,A,0.21224965,0.17467687,0.61307347,0.13391691319585633,0.13011139291751583,0.7359716938866279,A
1702,test,D,0.70905507,0.15577692,0.13516805,0.706310712210504,0.16206282331538335,0.13162646447411255,H
1703,test,D,0.5873622,0.24428844,0.16834942,0.7505065682656576,0.15385288776905504,0.09564054396528722,H
1704,test,A,0.40066594,0.27075762,0.3285764,0.36966405017005294,0.23507665391489846,0.3952592959150485,H
1705,test,D,0.2786155,0.2931762,0.4282083,0.20045708887650743,0.18184631770257131,0.6176965934209213,A
1706,test,D,0.5784717,0.18822594,0.23330228,0.4816834338227706,0.2501676367342506,0.2681489294429789,H
1707,test,D,0.5952407,0.20952535,0.19523391,0.6002473769826078,0.2617181468731332,0.13803447614425904,H
1708,test,D,0.7149286,0.16420865,0.1208627,0.8521927562269429,0.11121765433882377,0.03658958943423332,H
1709,test,D,0.22950952,0.20373413,0.5667563,0.21596199745833675,0.2002689228381261,0.5837690797035372,A
1710,test,H,0.73058736,0.13715918,0.1322534,0.7172370349408423,0.20634904633173815,0.07641391872741952,H
1711,test,A,0.19262497,0.17472847,0.63264656,0.21669357540683656,0.21274535301369335,0.5705610715794701,A
1712,test,H,0.6207328,0.23659475,0.14267246,0.6976239612656653,0.1953829646071707,0.10699307412716413,H
1713,test,H,0.28151733,0.2254425,0.49304017,0.2955206884288948,0.22237261094702412,0.4821067006240812,A
1714,test,A,0.57410246,0.22127952,0.20461798,0.5390192253977169,0.16895175269265442,0.29202902190962865,H
1715,test,D,0.3885702,0.26396573,0.34746408,0.33535205107478333,0.21177392175843682,0.45287402716677994,H
1716,test,D,0.31748745,0.2482638,0.43424875,0.2412720538063783,0.23467658613384493,0.5240513600597767,A
1717,test,D,0.75420547,0.14143169,0.1043628,0.7571823048112579,0.15875030671061563,0.08406738847812652,H
1718,test,H,0.49808288,0.30968592,0.19223125,0.5552678640094266,0.23879747713670113,0.20593465885387213,H
1719,test,D,0.4469741,0.22992237,0.32310352,0.4348403139810313,0.20305320362780638,0.3621064823911624,H
1720,test,A,0.47745758,0.24556358,0.27697885,0.28375016068742,0.25419951407001556,0.46205032524256456,H
1721,test,H,0.43025294,0.31561145,0.2541356,0.5410070732502009,0.2452265204130218,0.2137664063367773,H
1722,test,H,0.49058184,0.2816224,0.22779582,0.4792159995219387,0.17842322844429498,0.3423607720337663,H
1723,test,D,0.2101937,0.19539954,0.5944068,0.149099309280984,0.17909563942290044,0.6718050512961156,A
1724,test,D,0.309954,0.31273532,0.3773107,0.42593897825743615,0.3134332865887688,0.26062773515379506,A
1725,test,D,0.69678676,0.17951608,0.123697214,0.6683657151089829,0.19475367595700213,0.1368806089340149,H
1726,test,H,0.46723604,0.24709043,0.2856735,0.42985607859061087,0.19912007586501607,0.37102384554437295,H
1727,test,D,0.7254849,0.16673921,0.107775845,0.7865394059885303,0.1327950542693743,0.08066553974209544,H
1728,test,H,0.706751,0.17613536,0.11711366,0.6470138657629959,0.18955605677243476,0.16343007746456936,H
1729,test,D,0.60475063,0.2549937,0.14025566,0.7445363840512205,0.16325758844933294,0.09220602749944666,H
1730,test,H,0.44604638,0.29997212,0.25398153,0.5250398311575801,0.24105391457517314,0.23390625426724668,H
1731,test,H,0.2311552,0.18615791,0.5826869,0.23840287670813162,0.24609140656390432,0.5155057167279641,A
1732,test,D,0.7714612,0.123521775,0.10501706,0.8844255721411424,0.09564974653255855,0.01992468132629914,H
1733,test,H,0.2374172,0.20929144,0.5532914,0.22701717817770525,0.195313221242763,0.5776696005795317,A
1734,test,D,0.17880516,0.1594642,0.66173065,0.13049039656893877,0.15805981158087398,0.7114497918501873,A
1735,test,H,0.44013304,0.23042169,0.32944524,0.3930638746464762,0.2568120562673275,0.3501240690861962,H
1736,test,A,0.5323113,0.2674449,0.20024379,0.5853212418477292,0.22456056533822485,0.190118192814046,H
1737,test,A,0.6839239,0.17990573,0.13617036,0.6350650684760983,0.2543473056545299,0.1105876258693718,H
1738,test,D,0.17608997,0.17066443,0.6532456,0.16354060330950654,0.16431436493918944,0.6721450317513041,A
1739,test,D,0.6457388,0.18550009,0.16876116,0.6384469773589678,0.1919006932213989,0.16965232941963332,H
1740,test,H,0.25135943,0.23488328,0.5137573,0.2662987360541402,0.23847770425298798,0.49522355969287185,A
1741,test,D,0.21219075,0.1762512,0.6115581,0.20349902444705475,0.19151823570377557,0.6049827398491697,A
1742,test,H,0.5105843,0.19636275,0.29305294,0.43424367202762854,0.19332942420556903,0.3724269037668024,H
1743,test,H,0.7502202,0.14320478,0.10657503,0.8380932945334849,0.12347063815629812,0.038436067310216884,H
1744,test,H,0.23746705,0.19939728,0.5631357,0.3089144050576191,0.19352403443745383,0.4975615605049272,A
1745,test,A,0.71941495,0.17886935,0.10171565,0.8070082623416389,0.14668357187542216,0.04630816578293897,H
1746,test,A,0.5559245,0.2508843,0.19319125,0.5744395501385122,0.2177765311634024,0.20778391869808527,H
1747,test,A,0.37623158,0.2327314,0.39103705,0.4029280005959936,0.1772319322118214,0.419840067192185,A
1748,test,A,0.4408241,0.21620494,0.342971,0.44480333453175125,0.24286835432072826,0.3123283111475206,H
1749,test,D,0.6777433,0.19649267,0.12576397,0.6852675438225467,0.17904632787479646,0.13568612830265667,H
1750,test,D,0.55467707,0.23103413,0.21428876,0.5598530558570212,0.22608539027622854,0.21406155386675046,H
1751,test,H,0.75663674,0.11694102,0.12642223,0.7895912755545531,0.16004104498412655,0.050367679461320244,H
1752,test,A,0.16202998,0.14998566,0.6879844,0.07013561268937142,0.11850533290854798,0.8113590544020806,A
1753,test,H,0.66415215,0.18217194,0.15367596,0.6759550094967272,0.19923022014247083,0.12481477036080194,H
1754,test,A,0.20416011,0.21262743,0.5832125,0.2555947034856107,0.17870647598285722,0.5656988205315321,A
1755,test,A,0.7096213,0.15876295,0.13161577,0.6832690477964787,0.20183415587903453,0.11489679632448677,H
1756,test,H,0.5706808,0.22836527,0.2009539,0.5536936871733572,0.26158352025330095,0.1847227925733419,H
1757,test,D,0.44288835,0.25484094,0.3022707,0.49629894797686075,0.21846376645625773,0.28523728556688144,H
1758,test,D,0.16297278,0.17445555,0.66257167,0.14518609290915938,0.171650114289462,0.6831637928013785,A
1759,test,H,0.56645745,0.22067034,0.21287219,0.5988589330375657,0.23545711465738303,0.16568395230505137,H
1760,test,H,0.34090522,0.2351778,0.42391697,0.2656703956161336,0.24821219439973857,0.48611740998412784,A
1761,test,H,0.72438645,0.1505507,0.12506285,0.8552103979552869,0.10038286455655686,0.04440673748815637,H
1762,test,D,0.44699556,0.18323563,0.36976883,0.3189055772771677,0.21732277821183885,0.4637716445109934,H
1763,test,A,0.25342408,0.1848209,0.561755,0.27972705691134375,0.2556971058909841,0.46457583719767204,A
1764,test,A,0.52096146,0.20124574,0.27779278,0.42879753213587335,0.26592043371945884,0.30528203414466787,H
1765,test,H,0.6975464,0.14522107,0.15723257,0.6204313496399525,0.20933515241079267,0.17023349794925494,H
1766,test,A,0.51767737,0.24290702,0.23941563,0.4850967404202422,0.2741097837135043,0.2407934758662535,H
1767,test,A,0.15052594,0.13833565,0.7111384,0.11579463661383,0.13498805601464398,0.749217307371526,A
1768,test,A,0.52506095,0.24879372,0.22614536,0.5388416193474003,0.1859640070583817,0.27519437359421806,H
1769,test,A,0.45892,0.23732355,0.3037565,0.49601571495961794,0.21447197872508264,0.2895123063152995,H
1770,test,D,0.7431986,0.16110902,0.09569242,0.8138120383236143,0.14039623973827509,0.045791721938110576,H
1771,test,A,0.61158746,0.22346039,0.16495219,0.625688493869736,0.1924582638494585,0.18185324228080546,H
1772,test,A,0.29691187,0.2596553,0.44343284,0.35369561877526273,0.22854820330378195,0.4177561779209553,A
1773,test,D,0.36519438,0.275678,0.3591276,0.39596313865559,0.2447303764486813,0.3593064848957287,H
1774,test,H,0.6817252,0.20012803,0.11814677,0.681868209405959,0.15262879816363006,0.16550299243041097,H
1775,test,A,0.6874693,0.1867394,0.12579127,0.7991250149840713,0.1465863952750542,0.054288589740874554,H
1776,test,H,0.7563604,0.14476542,0.098874174,0.7977721296816873,0.15738436790330734,0.04484350241500538,H
1777,test,D,0.476775,0.26098496,0.2622401,0.6916233825495693,0.17643862231523735,0.13193799513519341,H
1778,test,A,0.27817234,0.2686598,0.45316783,0.21751677924921164,0.20316807521929495,0.5793151455314934,A
1779,test,D,0.2953259,0.18804671,0.5166274,0.21718677765547337,0.1764741405866967,0.6063390817578299,A
1780,test,D,0.14871606,0.12873939,0.72254455,0.0298217513929414,0.07494548452606817,0.8952327640809905,A
1781,test,D,0.77372223,0.13029711,0.09598068,0.8086396020222081,0.14492146794906544,0.0464389300287266,H
1782,test,A,0.5378652,0.26691592,0.19521885,0.48987907285447435,0.20747923286436065,0.302641694281165,H
1783,test,D,0.7624875,0.1272996,0.1102129,0.8580826192302304,0.11778054288444442,0.02413683788532518,H
1784,test,H,0.67898464,0.18991221,0.13110311,0.7934781180483408,0.15238354611461163,0.054138335837047594,H
1785,test,D,0.35703546,0.21688035,0.42608416,0.3604736974109126,0.23732622713936613,0.4022000754497212,A
1786,test,H,0.6397018,0.17008367,0.19021453,0.7101211289406938,0.16160117280397135,0.128277698255335,H
1787,test,A,0.2724808,0.28601822,0.441501,0.28779191715878205,0.19610199040275658,0.5161060924384613,A
1788,test,A,0.45427823,0.24318291,0.3025389,0.458973258205337,0.23195463092966923,0.30907211086499375,H
1789,test,A,0.20624544,0.12675498,0.6669996,0.08219796725835614,0.09119719729921302,0.8266048354424309,A
1790,test,A,0.47824454,0.24316564,0.27858981,0.578783123715615,0.20579761168923472,0.21541926459515034,H
1791,test,H,0.14325945,0.16056778,0.69617283,0.0720429303315958,0.13249486986722897,0.7954621998011753,A
1792,test,D,0.5759822,0.19647348,0.22754437,0.6332971845351404,0.16591905861642775,0.20078375684843183,H
1793,test,A,0.18602253,0.2631467,0.5508308,0.18670680481500593,0.26262882270333854,0.5506643724816556,A
1794,test,A,0.14518966,0.18135652,0.6734538,0.10353989187522572,0.15987809454765134,0.7365820135771229,A
1795,test,H,0.7843472,0.12124254,0.09441032,0.8121461689840539,0.1458057071241422,0.04204812389180406,H
1796,test,A,0.48757738,0.31849423,0.19392839,0.45285339613629044,0.2916644087639542,0.2554821950997552,H
1797,test,H,0.7019595,0.16845675,0.12958376,0.819005325053983,0.13039647770600557,0.050598197240011404,H
1798,test,H,0.60715365,0.22094582,0.17190051,0.5574134472387692,0.20819769298992244,0.23438885977130833,H
1799,test,H,0.5211527,0.28128657,0.19756074,0.5592937809960165,0.2650382599650598,0.17566795903892365,H
1800,test,H,0.6323458,0.18399991,0.18365428,0.6196681465591506,0.21256313675418587,0.1677687166866636,H
1801,test,D,0.58214104,0.20719688,0.21066205,0.5655918915499041,0.24057642968631507,0.19383167876378082,H
1802,test,H,0.66289335,0.20892158,0.12818502,0.8067779876040725,0.1484065526696022,0.04481545972632526,H
1803,test,A,0.37014657,0.3092759,0.32057756,0.33166077968076374,0.21262020793732206,0.45571901238191415,H
1804,test,H,0.17021339,0.16666335,0.6631233,0.09440522542225507,0.1255186104483962,0.7800761641293488,A
1805,test,A,0.57307583,0.21324779,0.2136764,0.6238873529699187,0.1933055430354098,0.18280710399467148,H
1806,test,A,0.3197583,0.2612756,0.4189661,0.25581519102480094,0.1813202576449553,0.5628645513302437,A
1807,test,A,0.63016665,0.22702274,0.14281058,0.5568582809538254,0.2685686229088584,0.17457309613731622,H
1808,test,D,0.76382595,0.14702472,0.08914935,0.8564724036255965,0.1092519594751683,0.03427563689923521,H
1809,test,H,0.43293262,0.28108564,0.2859817,0.4472521735083622,0.289942969260541,0.2628048572310968,H
1810,test,A,0.3076215,0.24156867,0.45080984,0.3265029985340664,0.23348776720094727,0.4400092342649862,A
1811,test,H,0.701354,0.204757,0.09388893,0.8149906376358246,0.15449520600213554,0.030514156362040003,H
1812,test,D,0.1632822,0.17567153,0.66104627,0.12439802535684374,0.1893633947622756,0.6862385798808808,A
1813,test,A,0.6329294,0.215287,0.1517836,0.6682089417890988,0.20158362069352598,0.13020743751737526,H
1814,test,A,0.467884,0.20039755,0.33171847,0.3561761813278223,0.22702747141966026,0.41679634725251735,H
1815,test,D,0.16714753,0.17065415,0.66219836,0.15524148298599963,0.16627496953627333,0.678483547477727,A
1816,test,D,0.6669055,0.19350298,0.13959152,0.6300404559369578,0.2094870761104813,0.160472467952561,H
1817,test,D,0.7862621,0.107585005,0.106152914,0.8470453285901914,0.11511901019083184,0.03783566121897672,H
1818,test,H,0.42871097,0.22534342,0.3459456,0.4576612823636111,0.22147009827071296,0.32086861936567596,H
1819,test,D,0.3805936,0.21258199,0.40682438,0.42046649554737,0.21867139580458878,0.36086210864804125,A
1820,test,D,0.676527,0.18873598,0.13473698,0.7128814499025887,0.1893900039094738,0.0977285461879375,H
1821,test,D,0.4899859,0.2131933,0.29682073,0.44271453892166807,0.22076723348602972,0.3365182275923022,H
1822,test,H,0.42954016,0.21839729,0.35206252,0.46894149588053835,0.18878667787083003,0.3422718262486316,H
1823,test,H,0.43672934,0.19871424,0.36455643,0.38435379385416146,0.22194077664733217,0.39370542949850623,H
1824,test,H,0.5498911,0.2551666,0.1949423,0.6502197958828398,0.23123736560475672,0.11854283851240355,H
1825,test,D,0.26321346,0.23649757,0.50028896,0.26365176130448537,0.22491665824074913,0.5114315804547656,A
1826,test,H,0.6569352,0.17656045,0.16650432,0.7046788136708922,0.22426855409165722,0.07105263223745048,H
1827,test,A,0.60858524,0.19011891,0.20129587,0.6160026997711857,0.1896361454336478,0.19436115479516652,H
1828,test,A,0.40684012,0.20045424,0.39270568,0.2969172201869498,0.2370055725919816,0.46607720722106866,H
1829,test,H,0.44489354,0.28224164,0.27286476,0.44972668016147993,0.2550926606923746,0.2951806591461454,H
1830,test,A,0.6908101,0.19664289,0.112547025,0.8160221141409927,0.1341627627926296,0.049815123066377726,H
1831,test,D,0.55042976,0.23573904,0.21383119,0.5097906484876445,0.26143492921261224,0.22877442229974326,H
1832,test,A,0.13412105,0.17303103,0.69284797,0.12089524459962167,0.18847376041332692,0.6906309949870515,A
1833,test,H,0.68673724,0.1830023,0.13026042,0.6915895618349898,0.18174104813852265,0.1266693900264876,H
1834,test,A,0.27039877,0.24029535,0.48930582,0.32209452476719697,0.22337199255247586,0.45453348268032706,A
1835,test,H,0.48157087,0.22051118,0.2979179,0.4743224419375837,0.2252550765887952,0.3004224814736211,H
1836,test,D,0.26453212,0.28124106,0.45422685,0.37032376946545503,0.19665574827992,0.43302048225462486,A
1837,test,H,0.6431362,0.20595014,0.1509137,0.6627423558228535,0.19703650430780534,0.14022113986934118,H
1838,test,A,0.67644584,0.13660249,0.18695168,0.5520103639911236,0.23513185149679727,0.2128577845120792,H
1839,test,D,0.5638493,0.222816,0.21333472,0.6219177627497132,0.18028343223071536,0.19779880501957142,H
1840,test,A,0.52483505,0.20851406,0.26665092,0.5422008517805385,0.2400763782943838,0.21772276992507777,H
1841,test,H,0.59316444,0.21992943,0.18690616,0.6228940021636112,0.21546190049097005,0.16164409734541868,H
1842,test,A,0.5081912,0.25967956,0.23212925,0.5017924594092465,0.250780136194932,0.2474274043958214,H
1843,test,D,0.17880876,0.17971097,0.64148027,0.2349949066566907,0.2460145237480574,0.5189905695952518,A
1844,test,H,0.52143735,0.25328037,0.2252823,0.6147620216061438,0.23855314274514322,0.14668483564871287,H
1845,test,A,0.44001245,0.19229469,0.36769286,0.4045130703887492,0.19290781023072448,0.4025791193805263,H
1846,test,H,0.49869153,0.28779772,0.21351075,0.6392405672301036,0.2024746640353603,0.15828476873453623,H
1847,test,H,0.55137545,0.25318238,0.19544217,0.713743452307815,0.18311456949239133,0.10314197819979373,H
1848,test,D,0.6704806,0.19018221,0.1393372,0.6387506790212569,0.21958732911190987,0.1416619918668333,H
1849,test,H,0.59726804,0.23769458,0.16503736,0.604471510660664,0.21032872063962207,0.18519976869971397,H
1850,test,D,0.6925713,0.17500117,0.13242756,0.6491094805063408,0.19677691953337234,0.154113599960287,H
1851,test,A,0.1801851,0.17198788,0.647827,0.037134773497324976,0.10327748622602638,0.8595877402766487,A
1852,test,A,0.58696,0.18844734,0.22459263,0.530921517017033,0.23576271250902892,0.23331577047393792,H
1853,test,H,0.73119277,0.15206547,0.11674176,0.8247488754364811,0.13266357858016886,0.042587545983350024,H
1854,test,H,0.31841195,0.17904575,0.5025423,0.3647595231110233,0.20121232960750005,0.4340281472814766,A
1855,test,H,0.69129455,0.1815419,0.12716354,0.686031091004157,0.19082662513321028,0.1231422838626327,H
1856,test,H,0.36803466,0.24019298,0.39177242,0.3175350442451297,0.2239816726001467,0.4584832831547237,A
1857,test,A,0.36908302,0.24337907,0.38753793,0.3390442289287826,0.25536325594964715,0.40559251512157024,A
1858,test,H,0.49669698,0.28659526,0.21670769,0.44684876933845014,0.2734047075198388,0.2797465231417111,H
1859,test,H,0.5417022,0.21923359,0.23906419,0.6693028769321517,0.19521679777449222,0.13548032529335616,H
1860,test,H,0.6881797,0.19281712,0.11900324,0.7967930637916928,0.14460457625414624,0.05860235995416107,H
1861,test,H,0.6660909,0.18340616,0.15050292,0.5911667298395381,0.22959895879198333,0.17923431136847856,H
1862,test,H,0.42415404,0.19427398,0.38157204,0.43794189273797834,0.2756187694566693,0.28643933780535247,H
1863,test,D,0.24018015,0.18181771,0.57800215,0.22465035728694735,0.2844402193694956,0.490909423343557,A
1864,test,A,0.69382924,0.16392046,0.14225027,0.7174453302508583,0.19435298389259287,0.08820168585654894,H
1865,test,H,0.63139224,0.19395998,0.17464775,0.6329984494385975,0.18994441858464,0.17705713197676254,H
1866,test,H,0.46090797,0.21113491,0.32795718,0.43353734822425855,0.25897467686417297,0.3074879749115686,H
1867,test,A,0.5259562,0.24272338,0.23132043,0.46310223676527845,0.24966611241593878,0.28723165081878277,H
1868,test,D,0.22698347,0.19344176,0.5795748,0.22123808495772168,0.24609710458768744,0.5326648104545909,A
1869,test,H,0.70397186,0.1565831,0.13944504,0.7829280843006217,0.15291603819410682,0.06415587750527152,H
1870,test,A,0.44720897,0.18756741,0.3652236,0.37945809417027243,0.2701538794266173,0.35038802640311023,H
1871,test,D,0.6454449,0.18025038,0.1743047,0.746190582140892,0.16739860354812167,0.08641081431098634,H
1872,test,H,0.70319617,0.19033243,0.10647138,0.7660006318678372,0.16933415187456158,0.06466521625760119,H
1873,test,D,0.32989275,0.21749888,0.45260832,0.41556273903229207,0.24941312034837268,0.33502414061933516,A
1874,test,D,0.18201293,0.14708914,0.6708979,0.07448765301308873,0.1137049349946311,0.8118074119922802,A
1875,test,D,0.43700013,0.19636726,0.36663264,0.36290749978856174,0.2329920127292108,0.4041004874822276,H
1876,test,D,0.60911006,0.14460266,0.2462873,0.5843421040845079,0.1711173509354532,0.24454054498003883,H
1877,test,A,0.1670713,0.1699214,0.66300726,0.11163614569533503,0.1429027292090888,0.7454611250955763,A
1878,test,D,0.44524702,0.2627108,0.29204214,0.47510942028709413,0.2672306581106682,0.2576599216022377,H
1879,test,H,0.71400464,0.16717206,0.11882324,0.8625066800305126,0.10859999915908453,0.02889332081040297,H
1880,test,H,0.42182815,0.16471729,0.4134546,0.46419229934109146,0.22464308751385886,0.3111646131450495,H
1881,test,D,0.60023046,0.19907063,0.2006989,0.6093979387287193,0.18249717008382896,0.2081048911874518,H
1882,test,A,0.51811117,0.26013285,0.221756,0.5384133725845893,0.2745961891381535,0.18699043827725734,H
1883,test,H,0.36017624,0.18878853,0.45103526,0.3558656220242446,0.24020743732455072,0.40392694065120477,A
1884,test,H,0.6355442,0.18849264,0.17596318,0.5295312148250662,0.24449884950732517,0.2259699356676086,H
1885,test,H,0.6184959,0.20221819,0.17928597,0.5759595955277086,0.20947761008689395,0.21456279438539744,H
1886,test,D,0.20177609,0.20645565,0.59176826,0.1291567976194726,0.21803748406364848,0.652805718316879,A
1887,test,H,0.75142616,0.13943335,0.10914055,0.9149376149564478,0.07509690690639995,0.009965478137152359,H
1888,test,D,0.42063734,0.20388208,0.37548056,0.4060548228192884,0.1904362325683439,0.40350894461236775,H
1889,test,H,0.60967416,0.23570332,0.15462252,0.6441369865606879,0.23442161326892882,0.12144140017038335,H
1890,test,A,0.44515568,0.24901049,0.3058338,0.46393605604732463,0.2593912616800531,0.2766726822726222,H
1891,test,D,0.35577834,0.21642402,0.42779762,0.29250146217126977,0.24016715539950537,0.46733138242922484,A
1892,test,A,0.17382327,0.16210389,0.6640729,0.12674065070091398,0.20232286747791864,0.6709364818211674,A
1893,test,H,0.3976963,0.22258478,0.37971896,0.3670968008985492,0.2221153460741577,0.41078785302729304,H
1894,test,D,0.5991654,0.23667063,0.16416404,0.6213131939102794,0.21442686167747294,0.1642599444122477,H
1895,test,A,0.65655226,0.20264761,0.14080015,0.8094318558257415,0.1308536500807428,0.05971449409351565,H
1896,test,D,0.5191011,0.16816424,0.31273463,0.4651550123132105,0.21328344235212054,0.3215615453346689,H
1897,test,H,0.47479594,0.2215335,0.30367061,0.5099087720427359,0.22806005857599876,0.26203116938126536,H
1898,test,H,0.38397563,0.24914023,0.36688417,0.4391986602816681,0.2214052002336489,0.33939613948468295,H
1899,test,H,0.36858395,0.24596171,0.3854543,0.31186044009229574,0.27217789447480745,0.41596166543289687,A
1900,test,H,0.8386501,0.08295976,0.07839016,0.9768369282711237,0.014566539423970343,0.008596532304906083,H
1901,test,H,0.6007493,0.24073218,0.15851851,0.5810608642367106,0.24853542680165527,0.17040370896163415,H
1902,test,H,0.48155984,0.26778784,0.2506523,0.46493391200593764,0.26620151239285267,0.2688645756012097,H
1903,test,H,0.25145045,0.19997181,0.5485777,0.09401450075732859,0.4505310243435619,0.45545447489910945,A
1904,test,H,0.1848477,0.23220001,0.5829523,0.22100272389432937,0.27909885358922526,0.49989842251644545,A
1905,test,A,0.53345376,0.25044116,0.21610507,0.5829702347217282,0.219101098340342,0.19792866693792985,H
1906,test,H,0.33460036,0.25322393,0.41217574,0.37781246839010774,0.21708245653955593,0.4051050750703362,A
1907,test,H,0.6686107,0.22320214,0.10818715,0.7331805676380042,0.18880100401568267,0.07801842834631316,H
1908,test,D,0.27839345,0.24892415,0.47268236,0.3364233362663547,0.18954068064160562,0.47403598309203976,A
1909,test,A,0.43428126,0.23432642,0.33139238,0.4421499236060455,0.2286476366150958,0.3292024397788587,H
1910,test,A,0.18909396,0.16134915,0.6495569,0.12930630333249857,0.16459926626852453,0.7060944303989768,A
1911,test,D,0.67346287,0.1761048,0.15043236,0.6793631666384244,0.1676969471534239,0.15293988620815166,H
1912,test,A,0.4067537,0.27663702,0.3166093,0.4216647092807529,0.24065976396287905,0.33767552675636814,H
1913,test,D,0.601871,0.21686402,0.18126497,0.6046570045423095,0.2633998784938646,0.13194311696382582,H
1914,test,A,0.3034841,0.21508381,0.4814321,0.31929380728220824,0.20294046387705045,0.4777657288407413,A
1915,test,H,0.57779115,0.18355338,0.23865548,0.557252959799631,0.21608206698048088,0.2266649732198881,H
1916,test,D,0.38100097,0.21730562,0.40169346,0.3516064775046767,0.2081489415802021,0.44024458091512125,A
1917,test,H,0.69878036,0.16987813,0.13134153,0.7656040613278697,0.17688889071230782,0.057507047959822366,H
1918,test,H,0.47571155,0.22677831,0.2975101,0.502165127062464,0.18062490782780657,0.3172099651097295,H
1919,test,A,0.20461226,0.3746168,0.42077094,0.3172789502484892,0.29592512142553856,0.3867959283259722,A
1920,test,A,0.1775519,0.14038436,0.68206376,0.11348830840673405,0.1533928322417954,0.7331188593514706,A
1921,test,D,0.5340617,0.23075275,0.23518556,0.5139759756676086,0.24716531271658634,0.238858711615805,H
1922,test,D,0.5524664,0.26048723,0.18704636,0.5321913814075918,0.26573878945224005,0.20206982914016816,H
1923,test,A,0.47241542,0.2277513,0.29983324,0.4970921247265416,0.21609313726772417,0.2868147380057342,H
1924,test,D,0.33325756,0.19828933,0.46845314,0.42238117252736246,0.21620906776363238,0.3614097597090052,A
1925,test,H,0.7777404,0.14265865,0.07960088,0.8977236029679021,0.07472973729534854,0.027546659736749343,H
1926,test,D,0.48077437,0.21906893,0.3001567,0.4460365456679142,0.2341298376647146,0.3198336166673711,H
1927,test,D,0.5866895,0.22352748,0.18978308,0.5833943621587123,0.24689047885540072,0.16971515898588682,H
1928,test,H,0.68349653,0.18445985,0.13204367,0.8746168261412219,0.0986948207558446,0.026688353102933403,H
1929,test,D,0.34093913,0.24083897,0.41822192,0.3461253963133168,0.22921653441627227,0.424658069270411,A
1930,test,A,0.60337055,0.21811895,0.1785105,0.5655883251409106,0.264262298694932,0.1701493761641574,H
1931,test,D,0.5907643,0.17021252,0.23902324,0.5208048778858136,0.191467417876357,0.2877277042378294,H
1932,test,D,0.55577224,0.25283366,0.19139408,0.6060358758859576,0.22780882875592454,0.16615529535811774,H
1933,test,A,0.5401707,0.24463865,0.2151906,0.6874915835643522,0.22757211767232938,0.08493629876331829,H
1934,test,D,0.6738812,0.16929723,0.15682161,0.6913793648632259,0.17588840059112718,0.1327322345456469,H
1935,test,A,0.21740137,0.23229483,0.55030376,0.21532069995741102,0.20736584716551607,0.5773134528770729,A
1936,test,D,0.29712582,0.24711359,0.45576057,0.2878897014837727,0.2028084981821177,0.5093018003341097,A
1937,test,A,0.2142531,0.23692083,0.54882604,0.21895158808058734,0.20952627584083147,0.5715221360785813,A
1938,test,A,0.38425213,0.24788734,0.3678605,0.3773808876830794,0.25495925270225367,0.36765985961466685,H
1939,test,H,0.33626208,0.2271504,0.43658754,0.3351650479551039,0.22443390310175548,0.44040104894314064,A
1940,test,H,0.49808133,0.23534916,0.2665695,0.537743191326788,0.20097652926215223,0.2612802794110597,H
1941,test,H,0.23718613,0.264164,0.49864987,0.25585319480409696,0.22889894195168284,0.5152478632442201,A
1942,test,H,0.648305,0.19459811,0.15709683,0.7607863913843653,0.16861952879784017,0.0705940798177945,H
1943,test,H,0.43321916,0.21847112,0.34830976,0.46217826685554286,0.27154792442826503,0.266273808716192,H
1944,test,A,0.5220848,0.21379071,0.26412445,0.6438558340585089,0.20355841980125364,0.15258574614023757,H
1945,test,A,0.228217,0.24941655,0.52236646,0.24737019375800517,0.1984883076493058,0.554141498592689,A
1946,test,A,0.43593284,0.19318938,0.37087774,0.4236322137896443,0.22127406431873536,0.3550937218916203,H
1947,test,D,0.26834145,0.2094279,0.5222307,0.2754311418321498,0.20187970806045605,0.5226891501073941,A
1948,test,D,0.47203863,0.27183336,0.25612807,0.48032807388164417,0.2630205189025779,0.25665140721577784,H
1949,test,H,0.71388286,0.18631993,0.09979722,0.8480078932124737,0.1190763167724774,0.03291579001504885,H
1950,pending,,0.74262244,0.14087075,0.11650685,0.8023485083525558,0.15303536280914232,0.044616128838301974,H
1951,pending,,0.53024,0.21586578,0.25389418,0.48326953920408666,0.21970152367351947,0.29702893712239387,H
1952,pending,,0.48064044,0.29806143,0.22129808,0.4258740525004195,0.2700916897663785,0.304034257733202,H
1953,pending,,0.2210977,0.27913457,0.49976778,0.20851976915566725,0.20090417992462115,0.5905760509197117,A
1954,pending,,0.610409,0.21240757,0.1771834,0.6338831056976038,0.24221528852513374,0.12390160577726249,H
1955,pending,,0.37008056,0.23472188,0.3951976,0.2638279607121537,0.20809221745688272,0.5280798218309636,A
1956,pending,,0.43427095,0.26940298,0.2963261,0.4080536615491181,0.28481440038800687,0.30713193806287514,H
1957,pending,,0.33755437,0.223435,0.43901062,0.41500756552532203,0.2037082149055019,0.3812842195691762,A
1958,pending,,0.32580784,0.30410564,0.37008655,0.4980771750003276,0.22848183859229723,0.2734409864073751,A
1959,pending,,0.24287748,0.26652262,0.4905999,0.2884861976919864,0.2690546061769541,0.44245919613105944,A
1960,pending,,0.36142054,0.23495907,0.40362036,0.36931222392531066,0.20879917517680568,0.42188860089788366,A
1961,pending,,0.49326828,0.20501278,0.30171892,0.5356530361679388,0.21031685203910985,0.2540301117929514,H
1962,pending,,0.43041188,0.22294715,0.34664097,0.4352029442666159,0.2191959834841007,0.3456010722492833,H
1963,pending,,0.81039995,0.10701302,0.082586996,0.9236386815232356,0.07002001726243569,0.006341301214328722,H
1964,pending,,0.45760456,0.21777596,0.32461953,0.3736086421167582,0.2668815680826934,0.3595097898005483,H
1965,pending,,0.61199296,0.20898671,0.17902029,0.6162320647229599,0.20690241267374185,0.17686552260329821,H
1966,pending,,0.66025364,0.18275747,0.15698886,0.6958764161952322,0.17473424678631216,0.1293893370184556,H
1967,pending,,0.2701509,0.26830253,0.46154657,0.2780050458505546,0.1937899687531791,0.5282049853962663,A
1968,pending,,0.15067524,0.18543999,0.66388476,0.2714827276342496,0.21822721744383755,0.5102900549219128,A
1969,pending,,0.40419468,0.19821227,0.39759305,0.38033530864197623,0.22808923900353933,0.39157545235448443,H
1970,pending,,0.19008619,0.15644991,0.65346396,0.19915949588679566,0.21070706993012656,0.5901334341830778,A
1971,pending,,0.7119651,0.15827538,0.12975956,0.790054160488746,0.15872980890176017,0.0512160306094938,H
1972,pending,,0.28008103,0.25477275,0.46514627,0.4633405766231763,0.23308846271633485,0.30357096066048883,A
1973,pending,,0.540616,0.27052563,0.18885842,0.5250081913583315,0.26180983970805205,0.21318196893361635,H
1974,pending,,0.352217,0.2694154,0.3783676,0.30553780404946645,0.25071169860497333,0.44375049734556016,A
1975,pending,,0.48308256,0.20560972,0.31130767,0.5776158468535625,0.21725482580208152,0.20512932734435604,H
1976,pending,,0.36485034,0.21135648,0.42379317,0.31507859407607747,0.2013560021695663,0.48356540375435625,A
1977,pending,,0.52015764,0.25123435,0.22860797,0.6613128919938496,0.1357232536570523,0.20296385434909803,H
1978,pending,,0.5644041,0.2071158,0.22848009,0.4753407374634491,0.23007464626568067,0.2945846162708701,H
1979,pending,,0.34373823,0.2400901,0.41617164,0.34588465513250916,0.2904003031804242,0.36371504168706664,A
1980,pending,,0.6636455,0.19878615,0.13756835,0.7051354499691276,0.17667149537237647,0.118193054658496,H
1981,pending,,0.6568818,0.20742668,0.1356915,0.6703486278768774,0.19781146152296963,0.13183991060015282,H
1982,pending,,0.5869432,0.27216434,0.14089249,0.5475301358505181,0.2554514675366237,0.19701839661285817,H
1983,pending,,0.43321246,0.2800546,0.286733,0.38218610389548674,0.2325541521699344,0.38525974393457896,H
1984,pending,,0.3478619,0.3080488,0.3440893,0.37795357751935577,0.22749814379875424,0.3945482786818899,H
1985,pending,,0.55464363,0.29001123,0.1553451,0.6241129101913253,0.232087897461017,0.14379919234765767,H
1986,pending,,0.6055904,0.2641513,0.13025826,0.7906352658694106,0.14380989378716538,0.06555484034342407,H
1987,pending,,0.35279223,0.28190038,0.36530733,0.3698998007527821,0.23228136137660876,0.3978188378706092,A
1988,pending,,0.2763204,0.325737,0.3979426,0.48534887914032576,0.23228439931158903,0.28236672154808534,A
1989,pending,,0.52192897,0.2852979,0.1927731,0.4926633554425517,0.23154776378455136,0.2757888807728968,H
1990,pending,,0.6221417,0.23013248,0.14772582,0.5535689066205551,0.24300874604637115,0.20342234733307377,H
1991,pending,,0.6871878,0.20279849,0.110013716,0.7880451691173221,0.16610763345548293,0.045847197427195036,H
1992,pending,,0.38025758,0.23576641,0.383976,0.46347115972478403,0.21206929330830432,0.32445954696691165,A
1993,pending,,0.5441985,0.28145197,0.1743495,0.5306858420467553,0.22204652867158356,0.24726762928166104,H
1994,pending,,0.14123173,0.2351134,0.62365484,0.24990009321949114,0.20459061606421103,0.5455092907162978,A
1995,pending,,0.54446703,0.2461289,0.20940402,0.5511411804552868,0.2252817258542296,0.2235770936904836,H
1996,pending,,0.24263866,0.30557066,0.45179072,0.4011243113781123,0.20914084766596222,0.3897348409559255,A
1997,pending,,0.17768784,0.2571464,0.56516576,0.19137470995663886,0.17485438526639824,0.6337709047769629,A
1998,pending,,0.5010649,0.27216518,0.22676997,0.5421041645395491,0.25146807555942796,0.20642775990102305,H
1999,pending,,0.3705379,0.2901724,0.3392897,0.42514491313588243,0.24079822455644825,0.33405686230766923,H
2000,pending,,0.64160335,0.22249496,0.13590169,0.6277023207902607,0.19831239085999752,0.1739852883497417,H
2001,pending,,0.6893686,0.19091842,0.119712986,0.6643817438693881,0.20833187198161532,0.12728638414899665,H
2002,pending,,0.5807015,0.26747942,0.15181912,0.5542392530087131,0.2456331627732609,0.20012758421802604,H
2003,pending,,0.38602215,0.32289696,0.29108092,0.39012009212037835,0.255154837791106,0.3547250700885157,H
2004,pending,,0.7301498,0.15931816,0.11053201,0.7839948894714208,0.1729840445980569,0.043021065930522434,H
2005,pending,,0.20165889,0.29353073,0.5048104,0.20613020750057073,0.1974130416457613,0.596456750853668,A
2006,pending,,0.5689919,0.2620918,0.16891636,0.5541244258181256,0.23185565843225825,0.21401991574961618,H
2007,pending,,0.27133492,0.31693682,0.41172823,0.3616967899881351,0.2374288701295873,0.4008743398822776,A
2008,pending,,0.52304375,0.2990547,0.17790154,0.6064408378987614,0.19128703883934026,0.20227212326189836,H
2009,pending,,0.5037574,0.32767677,0.16856582,0.4772774017233476,0.2626261162136724,0.26009648206298003,H
2010,pending,,0.3856711,0.2479681,0.3663608,0.5245843384897813,0.2008837322701899,0.2745319292400288,H
2011,pending,,0.16444895,0.27765584,0.55789524,0.1404148689889187,0.17886783333140926,0.680717297679672,A
2012,pending,,0.5096137,0.2821662,0.20822011,0.5039730310137824,0.23980349984121738,0.2562234691450001,H
2013,pending,,0.54556173,0.2689304,0.18550792,0.6131303091460837,0.20376198911875082,0.18310770173516558,H
2014,pending,,0.47664225,0.29712275,0.226235,0.6983158281852074,0.16381960511595725,0.13786456669883523,H
2015,pending,,0.5591411,0.2839666,0.15689233,0.5114432087142535,0.25209213304554423,0.23646465824020224,H
2016,pending,,0.37823308,0.30388626,0.31788066,0.42297332100945445,0.2442546309308686,0.332772048059677,H
2017,pending,,0.2333286,0.3025434,0.46412808,0.2774668897086422,0.2671102901274581,0.4554228201638996,A
2018,pending,,0.28624254,0.23794019,0.47581732,0.4661683966603642,0.2049674702500703,0.3288641330895654,A
2019,pending,,0.5799907,0.27513105,0.1448783,0.5876288223751654,0.24423819351023124,0.16813298411460328,H
2020,pending,,0.57527363,0.27865127,0.1460751,0.621154532715188,0.20696808727421875,0.17187738001059316,H
2021,pending,,0.4755979,0.34791473,0.17648737,0.5306978616795829,0.22105646332778023,0.24824567499263678,H
2022,pending,,0.21487725,0.3951137,0.39000902,0.26914898495321204,0.17161519522301572,0.5592358198237724,D
2023,pending,,0.5612641,0.29451674,0.14421915,0.6000701276358082,0.2151780586118761,0.18475181375231567,H
2024,pending,,0.53308034,0.30739042,0.15952924,0.5540428498712916,0.25163929649683353,0.1943178536318748,H
2025,pending,,0.52098805,0.26261526,0.21639667,0.4850566340412272,0.25155066263731546,0.26339270332145737,H
2026,pending,,0.6350875,0.2541896,0.11072294,0.7210988674421878,0.18330437409108258,0.09559675846672966,H
2027,pending,,0.7237619,0.1740168,0.10222128,0.8601497888016026,0.11602421686682703,0.023825994331570285,H
2028,pending,,0.39438996,0.31967086,0.28593913,0.45251710393489103,0.23436921447615156,0.31311368158895736,H
2029,pending,,0.29498458,0.3117662,0.39324927,0.3128923704659986,0.23025540126458263,0.4568522282694187,A
2030,pending,,0.64808375,0.23230277,0.11961352,0.654380531367019,0.2028492100718197,0.14277025856116127,H
2031,pending,,0.6014444,0.28015894,0.118396655,0.6063966829180819,0.21657911920207232,0.17702419787984566,H
2032,pending,,0.22376692,0.38501677,0.3912163,0.27608590095796287,0.17679359154795735,0.5471205074940798,A
2033,pending,,0.29172888,0.40814415,0.3001269,0.4377050345783966,0.22413042667150607,0.33816453875009733,D
2034,pending,,0.53298914,0.3042743,0.16273656,0.5579989445155105,0.24125281848712218,0.2007482369973674,H
2035,pending,,0.54632086,0.30199468,0.15168443,0.6206299693635187,0.2329349560451073,0.14643507459137411,H
2036,pending,,0.6393703,0.23052211,0.13010761,0.7047765466114899,0.19099297748073352,0.10423047590777652,H
2037,pending,,0.5373762,0.30263135,0.15999243,0.5355692858030224,0.22241119552926514,0.24201951866771246,H
2038,pending,,0.26729566,0.381718,0.3509863,0.3874637818965286,0.22649309343051036,0.3860431246729611,D
2039,pending,,0.15321147,0.26382127,0.5829673,0.0834492405495745,0.10973234381075166,0.8068184156396738,A
2040,pending,,0.64627486,0.2282441,0.12548105,0.8290583528756696,0.12735817912264794,0.04358346800168229,H
2041,pending,,0.59794164,0.24216202,0.1598964,0.5838178980040122,0.21791734774878377,0.19826475424720397,H
2042,pending,,0.18645316,0.35027507,0.4632718,0.29507916062598494,0.22052924266097967,0.4843915967130353,A
2043,pending,,0.20820913,0.34705192,0.44473892,0.30883635711790347,0.21877226687661408,0.47239137600548253,A
2044,pending,,0.26752305,0.34288925,0.38958773,0.3934259615486875,0.24421798838117412,0.36235605007013844,A
2045,pending,,0.5512971,0.2932015,0.1555014,0.5607631265317914,0.2438934445026648,0.19534342896554385,H
2046,pending,,0.14211199,0.2529686,0.60491943,0.16576374742021555,0.18704848290101148,0.647187769678773,A
2047,pending,,0.63326305,0.22703938,0.13969755,0.7199747747659692,0.18627008727187905,0.09375513796215186,H
2048,pending,,0.66292226,0.21593687,0.12114088,0.8345469089237827,0.12786986543296586,0.037583225643251485,H
2049,pending,,0.44997874,0.28901562,0.2610056,0.500911496089188,0.2433910438484572,0.2556974600623549,H
2050,pending,,0.5931737,0.26803294,0.13879333,0.810840483176581,0.1351584637254508,0.05400105309796834,H
2051,pending,,0.6173383,0.24948025,0.13318147,0.6314387629883191,0.21859065795439855,0.14997057905728237,H
2052,pending,,0.4928722,0.30561772,0.20151006,0.548125370493296,0.23213826180779493,0.21973636769890903,H
2053,pending,,0.63462746,0.23670223,0.12867032,0.7309829914715334,0.1960185134865065,0.07299849504196024,H
2054,pending,,0.36930487,0.32990432,0.3007908,0.4725097667458227,0.22700873789688653,0.3004814953572909,H
2055,pending,,0.43111247,0.2815913,0.28729627,0.47745101160119285,0.24427629219560743,0.2782726962031996,H
2056,pending,,0.6621288,0.21318166,0.12468954,0.7755370875321804,0.16949363822640473,0.05496927424141475,H
2057,pending,,0.6685448,0.21477059,0.11668458,0.8518447115695887,0.1175061463994359,0.03064914203097534,H
2058,pending,,0.33879024,0.27728477,0.38392502,0.42521366957593115,0.23372449020659475,0.34106184021747415,A
2059,pending,,0.5014689,0.30372056,0.19481054,0.5241184162790251,0.246292390833853,0.22958919288712187,H
2060,pending,,0.62618417,0.22916804,0.14464778,0.642819001994549,0.21713085096982843,0.1400501470356225,H
2061,pending,,0.46739239,0.2909338,0.24167386,0.4945476128741919,0.23473306761432128,0.2707193195114869,H
2062,pending,,0.22751981,0.32631406,0.44616616,0.36103912262493737,0.23207153093001756,0.4068893464450451,A
2063,pending,,0.19938819,0.32621387,0.47439793,0.30851467374893565,0.21234302248391387,0.47914230376715033,A
2064,pending,,0.13939257,0.24941976,0.61118764,0.15242382043586608,0.17831153895619853,0.6692646406079354,A
2065,pending,,0.20368412,0.30416328,0.4921526,0.243077498634084,0.17838943129466028,0.5785330700712557,A
2066,pending,,0.17648524,0.2956068,0.5279079,0.22670353304237215,0.20520198560822112,0.5680944813494068,A
2067,pending,,0.20866759,0.3124203,0.47891214,0.3311362447636897,0.233098914080405,0.43576484115590525,A
2068,pending,,0.13631594,0.216234,0.6474501,0.14351582439836924,0.14445489191836444,0.7120292836832662,A
2069,pending,,0.6383933,0.21776001,0.14384672,0.6650801427818582,0.20581486265407145,0.12910499456407018,H
2070,pending,,0.22120742,0.32734424,0.4514483,0.21583661596564582,0.16429560121072623,0.619867782823628,A
2071,pending,,0.45953417,0.31507745,0.22538833,0.48374752566563667,0.23773466571804222,0.2785178086163211,H
2072,pending,,0.2012911,0.37842733,0.42028156,0.2297324715687459,0.2023487275711815,0.5679188008600726,A
2073,pending,,0.39494616,0.2681125,0.33694136,0.495233069451208,0.21521123741141682,0.2895556931373752,H
2074,pending,,0.22789031,0.3244844,0.44762528,0.33916386507692975,0.23442076974348738,0.42641536517958284,A
2075,pending,,0.27747354,0.32378906,0.39873743,0.36281100958236184,0.2320996578972382,0.4050893325204,A
2076,pending,,0.15452008,0.2744718,0.5710081,0.1535511560667419,0.13820379599736266,0.7082450479358955,A
2077,pending,,0.1627354,0.34647343,0.49079114,0.17839128515625008,0.1938465319204332,0.6277621829233168,A
2078,pending,,0.6805827,0.21383457,0.10558275,0.6691783167101928,0.2069256015822179,0.12389608170758941,H
2079,pending,,0.48900717,0.34316868,0.16782415,0.5716700293500713,0.22760724432996404,0.2007227263199647,H
2080,pending,,0.3642347,0.36758193,0.26818344,0.45380223476317394,0.2378247421903331,0.30837302304649294,D
2081,pending,,0.6839212,0.20612542,0.109953314,0.903194276645695,0.08710271713943607,0.009703006214869088,H
2082,pending,,0.43859994,0.35110882,0.21029119,0.5076380144494612,0.21569027370902452,0.27667171184151435,H
2083,pending,,0.58192015,0.30586255,0.11221724,0.6138963334699821,0.2193934073999383,0.16671025913007967,H
2084,pending,,0.39014864,0.33069387,0.27915752,0.508445377083051,0.2111977220426432,0.2803569008743057,H
2085,pending,,0.65073115,0.2290071,0.12026177,0.7507836285729724,0.17189341448168746,0.0773229569453401,H
2086,pending,,0.4886532,0.28828377,0.223063,0.48149855873445496,0.23515574970172648,0.28334569156381856,H
2087,pending,,0.5228075,0.27396533,0.20322718,0.5048604833292191,0.24168097736475053,0.2534585393060304,H
2088,pending,,0.5023348,0.27530017,0.22236507,0.5268158770630907,0.22209010022264122,0.251094022714268,H
2089,pending,,0.6600973,0.21832556,0.121577166,0.8830583532497323,0.09989946874840168,0.017042178001865894,H
2090,pending,,0.67027116,0.22592722,0.103801586,0.8410398507465572,0.12128456580975042,0.03767558344369231,H
2091,pending,,0.5320971,0.29387268,0.17403015,0.5603338160036455,0.2180640187490325,0.22160216524732188,H
2092,pending,,0.38616085,0.3298329,0.2840062,0.42657750849519843,0.2212624871880003,0.35216000431680133,H
2093,pending,,0.4314751,0.33898908,0.22953583,0.4747681014037178,0.23808749486675726,0.28714440372952504,H
2094,pending,,0.22435784,0.40369147,0.37195066,0.33613881056168105,0.20782702086212065,0.4560341685761984,D
2095,pending,,0.24811591,0.3728599,0.37902415,0.3735826584066411,0.22209946797960595,0.4043178736137529,A
2096,pending,,0.54607886,0.29207873,0.16184242,0.5652060167331443,0.2462898370931945,0.18850414617366124,H
2097,pending,,0.19622485,0.28966787,0.5141073,0.2508056561914461,0.23316781978112114,0.5160265240274328,A
2098,pending,,0.15675242,0.2622639,0.5809837,0.1663575930529466,0.13890233510593947,0.694740071841114,A
2099,pending,,0.60380095,0.23568442,0.16051456,0.6333149610909697,0.20061297659101993,0.1660720623180104,H
2100,pending,,0.4353828,0.2729943,0.29162282,0.5074147936027288,0.21159569801667127,0.28098950838059994,H
2101,pending,,0.65196097,0.22897895,0.11906007,0.7083401546114204,0.20323994169947798,0.08841990368910158,H
2102,pending,,0.42727238,0.31476906,0.2579585,0.4861426256884765,0.23180458781725044,0.282052786494273,H
2103,pending,,0.5444065,0.2908694,0.16472408,0.5355989921518303,0.2354041988467937,0.22899680900137612,H
2104,pending,,0.37103283,0.2938378,0.33512938,0.3585570630499781,0.250866249091785,0.3905766878582369,H
2105,pending,,0.14618993,0.22914281,0.6246673,0.16961955972309303,0.16056326437656004,0.669817175900347,A
2106,pending,,0.6490836,0.21620145,0.1347149,0.7225956797491009,0.18409762595407037,0.0933066942968288,H
2107,pending,,0.69515836,0.19533195,0.109509714,0.8469251060325544,0.12373157613060932,0.029343317836836077,H
2108,pending,,0.5909759,0.25197512,0.157049,0.553100695117259,0.24163473217396814,0.20526457270877285,H
2109,pending,,0.27712235,0.33303526,0.3898424,0.310371260216105,0.25422929337857586,0.4353994464053192,A
2110,pending,,0.67528474,0.2026119,0.12210336,0.8448176135845219,0.1235025090049606,0.03167987741051754,H
2111,pending,,0.2343092,0.3126779,0.4530129,0.3166206923937011,0.19500966722386384,0.488369640382435,A
2112,pending,,0.5383591,0.27906775,0.1825732,0.5329681304432292,0.2561109402614309,0.21092092929533993,H
2113,pending,,0.37492654,0.30122015,0.32385334,0.4442973041732933,0.23140446246154736,0.3242982333651594,H
2114,pending,,0.22200228,0.33274373,0.44525397,0.3449810385983439,0.22643210606690659,0.4285868553347495,A
2115,pending,,0.16482843,0.3090222,0.5261494,0.20813258073665764,0.21697752239783483,0.5748898968655076,A
2116,pending,,0.31411964,0.2966767,0.38920364,0.40931247495523293,0.23822242697222093,0.35246509807254606,A
2117,pending,,0.40442047,0.29490662,0.30067292,0.5367287294620617,0.21971953710216988,0.24355173343576844,H
2118,pending,,0.2596072,0.28690937,0.45348337,0.3789716726583519,0.22753513061874042,0.3934931967229076,A
2119,pending,,0.5405176,0.27858597,0.18089636,0.534345330137187,0.24124641048727735,0.22440825937553577,H
2120,pending,,0.61613315,0.24508162,0.13878523,0.7400858114822104,0.1880951452282361,0.07181904328955348,H
2121,pending,,0.62437963,0.23475708,0.14086328,0.6227893702306223,0.2281400910229638,0.14907053874641396,H
2122,pending,,0.38861942,0.30390683,0.3074738,0.47526602437517723,0.23010983378890873,0.29462414183591396,H
2123,pending,,0.5586242,0.27665576,0.16472006,0.5792657339102394,0.2326205556867182,0.18811371040304245,H
2124,pending,,0.32568365,0.31809837,0.35621795,0.3940387907518797,0.24598552955460046,0.35997567969351985,A
2125,pending,,0.4725398,0.29347956,0.2339806,0.4907466816404735,0.2442070939294948,0.26504622443003156,H
2126,pending,,0.63683623,0.22697558,0.13618822,0.7090067323626471,0.1934276583417265,0.09756560929562627,H
2127,pending,,0.458318,0.3235155,0.21816652,0.6878725413974627,0.16538383068417517,0.14674362791836223,H
2128,pending,,0.37197444,0.31467888,0.3133467,0.4663647632259316,0.23158247245908847,0.30205276431497985,H
2129,pending,,0.2194413,0.3484832,0.43207547,0.2822303387054667,0.22908230636499693,0.4886873549295364,A
2130,pending,,0.5793607,0.2757746,0.14486468,0.7894500164979777,0.14089656735090986,0.06965341615111242,H
2131,pending,,0.62646556,0.24028091,0.13325353,0.6120573388073274,0.21848106502280062,0.1694615961698719,H
2132,pending,,0.476923,0.2810897,0.2419873,0.4724834064994323,0.24958066829955877,0.2779359252010089,H
2133,pending,,0.44083345,0.31082615,0.2483404,0.47975161718578996,0.24152483513964818,0.27872354767456187,H
2134,pending,,0.13701613,0.22508918,0.6378947,0.15507073707496738,0.1470821292597658,0.6978471336652667,A
2135,pending,,0.33608487,0.27851498,0.38540015,0.296359385413875,0.25954873984075094,0.44409187474537404,A
2136,pending,,0.2560932,0.31998837,0.42391843,0.3839216342653944,0.23012950808877614,0.38594885764582954,A
2137,pending,,0.5909009,0.24228255,0.16681649,0.6249495953690675,0.21336022708801278,0.16169017754291976,H
2138,pending,,0.33557442,0.28608602,0.3783396,0.40843423751784186,0.24180739864460177,0.34975836383755626,A
2139,pending,,0.28520516,0.33760053,0.3771943,0.3874595634765451,0.22523273655548318,0.38730769996797176,A
2140,pending,,0.5451576,0.2542684,0.20057404,0.5868427016529733,0.21973417940666184,0.19342311894036482,H
2141,pending,,0.16635302,0.33042616,0.5032208,0.2462680164251069,0.19809933788692433,0.5556326456879689,A
2142,pending,,0.26048955,0.31785047,0.42166,0.3756479223885078,0.23296738131228303,0.3913846962992092,A
2143,pending,,0.5040284,0.27761889,0.21835276,0.5285145032894697,0.23533283236599659,0.2361526643445337,H
2144,pending,,0.43240237,0.28934464,0.27825302,0.470839395960091,0.24938707154546905,0.2797735324944399,H
2145,pending,,0.41788742,0.3125118,0.26960075,0.4642526464791299,0.23779280421071944,0.29795454931015075,H
2146,pending,,0.11500715,0.19878137,0.68621147,0.04910021785577058,0.08590655993015238,0.8649932222140769,A
2147,pending,,0.525979,0.259962,0.21405905,0.60977936838746,0.21124894041333175,0.1789716911992083,H
2148,pending,,0.47356546,0.30577335,0.22066115,0.5145359025893341,0.2348061181278485,0.25065797928281747,H
2149,pending,,0.12781706,0.23564348,0.63653946,0.09271757394379464,0.12233075276749562,0.7849516732887099,A
2150,pending,,0.7159436,0.17058973,0.113466725,0.8592535739013174,0.11706575549699044,0.0236806706016922,H
2151,pending,,0.6452673,0.22937018,0.12536255,0.61060557864443,0.22788931520331734,0.16150510615225278,H
2152,pending,,0.60937124,0.2591431,0.13148558,0.6087833998191334,0.22742972147366722,0.16378687870719938,H
2153,pending,,0.64857125,0.22402148,0.12740727,0.6827285567198559,0.21223470673475758,0.10503673654538666,H
2154,pending,,0.5469316,0.30152693,0.15154141,0.6820849483016836,0.2137231562795425,0.10419189541877387,H
2155,pending,,0.24642214,0.27729747,0.47628042,0.34787582308920373,0.22508193385756464,0.42704224305323163,A
2156,pending,,0.6618712,0.21439451,0.123734266,0.7068809245134297,0.19033149539066233,0.10278758009590808,H
2157,pending,,0.686893,0.201664,0.111443006,0.8333639895057948,0.12935885467041774,0.03727715582378736,H
2158,pending,,0.21919087,0.32062355,0.4601856,0.3368862572351917,0.2276948154580066,0.43541892730680176,A
2159,pending,,0.43363816,0.30234754,0.26401427,0.46884731120135703,0.24885304062186295,0.2822996481767799,H
2160,pending,,0.5488517,0.270348,0.18080024,0.5900421577253769,0.2219639077990885,0.18799393447553453,H
2161,pending,,0.18003982,0.33753198,0.4824282,0.31721128308940916,0.2274938761283036,0.4552948407822874,A
2162,pending,,0.34297562,0.31334358,0.3436808,0.40936502865759794,0.23952219692985083,0.3511127744125513,A
2163,pending,,0.5042712,0.27025586,0.2254729,0.5361582192783019,0.24784271916938086,0.21599906155231727,H
2164,pending,,0.41085374,0.29767394,0.29147226,0.45758527364602763,0.2512694596110697,0.2911452667429026,H
2165,pending,,0.14269769,0.24479114,0.6125112,0.18115604462089657,0.16178171683617254,0.6570622385429309,A
2166,pending,,0.15013047,0.29979467,0.5500749,0.14373112741524507,0.1745232654617579,0.6817456071229971,A
2167,pending,,0.2347627,0.3144121,0.45082518,0.36655327710981983,0.19647193176127836,0.4369747911289018,A
2168,pending,,0.43050218,0.3157182,0.25377962,0.4831263881219782,0.23119502354634458,0.28567858833167714,H
2169,pending,,0.1644874,0.28860617,0.5469064,0.16278584741777613,0.17127787428303,0.6659362782991938,A
2170,pending,,0.6891841,0.19261242,0.11820345,0.8691411528858756,0.10850106089959405,0.022357786214530394,H
2171,pending,,0.602334,0.26453763,0.13312836,0.6879050984196698,0.20914683142245155,0.1029480701578785,H
2172,pending,,0.58000666,0.2617314,0.15826194,0.7193166337848599,0.20369282115397963,0.07699054506116053,H
2173,pending,,0.62756866,0.2347719,0.13765943,0.6350467762547576,0.21335729475470672,0.15159592899053573,H
2174,pending,,0.5916959,0.27276528,0.13553883,0.6142741354114544,0.2209934136511936,0.1647324509373521,H
2175,pending,,0.41780755,0.2977837,0.2844088,0.47258248835109135,0.23931091885021488,0.2881065927986938,H
2176,pending,,0.57597196,0.26531658,0.1587115,0.653446360978636,0.1951902441765561,0.151363394844808,H
2177,pending,,0.6731448,0.2108367,0.11601852,0.8506228674683112,0.1187644304009295,0.03061270213075937,H
2178,pending,,0.33502072,0.2646697,0.40030962,0.41811493842596736,0.22979318905002016,0.3520918725240125,A
2179,pending,,0.26398745,0.33231398,0.4036986,0.37315290247856553,0.21782951913062404,0.40901757839081043,A
2180,pending,,0.62563854,0.23467651,0.13968496,0.6217716824584769,0.2183472335768195,0.15988108396470357,H
2181,pending,,0.53776455,0.26517022,0.19706523,0.5513611870871626,0.2322771460562245,0.2163616668566128,H
2182,pending,,0.21275611,0.299704,0.48753986,0.24175188412487694,0.17588983927847554,0.5823582765966475,A
2183,pending,,0.13423416,0.22724457,0.63852125,0.12056024971086567,0.13493558101953482,0.7445041692695995,A
2184,pending,,0.43674096,0.2832397,0.28001937,0.448547720688088,0.25956485292232173,0.2918874263895903,H
2185,pending,,0.26362124,0.30754328,0.42883545,0.37203924707898894,0.2359851108840059,0.3919756420370051,A
2186,pending,,0.7023034,0.18113951,0.11655714,0.7994536962407652,0.16196000726426849,0.03858629649496635,H
2187,pending,,0.62568676,0.23413776,0.14017552,0.6371555459535198,0.21266990245203446,0.1501745515944458,H
2188,pending,,0.35560873,0.29719839,0.3471929,0.42166199384109215,0.24005341410410666,0.33828459205480116,H
2189,pending,,0.26416683,0.27724913,0.45858404,0.2883966824983929,0.2352794684285504,0.4763238490730566,A
2190,pending,,0.6611626,0.2195622,0.11927514,0.8539882617625023,0.1178565791496861,0.028155159087811715,H
2191,pending,,0.4588171,0.31258667,0.22859623,0.5166537157994718,0.2305323546620582,0.25281392953847,H
2192,pending,,0.6400168,0.21684483,0.14313833,0.6612294081764195,0.2188274430787207,0.11994314874485983,H
2193,pending,,0.5664272,0.28054407,0.15302874,0.5956337174918752,0.23157982287789994,0.17278645963022482,H
2194,pending,,0.18664755,0.33067477,0.4826777,0.2813047294025932,0.20584829968929316,0.5128469709081136,A
2195,pending,,0.3433521,0.30633423,0.3503137,0.41057220345003503,0.23579449992920062,0.3536332966207644,A
2196,pending,,0.19367136,0.32029113,0.48603746,0.22608818259072225,0.22636920828860244,0.5475426091206753,A
2197,pending,,0.6103544,0.25645882,0.1331868,0.807861375625894,0.13833193146723474,0.05380669290687131,H
2198,pending,,0.5078931,0.3068697,0.18523718,0.55241121455757,0.23409270204940563,0.21349608339302437,H
2199,pending,,0.23304401,0.3318755,0.43508047,0.3677130192874803,0.23043011202700636,0.4018568686855133,A
2200,pending,,0.4925201,0.2647673,0.24271265,0.5434918257008893,0.23368835977877983,0.2228198145203309,H
2201,pending,,0.2192159,0.33026356,0.45052052,0.26399533380091833,0.18505569181919754,0.5509489743798841,A
2202,pending,,0.5938649,0.25058764,0.15554744,0.5677748127336871,0.24308756258454575,0.18913762468176717,H
2203,pending,,0.12880687,0.2644863,0.6067068,0.11223634675727147,0.13315255799556627,0.7546110952471623,A
2204,pending,,0.32993558,0.32330403,0.34676042,0.37477185548802905,0.24344676589388514,0.3817813786180858,A
2205,pending,,0.43295366,0.27657244,0.29047394,0.45629825901395343,0.2590805818230492,0.2846211591629972,H
2206,pending,,0.64446014,0.23592898,0.119610876,0.6734704365291895,0.20660492510127054,0.11992463836953988,H
2207,pending,,0.62641495,0.24759533,0.12598976,0.6359930662793092,0.21224276825547217,0.15176416546521854,H
2208,pending,,0.5130109,0.3349246,0.15206447,0.6060080943838632,0.24095805251608227,0.15303385310005463,H
2209,pending,,0.1779507,0.33845434,0.48359492,0.22962547198956532,0.22252479817239657,0.5478497298380381,A
2210,pending,,0.61437815,0.25216758,0.13345425,0.8225938780232848,0.1318911721728378,0.04551494980387727,H
2211,pending,,0.55697936,0.28369102,0.15932965,0.5823482199262797,0.22594875164294626,0.19170302843077394,H
2212,pending,,0.53379107,0.26689646,0.1993125,0.5705909111393851,0.2261187261952412,0.20329036266537368,H
2213,pending,,0.37161657,0.30407244,0.32431102,0.4426360149929958,0.2346552539585796,0.3227087310484246,H
2214,pending,,0.33950064,0.31475988,0.34573954,0.44132268630535854,0.2495889432381129,0.3090883704565285,A
2215,pending,,0.5076678,0.28574577,0.20658647,0.5308077256816208,0.25497714688873657,0.21421512742964258,H
2216,pending,,0.12463212,0.21584389,0.659524,0.12250108040290311,0.15811149882205744,0.7193874207750395,A
2217,pending,,0.69186866,0.18523073,0.122900575,0.8623527358836546,0.11460770368031648,0.023039560436028974,H
2218,pending,,0.5703331,0.28894833,0.14071852,0.6398867389111617,0.22918215977238546,0.13093110131645286,H
2219,pending,,0.18968353,0.33403835,0.4762781,0.30684898475228195,0.21449130979951947,0.4786597054481985,A
2220,pending,,0.63908476,0.22029757,0.14061767,0.6645826802619765,0.2081241047170111,0.12729321502101246,H
2221,pending,,0.22861089,0.3206584,0.45073068,0.29622329217128573,0.1935954236765534,0.5101812841521608,A
2222,pending,,0.574061,0.264622,0.16131698,0.586274074322165,0.22269948507437898,0.19102644060345597,H
2223,pending,,0.21464674,0.325138,0.4602152,0.2541147972279675,0.17651285222048876,0.5693723505515438,A
2224,pending,,0.38935512,0.3139911,0.29665384,0.44301885515626144,0.23993398294325077,0.3170471619004878,H
2225,pending,,0.19177881,0.33160663,0.4766145,0.2995900271682852,0.20874612632302847,0.4916638465086862,A
2226,pending,,0.63203704,0.22312406,0.1448389,0.6858468400744846,0.202886146001107,0.11126701392440838,H
2227,pending,,0.5578115,0.2754531,0.1667354,0.6875105015380562,0.22024864990326487,0.0922408485586789,H
2228,pending,,0.39816108,0.32246593,0.27937302,0.4546476585098047,0.24516766995573905,0.3001846715344563,H
2229,pending,,0.22648954,0.33671144,0.43679902,0.3004801122922901,0.23824780465824585,0.461272083049464,A
2230,pending,,0.68946624,0.18827762,0.12225615,0.8853497324345518,0.10021676071357667,0.014433506851871584,H
2231,pending,,0.6297756,0.2321113,0.13811308,0.6230243931804702,0.2213790416729549,0.15559656514657474,H
2232,pending,,0.17765094,0.3461402,0.47620884,0.27418423975598905,0.21325652876492754,0.5125592314790834,A
2233,pending,,0.2215593,0.36762804,0.4108127,0.34669131089443866,0.2364742563632385,0.4168344327423229,A
2234,pending,,0.33424428,0.27181688,0.3939388,0.4060205390729992,0.2338755815058885,0.3601038794211123,A
2235,pending,,0.27390307,0.31804845,0.4080485,0.3931673692183856,0.2327974865944048,0.3740351441872097,A
2236,pending,,0.16885865,0.29876074,0.53238064,0.2104280559690753,0.21821899296074468,0.57135295107018,A
2237,pending,,0.62508833,0.23173738,0.14317434,0.6690701564304187,0.19247841664247442,0.13845142692710694,H
2238,pending,,0.66292226,0.21593687,0.12114088,0.8316165340466268,0.1292011602680136,0.03918230568535975,H
2239,pending,,0.3715699,0.32141837,0.30701172,0.46962834547947985,0.24949676653082495,0.28087488798969507,H
2240,pending,,0.38693562,0.31260195,0.3004624,0.48035057792297997,0.22299654747511136,0.29665287460190876,H
2241,pending,,0.37969762,0.31851062,0.3017918,0.4976137672721823,0.23150405144775774,0.27088218128006003,H
2242,pending,,0.6100135,0.24225406,0.14773248,0.6090176611027603,0.22307411681620587,0.1679082220810338,H
2243,pending,,0.4826388,0.2931945,0.22416674,0.5130920732008276,0.23789581080123878,0.24901211599793363,H
2244,pending,,0.5165409,0.29591072,0.18754843,0.5920497162839823,0.2447461341044843,0.16320414961153337,H
2245,pending,,0.13701613,0.22508918,0.6378947,0.16376059124824582,0.14947802903685387,0.6867613797149003,A
2246,pending,,0.59830505,0.26561975,0.13607515,0.789257867627349,0.14485286882001844,0.06588926355263255,H
2247,pending,,0.590714,0.2652658,0.14402026,0.586102011018185,0.23063280722773777,0.1832651817540771,H
2248,pending,,0.44966936,0.281875,0.26845562,0.4847714215649816,0.2448687910893191,0.27035978734569927,H
2249,pending,,0.17588644,0.2730795,0.55103403,0.23753160542489857,0.20843020918505162,0.5540381853900498,A
2250,pending,,0.6756209,0.20492297,0.11945608,0.8581444361200187,0.11476774397489102,0.027087819905090356,H
2251,pending,,0.543561,0.27547055,0.18096851,0.6037093247023719,0.22223803678345588,0.17405263851417224,H
2252,pending,,0.49204138,0.30881727,0.19914138,0.5532701215611833,0.23400600296865084,0.21272387547016602,H
2253,pending,,0.45587862,0.35162225,0.19249909,0.4872435575229765,0.2566770548516158,0.2560793876254077,H
2254,pending,,0.23444988,0.35590312,0.40964696,0.35855841973963576,0.23938577576211195,0.4020558044982522,A
2255,pending,,0.43799147,0.28534165,0.27666688,0.4825867785048879,0.24376519743669675,0.2736480240584154,H
2256,pending,,0.11368662,0.20469098,0.68162245,0.048858910272827974,0.08765506610970966,0.8634860236174623,A
2257,pending,,0.60557735,0.25544497,0.1389777,0.6705136144969668,0.1958960921614431,0.13359029334158995,H
2258,pending,,0.6143592,0.23282173,0.15281908,0.6674166844718731,0.20427588053646456,0.12830743499166228,H
2259,pending,,0.35013136,0.30890045,0.34096816,0.4290479028309497,0.23989835761531672,0.3310537395537335,H
2260,pending,,0.49884954,0.27559245,0.22555804,0.5391116377044881,0.22651251985150617,0.23437584244400567,H
2261,pending,,0.5784505,0.27055016,0.15099938,0.5767541965727532,0.22765273374683265,0.19559306968041407,H
2262,pending,,0.3408121,0.287166,0.3720219,0.46922356511800173,0.2255166848334234,0.3052597500485748,A
2263,pending,,0.17353821,0.22454494,0.60191685,0.20068357310443655,0.16386093379580777,0.6354554930997556,A
2264,pending,,0.4803707,0.26643568,0.25319362,0.48391879879855815,0.24944634953574576,0.26663485166569617,H
2265,pending,,0.40673143,0.30596906,0.28729948,0.44113867989422856,0.23983428450242394,0.31902703560334744,H
2266,pending,,0.60002965,0.26282954,0.13714078,0.812610978981891,0.13509002142042792,0.052298999597680924,H
2267,pending,,0.5993001,0.2452577,0.15544222,0.5731453375439891,0.23755518314100485,0.18929947931500601,H
2268,pending,,0.5830846,0.242378,0.17453744,0.6194780494860912,0.24807143176236515,0.13245051875154368,H
2269,pending,,0.1784927,0.32147378,0.50003356,0.19854524454229117,0.19754798987092925,0.6039067655867796,A
2270,pending,,0.6219374,0.24166632,0.13639627,0.827444134938045,0.1298573217951648,0.042698543266790116,H
2271,pending,,0.6124845,0.24450696,0.14300853,0.7073393107604958,0.20151327728274238,0.09114741195676179,H
2272,pending,,0.44371107,0.33201796,0.22427098,0.5086617056729515,0.23075479348771522,0.2605835008393332,H
2273,pending,,0.34302738,0.3449574,0.31201518,0.41716537793685005,0.2610095032185691,0.32182511884458087,D
2274,pending,,0.40999395,0.30528474,0.28472134,0.4279462827366083,0.24318485331682343,0.3288688639465683,H
2275,pending,,0.34705076,0.26863906,0.38431013,0.4112660463099019,0.23064758128222737,0.3580863724078707,A
2276,pending,,0.16296706,0.29230598,0.5447269,0.18254752070279728,0.1989955297327618,0.6184569495644409,A
2277,pending,,0.62434417,0.2420295,0.13362631,0.668280433289197,0.19872952808642322,0.13299003862437975,H
2278,pending,,0.6307563,0.22207378,0.14716987,0.6778593727510327,0.20343839316865764,0.11870223408030976,H
2279,pending,,0.15474781,0.23959555,0.6056566,0.1915777020919281,0.16114085247163037,0.6472814454364415,A
